2026-08-30 16:34:48 [INFO] db: SQLiteデータベースを初期化しました: jarvis.db
2026-08-30 16:38:12 [INFO] db: SQLiteデータベースを初期化しました: jarvis.db
2026-08-30 16:38:40 [INFO] db: SQLiteデータベースを初期化しました: jarvis.db
2026-08-30 16:42:43 [INFO] __main__: タスクスケジューラに登録します: schtasks /create /tn JarvisCore /tr "C:\Users\kouki\AppData\Local\Python\pythoncore-3.14-64\pythonw.exe" "C:\Users\kouki\Downloads\j\jarvis_core.py" /sc onlogon /rl limited /f
2026-08-30 16:42:43 [ERROR] __main__: 登録に失敗しました: エラー: アクセスが拒否されました。
2026-08-30 16:59:42 [INFO] __main__: タスクスケジューラに登録します: schtasks /create /tn JarvisCore /tr "C:\Users\kouki\AppData\Local\Python\pythoncore-3.14-64\pythonw.exe" "C:\Users\kouki\Downloads\j\jarvis_core.py" /sc onlogon /rl limited /f
2026-08-30 16:59:42 [ERROR] __main__: 登録に失敗しました: エラー: アクセスが拒否されました。
2026-08-30 17:01:21 [INFO] __main__: タスクスケジューラに登録します: schtasks /create /tn JarvisCore /tr "C:\Users\kouki\AppData\Local\Python\pythoncore-3.14-64\pythonw.exe" "C:\Users\kouki\Downloads\j\jarvis_core.py" /sc onlogon /rl limited /f
2026-08-30 17:01:21 [INFO] __main__: 登録に成功しました。次回ログイン時からJarvis Coreが自動起動します。
2026-08-30 17:01:43 [INFO] __main__: タスクスケジューラに登録します: schtasks /create /tn JarvisCore /tr "C:\Users\kouki\AppData\Local\Python\pythoncore-3.14-64\pythonw.exe" "C:\Users\kouki\Downloads\j\jarvis_core.py" /sc onlogon /rl limited /f
2026-08-30 17:01:43 [ERROR] __main__: 登録に失敗しました: エラー: アクセスが拒否されました。
2026-08-30 17:12:31 [INFO] __main__: タスクスケジューラに登録します: schtasks /create /tn JarvisCore /tr C:\Users\kouki\Downloads\j\_jarvis_core_launcher.bat /sc onlogon /rl limited /f
2026-08-30 17:12:31 [INFO] __main__: 登録に成功しました。次回ログイン時からJarvis Coreが自動起動します。
2026-08-30 17:15:46 [INFO] db: SQLiteデータベースを初期化しました: jarvis.db
2026-08-30 17:18:14 [INFO] db: SQLiteデータベースを初期化しました: jarvis.db
2026-08-30 17:23:37 [INFO] db: SQLiteデータベースを初期化しました: jarvis.db
2026-08-30 21:42:55 [INFO] db: SQLiteデータベースを初期化しました: jarvis.db
2026-08-30 21:43:47 [INFO] tools: メモを追加しました（memo_1）: 2026年08月31日(月) 15:00 ランチ
2026-08-30 21:54:22 [INFO] llm_client: 完全一致キャッシュにヒットしたため、API呼び出しをスキップしました。
2026-08-30 21:54:23 [INFO] memory_store: 同一内容の記憶がすでに存在するため、保存をスキップしました。
2026-08-30 21:56:15 [INFO] db: SQLiteデータベースを初期化しました: jarvis.db
2026-08-30 21:57:27 [INFO] tools: メモを追加しました（memo_2）: 卵を買う
2026-08-30 21:57:27 [INFO] llm_client: ツール呼び出し: add_memo({'text': '卵を買う'}) → メモを保存しました（ID: memo_2）: 卵を買う
2026-08-30 22:29:13 [INFO] db: SQLiteデータベースを初期化しました: jarvis.db
2026-08-30 22:30:27 [INFO] llm_client: 完全一致キャッシュにヒットしたため、API呼び出しをスキップしました。
2026-08-30 22:31:11 [INFO] tools: メモを追加しました（memo_3）: 牛乳を買う
2026-08-30 22:31:11 [INFO] llm_client: ツール呼び出し: add_memo({'text': '牛乳を買う'}) → メモを保存しました（ID: memo_3）: 牛乳を買う
2026-08-31 11:24:59 [INFO] db: SQLiteデータベースを初期化しました: jarvis.db
2026-08-31 14:00:21 [INFO] llm_client: 完全一致キャッシュにヒットしたため、API呼び出しをスキップしました。
2026-08-31 14:01:18 [INFO] llm_client: 完全一致キャッシュにヒットしたため、API呼び出しをスキップしました。
2026-08-31 14:09:09 [INFO] db: SQLiteデータベースを初期化しました: jarvis.db
2026-08-31 23:19:05 [INFO] db: SQLiteデータベースを初期化しました: jarvis.db
2026-08-31 23:19:52 [INFO] llm_client: 完全一致キャッシュにヒットしたため、API呼び出しをスキップしました。
2026-08-31 23:20:06 [INFO] llm_client: 完全一致キャッシュにヒットしたため、API呼び出しをスキップしました。
2026-08-31 23:56:50 [INFO] db: SQLiteデータベースを初期化しました: jarvis.db
2026-09-01 00:33:12 [INFO] env_validation: 環境変数チェック完了: すべての必須変数が設定されています。
2026-09-01 00:33:12 [INFO] db: SQLiteデータベースを初期化しました: C:\Users\kouki\Downloads\j\jarvis.db
2026-09-01 00:34:09 [INFO] llm_client: ツール呼び出し: get_current_datetime({}) → 2026年09月01日（火）00:34
2026-09-01 00:34:11 [INFO] tools: メモを追加しました（memo_4）: 2026年09月02日(水) 15:00 B会議室を予約
2026-09-01 00:34:11 [INFO] llm_client: ツール呼び出し: add_memo({'text': '2026年09月02日(水) 15:00 B会議室を予約'}) → メモを保存しました（ID: memo_4）: 2026年09月02日(水) 15:00 B会議室を予約
2026-09-01 00:34:13 [INFO] __main__: ツール使用（['get_current_datetime', 'add_memo']）のため、長期記憶への保存をスキップします。
2026-09-05 22:54:43 [INFO] env_validation: 環境変数チェック完了: すべての必須変数が設定されています。
2026-09-05 22:54:43 [INFO] db: SQLiteデータベースを初期化しました: C:\Users\kouki\Downloads\j\jarvis.db
2026-09-05 22:59:57 [INFO] llm_client: ツール呼び出し: get_current_datetime({}) → 2026年09月05日（土）22:59
2026-09-05 22:59:58 [INFO] tools: メモを追加しました（memo_5）: 2026年09月06日(日) 10:00 会議
2026-09-05 22:59:58 [INFO] llm_client: ツール呼び出し: add_memo({'text': '2026年09月06日(日) 10:00 会議'}) → メモを保存しました（ID: memo_5）: 2026年09月06日(日) 10:00 会議
2026-09-05 23:00:01 [INFO] __main__: ツール使用（['get_current_datetime', 'add_memo']）のため、長期記憶への保存をスキップします。
2026-09-05 23:19:27 [INFO] env_validation: 環境変数チェック完了: すべての必須変数が設定されています。
2026-09-05 23:19:27 [INFO] db: SQLiteデータベースを初期化しました: C:\Users\kouki\Downloads\j\jarvis.db
2026-09-05 23:21:15 [INFO] memory_store: チャット長期記憶をリセットしました: 4件
2026-09-05 23:45:42 [INFO] env_validation: 環境変数チェック完了: すべての必須変数が設定されています。
2026-09-05 23:45:42 [INFO] db: SQLiteデータベースを初期化しました: C:\Users\kouki\Downloads\j\jarvis.db
2026-09-05 23:46:38 [INFO] tools: メモを追加しました（memo_6）: 卵を買う
2026-09-05 23:46:38 [INFO] llm_client: ツール呼び出し: add_memo({'text': '卵を買う'}) → メモを保存しました（ID: memo_6）: 卵を買う
2026-09-05 23:46:41 [INFO] __main__: ツール使用（['add_memo']）のため、長期記憶への保存をスキップします。
2026-09-06 20:37:56 [INFO] env_validation: 環境変数チェック完了: すべての必須変数が設定されています。
2026-09-06 20:37:56 [INFO] db: SQLiteデータベースを初期化しました: C:\Users\kouki\Downloads\j\jarvis.db
2026-09-06 20:39:07 [INFO] __main__: ツール使用（['get_current_datetime']）のため、長期記憶への保存をスキップします。
2026-09-06 20:39:49 [INFO] llm_client: ツール呼び出し: get_current_datetime({}) → 2026年09月06日（日）20:39
2026-09-06 20:39:52 [INFO] __main__: ツール使用（['get_current_datetime']）のため、長期記憶への保存をスキップします。
2026-09-06 20:41:51 [INFO] llm_client: ツール呼び出し: get_current_datetime({}) → 2026年09月06日（日）20:41
2026-09-06 20:41:54 [INFO] __main__: ツール使用（['get_current_datetime']）のため、長期記憶への保存をスキップします。
2026-09-06 20:43:19 [INFO] llm_client: ツール呼び出し: get_current_datetime({}) → 2026年09月06日（日）20:43
2026-09-06 20:43:21 [INFO] tools: メモを追加しました（memo_7）: 2026年09月07日(月) 12:00 卵を買う
2026-09-06 20:43:21 [INFO] llm_client: ツール呼び出し: add_memo({'text': '2026年09月07日(月) 12:00 卵を買う'}) → メモを保存しました（ID: memo_7）: 2026年09月07日(月) 12:00 卵を買う
2026-09-06 20:43:23 [INFO] __main__: ツール使用（['get_current_datetime', 'add_memo']）のため、長期記憶への保存をスキップします。
2026-09-06 20:44:09 [INFO] llm_client: ツール呼び出し: search_memos({'query': 'あした'}) → 「あした」に該当するメモはありません。
2026-09-06 20:44:12 [INFO] __main__: ツール使用（['search_memos']）のため、長期記憶への保存をスキップします。
2026-09-06 20:44:30 [INFO] llm_client: ツール呼び出し: get_current_datetime({}) → 2026年09月06日（日）20:44
2026-09-06 20:44:33 [INFO] __main__: ツール使用（['get_current_datetime']）のため、長期記憶への保存をスキップします。
2026-09-06 20:45:59 [INFO] tools: メモ一覧を取得しました（7件）
2026-09-06 20:45:59 [INFO] llm_client: ツール呼び出し: list_memos({}) → ・ [memo_1] 2026年08月31日(月) 15:00 ランチ
・ [memo_2] 卵を買う
・ [memo_3] 牛乳を買う
・ [memo_4] 2026年09月02日(水) 15:00 B会議室を予約
・ [memo_5] 2026年09月06日(日) 10:00 会議
・ [memo_6] 卵を買う
・ [memo_7] 2026年09月07日(月) 12:00 卵を買う
2026-09-06 20:46:02 [INFO] __main__: ツール使用（['list_memos']）のため、長期記憶への保存をスキップします。
2026-09-07 17:24:20 [ERROR] llm_client: Gemini APIが空のレスポンスを返しました。
2026-09-07 17:24:21 [INFO] db: SQLiteデータベースを初期化しました: C:\Users\kouki\AppData\Local\Temp\pytest-of-kouki\pytest-33\test_get_memos_returns_structu0\core_api.db
2026-09-07 17:24:21 [INFO] tools: メモを追加しました（memo_1）: APIから確認するメモ
2026-09-07 17:24:21 [INFO] db: SQLiteデータベースを初期化しました: C:\Users\kouki\AppData\Local\Temp\pytest-of-kouki\pytest-33\test_delete_normal_memo_return0\core_api.db
2026-09-07 17:24:21 [INFO] db: SQLiteデータベースを初期化しました: C:\Users\kouki\AppData\Local\Temp\pytest-of-kouki\pytest-33\test_delete_all_normal_memos_r0\core_api.db
2026-09-07 17:24:21 [INFO] tools: メモを追加しました（memo_1）: 削除対象1
2026-09-07 17:24:21 [INFO] tools: メモを追加しました（memo_2）: 削除対象2
2026-09-07 17:24:21 [INFO] tools: 通常メモを全削除しました: 2件
2026-09-07 17:24:21 [INFO] db: SQLiteデータベースを初期化しました: C:\Users\kouki\AppData\Local\Temp\pytest-of-kouki\pytest-33\test_rag_pdf_upload_simulation0\test_jarvis.db
2026-09-07 17:24:21 [INFO] db: SQLiteデータベースを初期化しました: C:\Users\kouki\AppData\Local\Temp\pytest-of-kouki\pytest-33\test_rag_embedding_and_storage0\test_jarvis.db
2026-09-07 17:24:21 [INFO] db: SQLiteデータベースを初期化しました: C:\Users\kouki\AppData\Local\Temp\pytest-of-kouki\pytest-33\test_rag_similarity_search_and0\test_jarvis.db
2026-09-07 17:24:22 [INFO] db: SQLiteデータベースを初期化しました: C:\Users\kouki\AppData\Local\Temp\pytest-of-kouki\pytest-33\test_rag_document_ranking_by_s0\test_jarvis.db
2026-09-07 17:24:22 [INFO] db: SQLiteデータベースを初期化しました: C:\Users\kouki\AppData\Local\Temp\pytest-of-kouki\pytest-33\test_chat_single_turn_flow0\test_jarvis.db
2026-09-07 17:24:22 [INFO] db: SQLiteデータベースを初期化しました: C:\Users\kouki\AppData\Local\Temp\pytest-of-kouki\pytest-33\test_chat_multi_turn_conversat0\test_jarvis.db
2026-09-07 17:24:22 [INFO] db: SQLiteデータベースを初期化しました: C:\Users\kouki\AppData\Local\Temp\pytest-of-kouki\pytest-33\test_chat_tool_invocation_memo0\test_jarvis.db
2026-09-07 17:24:22 [INFO] tools: メモを追加しました（memo_1）: Meeting with John at 3 PM on August 28
2026-09-07 17:24:22 [INFO] tools: メモ一覧を取得しました（1件）
2026-09-07 17:24:22 [INFO] db: SQLiteデータベースを初期化しました: C:\Users\kouki\AppData\Local\Temp\pytest-of-kouki\pytest-33\test_memo_add_and_list0\test_jarvis.db
2026-09-07 17:24:22 [INFO] tools: メモを追加しました（memo_1）: Buy groceries
2026-09-07 17:24:22 [INFO] tools: メモを追加しました（memo_2）: Call dentist
2026-09-07 17:24:22 [INFO] tools: メモ一覧を取得しました（2件）
2026-09-07 17:24:22 [INFO] db: SQLiteデータベースを初期化しました: C:\Users\kouki\AppData\Local\Temp\pytest-of-kouki\pytest-33\test_memo_search_functionality0\test_jarvis.db
2026-09-07 17:24:22 [INFO] tools: メモを追加しました（memo_1）: Dentist appointment on Friday
2026-09-07 17:24:22 [INFO] tools: メモを追加しました（memo_2）: Coffee meeting Monday
2026-09-07 17:24:22 [INFO] tools: メモを追加しました（memo_3）: Doctor checkup Wednesday
2026-09-07 17:24:22 [INFO] tools: メモを検索しました（キーワード: dentist、結果: 1件）
2026-09-07 17:24:22 [INFO] db: SQLiteデータベースを初期化しました: C:\Users\kouki\AppData\Local\Temp\pytest-of-kouki\pytest-33\test_memo_mark_done0\test_jarvis.db
2026-09-07 17:24:22 [INFO] tools: メモを追加しました（memo_1）: Complete project report
2026-09-07 17:24:22 [INFO] tools: メモ一覧を取得しました（1件）
2026-09-07 17:24:22 [INFO] tools: メモを完了状態にしました（memo_1）
2026-09-07 17:24:22 [INFO] tools: メモ一覧を取得しました（1件）
2026-09-07 17:24:22 [INFO] db: SQLiteデータベースを初期化しました: C:\Users\kouki\AppData\Local\Temp\pytest-of-kouki\pytest-33\test_memo_concurrent_add_opera0\test_jarvis.db
2026-09-07 17:24:22 [INFO] tools: メモを追加しました（memo_1）: Memo 0
2026-09-07 17:24:22 [INFO] tools: メモを追加しました（memo_2）: Memo 1
2026-09-07 17:24:22 [INFO] tools: メモを追加しました（memo_3）: Memo 2
2026-09-07 17:24:22 [INFO] tools: メモを追加しました（memo_4）: Memo 3
2026-09-07 17:24:22 [INFO] tools: メモを追加しました（memo_5）: Memo 4
2026-09-07 17:24:22 [INFO] tools: メモを追加しました（memo_6）: Memo 5
2026-09-07 17:24:22 [INFO] tools: メモを追加しました（memo_7）: Memo 6
2026-09-07 17:24:22 [INFO] tools: メモを追加しました（memo_8）: Memo 7
2026-09-07 17:24:23 [INFO] tools: メモを追加しました（memo_9）: Memo 8
2026-09-07 17:24:23 [INFO] tools: メモを追加しました（memo_10）: Memo 9
2026-09-07 17:24:23 [INFO] tools: メモ一覧を取得しました（10件）
2026-09-07 17:24:23 [INFO] db: SQLiteデータベースを初期化しました: C:\Users\kouki\AppData\Local\Temp\pytest-of-kouki\pytest-33\test_memo_validation_rejects_t0\test_jarvis.db
2026-09-07 17:24:23 [WARNING] tools: ⚠️ 時刻関連クエリがメモとして渡された可能性があります。正常な呼び出しか確認してください: '何時？'
2026-09-07 17:24:23 [INFO] db: SQLiteデータベースを初期化しました: C:\Users\kouki\AppData\Local\Temp\pytest-of-kouki\pytest-33\test_chat_session_create_and_r0\test_jarvis.db
2026-09-07 17:24:23 [INFO] db: SQLiteデータベースを初期化しました: C:\Users\kouki\AppData\Local\Temp\pytest-of-kouki\pytest-33\test_chat_session_persistence_0\test_jarvis.db
2026-09-07 17:24:23 [INFO] db: SQLiteデータベースを初期化しました: C:\Users\kouki\AppData\Local\Temp\pytest-of-kouki\pytest-33\test_chat_session_multiple_ses0\test_jarvis.db
2026-09-07 17:24:23 [INFO] db: SQLiteデータベースを初期化しました: C:\Users\kouki\AppData\Local\Temp\pytest-of-kouki\pytest-33\test_chat_session_history_buil0\test_jarvis.db
2026-09-07 17:24:23 [INFO] db: SQLiteデータベースを初期化しました: C:\Users\kouki\AppData\Local\Temp\pytest-of-kouki\pytest-33\test_error_database_connection0\test_jarvis.db
2026-09-07 17:24:23 [INFO] db: SQLiteデータベースを初期化しました: C:\Users\kouki\AppData\Local\Temp\pytest-of-kouki\pytest-33\test_error_invalid_memo_text0\test_jarvis.db
2026-09-07 17:24:23 [WARNING] tools: add_memo: バリデーション失敗: メモのテキストが空です。内容を指定してください。
2026-09-07 17:24:23 [WARNING] tools: add_memo: バリデーション失敗: メモのテキストが短すぎます（最小2文字）: ''
2026-09-07 17:24:23 [WARNING] tools: add_memo: バリデーション失敗: メモのテキストが短すぎます（最小2文字）: 'a'
2026-09-07 17:24:23 [INFO] db: SQLiteデータベースを初期化しました: C:\Users\kouki\AppData\Local\Temp\pytest-of-kouki\pytest-33\test_error_malformed_chat_data0\test_jarvis.db
2026-09-07 17:24:23 [INFO] db: SQLiteデータベースを初期化しました: C:\Users\kouki\AppData\Local\Temp\pytest-of-kouki\pytest-33\test_error_gemini_api_failure_0\test_jarvis.db
2026-09-07 17:24:23 [INFO] db: SQLiteデータベースを初期化しました: C:\Users\kouki\AppData\Local\Temp\pytest-of-kouki\pytest-33\test_error_search_with_invalid0\test_jarvis.db
2026-09-07 17:24:23 [INFO] tools: メモを追加しました（memo_1）: Test memo
2026-09-07 17:24:23 [WARNING] tools: 検索キーワードに疑わしい文字が含まれています: "'; DROP TABLE memos; --"
2026-09-07 17:24:23 [WARNING] tools: 検索キーワードに疑わしい文字が含まれています: '% OR 1=1 --'
2026-09-07 17:24:23 [INFO] tools: メモを検索しました（キーワード:  null byte、結果: 1件）
2026-09-07 17:24:24 [INFO] db: SQLiteデータベースを初期化しました: C:\Users\kouki\AppData\Local\Temp\pytest-of-kouki\pytest-33\test_scenario_complete_memo_wo0\test_jarvis.db
2026-09-07 17:24:24 [INFO] tools: メモを追加しました（memo_1）: Prepare presentation for meeting
2026-09-07 17:24:24 [INFO] tools: メモを追加しました（memo_2）: Review pull requests
2026-09-07 17:24:24 [INFO] tools: メモを追加しました（memo_3）: Update project documentation
2026-09-07 17:24:24 [INFO] tools: メモを追加しました（memo_4）: Schedule team sync
2026-09-07 17:24:24 [INFO] tools: メモ一覧を取得しました（4件）
2026-09-07 17:24:24 [INFO] tools: メモを検索しました（キーワード: presentation、結果: 1件）
2026-09-07 17:24:24 [INFO] tools: メモを完了状態にしました（memo_1）
2026-09-07 17:24:24 [INFO] tools: メモ一覧を取得しました（4件）
2026-09-07 17:24:24 [INFO] db: SQLiteデータベースを初期化しました: C:\Users\kouki\AppData\Local\Temp\pytest-of-kouki\pytest-33\test_scenario_multi_turn_chat_0\test_jarvis.db
2026-09-07 17:24:24 [INFO] tools: メモを追加しました（memo_1）: Remind me to call John tomorrow
2026-09-07 17:24:24 [INFO] tools: メモを追加しました（memo_2）: Add a memo: prepare slides for presentation
2026-09-07 17:24:24 [INFO] tools: メモを追加しました（memo_3）: What memos do I have?
2026-09-07 17:24:24 [INFO] tools: メモ一覧を取得しました（3件）
2026-09-07 17:24:24 [INFO] db: SQLiteデータベースを初期化しました: C:\Users\kouki\AppData\Local\Temp\pytest-of-kouki\pytest-33\test_scenario_rag_search_in_ch0\test_jarvis.db
2026-09-07 17:24:24 [INFO] db: SQLiteデータベースを初期化しました: C:\Users\kouki\AppData\Local\Temp\pytest-of-kouki\pytest-33\test_large_memo_list_handling0\test_jarvis.db
2026-09-07 17:24:24 [INFO] tools: メモを追加しました（memo_1）: Memo item 0
2026-09-07 17:24:24 [INFO] tools: メモを追加しました（memo_2）: Memo item 1
2026-09-07 17:24:24 [INFO] tools: メモを追加しました（memo_3）: Memo item 2
2026-09-07 17:24:24 [INFO] tools: メモを追加しました（memo_4）: Memo item 3
2026-09-07 17:24:24 [INFO] tools: メモを追加しました（memo_5）: Memo item 4
2026-09-07 17:24:24 [INFO] tools: メモを追加しました（memo_6）: Memo item 5
2026-09-07 17:24:24 [INFO] tools: メモを追加しました（memo_7）: Memo item 6
2026-09-07 17:24:24 [INFO] tools: メモを追加しました（memo_8）: Memo item 7
2026-09-07 17:24:24 [INFO] tools: メモを追加しました（memo_9）: Memo item 8
2026-09-07 17:24:24 [INFO] tools: メモを追加しました（memo_10）: Memo item 9
2026-09-07 17:24:24 [INFO] tools: メモを追加しました（memo_11）: Memo item 10
2026-09-07 17:24:24 [INFO] tools: メモを追加しました（memo_12）: Memo item 11
2026-09-07 17:24:24 [INFO] tools: メモを追加しました（memo_13）: Memo item 12
2026-09-07 17:24:24 [INFO] tools: メモを追加しました（memo_14）: Memo item 13
2026-09-07 17:24:24 [INFO] tools: メモを追加しました（memo_15）: Memo item 14
2026-09-07 17:24:24 [INFO] tools: メモを追加しました（memo_16）: Memo item 15
2026-09-07 17:24:24 [INFO] tools: メモを追加しました（memo_17）: Memo item 16
2026-09-07 17:24:24 [INFO] tools: メモを追加しました（memo_18）: Memo item 17
2026-09-07 17:24:24 [INFO] tools: メモを追加しました（memo_19）: Memo item 18
2026-09-07 17:24:24 [INFO] tools: メモを追加しました（memo_20）: Memo item 19
2026-09-07 17:24:24 [INFO] tools: メモを追加しました（memo_21）: Memo item 20
2026-09-07 17:24:24 [INFO] tools: メモを追加しました（memo_22）: Memo item 21
2026-09-07 17:24:24 [INFO] tools: メモを追加しました（memo_23）: Memo item 22
2026-09-07 17:24:24 [INFO] tools: メモを追加しました（memo_24）: Memo item 23
2026-09-07 17:24:24 [INFO] tools: メモを追加しました（memo_25）: Memo item 24
2026-09-07 17:24:24 [INFO] tools: メモを追加しました（memo_26）: Memo item 25
2026-09-07 17:24:24 [INFO] tools: メモを追加しました（memo_27）: Memo item 26
2026-09-07 17:24:24 [INFO] tools: メモを追加しました（memo_28）: Memo item 27
2026-09-07 17:24:24 [INFO] tools: メモを追加しました（memo_29）: Memo item 28
2026-09-07 17:24:24 [INFO] tools: メモを追加しました（memo_30）: Memo item 29
2026-09-07 17:24:25 [INFO] tools: メモを追加しました（memo_31）: Memo item 30
2026-09-07 17:24:25 [INFO] tools: メモを追加しました（memo_32）: Memo item 31
2026-09-07 17:24:25 [INFO] tools: メモを追加しました（memo_33）: Memo item 32
2026-09-07 17:24:25 [INFO] tools: メモを追加しました（memo_34）: Memo item 33
2026-09-07 17:24:25 [INFO] tools: メモを追加しました（memo_35）: Memo item 34
2026-09-07 17:24:25 [INFO] tools: メモを追加しました（memo_36）: Memo item 35
2026-09-07 17:24:25 [INFO] tools: メモを追加しました（memo_37）: Memo item 36
2026-09-07 17:24:25 [INFO] tools: メモを追加しました（memo_38）: Memo item 37
2026-09-07 17:24:25 [INFO] tools: メモを追加しました（memo_39）: Memo item 38
2026-09-07 17:24:25 [INFO] tools: メモを追加しました（memo_40）: Memo item 39
2026-09-07 17:24:25 [INFO] tools: メモを追加しました（memo_41）: Memo item 40
2026-09-07 17:24:25 [INFO] tools: メモを追加しました（memo_42）: Memo item 41
2026-09-07 17:24:25 [INFO] tools: メモを追加しました（memo_43）: Memo item 42
2026-09-07 17:24:25 [INFO] tools: メモを追加しました（memo_44）: Memo item 43
2026-09-07 17:24:25 [INFO] tools: メモを追加しました（memo_45）: Memo item 44
2026-09-07 17:24:25 [INFO] tools: メモを追加しました（memo_46）: Memo item 45
2026-09-07 17:24:25 [INFO] tools: メモを追加しました（memo_47）: Memo item 46
2026-09-07 17:24:25 [INFO] tools: メモを追加しました（memo_48）: Memo item 47
2026-09-07 17:24:25 [INFO] tools: メモを追加しました（memo_49）: Memo item 48
2026-09-07 17:24:25 [INFO] tools: メモを追加しました（memo_50）: Memo item 49
2026-09-07 17:24:25 [INFO] tools: メモを追加しました（memo_51）: Memo item 50
2026-09-07 17:24:25 [INFO] tools: メモを追加しました（memo_52）: Memo item 51
2026-09-07 17:24:25 [INFO] tools: メモを追加しました（memo_53）: Memo item 52
2026-09-07 17:24:25 [INFO] tools: メモを追加しました（memo_54）: Memo item 53
2026-09-07 17:24:25 [INFO] tools: メモを追加しました（memo_55）: Memo item 54
2026-09-07 17:24:25 [INFO] tools: メモを追加しました（memo_56）: Memo item 55
2026-09-07 17:24:25 [INFO] tools: メモを追加しました（memo_57）: Memo item 56
2026-09-07 17:24:25 [INFO] tools: メモを追加しました（memo_58）: Memo item 57
2026-09-07 17:24:25 [INFO] tools: メモを追加しました（memo_59）: Memo item 58
2026-09-07 17:24:25 [INFO] tools: メモを追加しました（memo_60）: Memo item 59
2026-09-07 17:24:25 [INFO] tools: メモを追加しました（memo_61）: Memo item 60
2026-09-07 17:24:25 [INFO] tools: メモを追加しました（memo_62）: Memo item 61
2026-09-07 17:24:25 [INFO] tools: メモを追加しました（memo_63）: Memo item 62
2026-09-07 17:24:25 [INFO] tools: メモを追加しました（memo_64）: Memo item 63
2026-09-07 17:24:25 [INFO] tools: メモを追加しました（memo_65）: Memo item 64
2026-09-07 17:24:25 [INFO] tools: メモを追加しました（memo_66）: Memo item 65
2026-09-07 17:24:25 [INFO] tools: メモを追加しました（memo_67）: Memo item 66
2026-09-07 17:24:25 [INFO] tools: メモを追加しました（memo_68）: Memo item 67
2026-09-07 17:24:25 [INFO] tools: メモを追加しました（memo_69）: Memo item 68
2026-09-07 17:24:25 [INFO] tools: メモを追加しました（memo_70）: Memo item 69
2026-09-07 17:24:25 [INFO] tools: メモを追加しました（memo_71）: Memo item 70
2026-09-07 17:24:25 [INFO] tools: メモを追加しました（memo_72）: Memo item 71
2026-09-07 17:24:25 [INFO] tools: メモを追加しました（memo_73）: Memo item 72
2026-09-07 17:24:25 [INFO] tools: メモを追加しました（memo_74）: Memo item 73
2026-09-07 17:24:25 [INFO] tools: メモを追加しました（memo_75）: Memo item 74
2026-09-07 17:24:25 [INFO] tools: メモを追加しました（memo_76）: Memo item 75
2026-09-07 17:24:25 [INFO] tools: メモを追加しました（memo_77）: Memo item 76
2026-09-07 17:24:25 [INFO] tools: メモを追加しました（memo_78）: Memo item 77
2026-09-07 17:24:25 [INFO] tools: メモを追加しました（memo_79）: Memo item 78
2026-09-07 17:24:25 [INFO] tools: メモを追加しました（memo_80）: Memo item 79
2026-09-07 17:24:25 [INFO] tools: メモを追加しました（memo_81）: Memo item 80
2026-09-07 17:24:25 [INFO] tools: メモを追加しました（memo_82）: Memo item 81
2026-09-07 17:24:25 [INFO] tools: メモを追加しました（memo_83）: Memo item 82
2026-09-07 17:24:25 [INFO] tools: メモを追加しました（memo_84）: Memo item 83
2026-09-07 17:24:25 [INFO] tools: メモを追加しました（memo_85）: Memo item 84
2026-09-07 17:24:25 [INFO] tools: メモを追加しました（memo_86）: Memo item 85
2026-09-07 17:24:25 [INFO] tools: メモを追加しました（memo_87）: Memo item 86
2026-09-07 17:24:26 [INFO] tools: メモを追加しました（memo_88）: Memo item 87
2026-09-07 17:24:26 [INFO] tools: メモを追加しました（memo_89）: Memo item 88
2026-09-07 17:24:26 [INFO] tools: メモを追加しました（memo_90）: Memo item 89
2026-09-07 17:24:26 [INFO] tools: メモを追加しました（memo_91）: Memo item 90
2026-09-07 17:24:26 [INFO] tools: メモを追加しました（memo_92）: Memo item 91
2026-09-07 17:24:26 [INFO] tools: メモを追加しました（memo_93）: Memo item 92
2026-09-07 17:24:26 [INFO] tools: メモを追加しました（memo_94）: Memo item 93
2026-09-07 17:24:26 [INFO] tools: メモを追加しました（memo_95）: Memo item 94
2026-09-07 17:24:26 [INFO] tools: メモを追加しました（memo_96）: Memo item 95
2026-09-07 17:24:26 [INFO] tools: メモを追加しました（memo_97）: Memo item 96
2026-09-07 17:24:26 [INFO] tools: メモを追加しました（memo_98）: Memo item 97
2026-09-07 17:24:26 [INFO] tools: メモを追加しました（memo_99）: Memo item 98
2026-09-07 17:24:26 [INFO] tools: メモを追加しました（memo_100）: Memo item 99
2026-09-07 17:24:26 [INFO] tools: メモ一覧を取得しました（100件）
2026-09-07 17:24:26 [INFO] db: SQLiteデータベースを初期化しました: C:\Users\kouki\AppData\Local\Temp\pytest-of-kouki\pytest-33\test_large_chat_history_buildi0\test_jarvis.db
2026-09-07 17:24:26 [INFO] db: SQLiteデータベースを初期化しました: C:\Users\kouki\AppData\Local\Temp\pytest-of-kouki\pytest-33\test_database_table_row_counts0\test_jarvis.db
2026-09-07 17:24:26 [INFO] tools: メモを追加しました（memo_1）: Test memo 1
2026-09-07 17:24:26 [INFO] tools: メモを追加しました（memo_2）: Test memo 2
2026-09-07 17:24:26 [INFO] db: SQLiteデータベースを初期化しました: C:\Users\kouki\Downloads\j\jarvis.db
2026-09-07 17:24:26 [WARNING] tools: add_memo: バリデーション失敗: メモのテキストが空です。内容を指定してください。
2026-09-07 17:24:26 [INFO] db: SQLiteデータベースを初期化しました: C:\Users\kouki\Downloads\j\jarvis.db
2026-09-07 17:24:26 [WARNING] tools: add_memo: バリデーション失敗: メモのテキストが短すぎます（最小2文字）: ''
2026-09-07 17:24:26 [INFO] db: SQLiteデータベースを初期化しました: C:\Users\kouki\Downloads\j\jarvis.db
2026-09-07 17:24:26 [WARNING] tools: add_memo: バリデーション失敗: メモのテキストが短すぎます（最小2文字）: ''
2026-09-07 17:24:26 [INFO] db: SQLiteデータベースを初期化しました: C:\Users\kouki\Downloads\j\jarvis.db
2026-09-07 17:24:26 [WARNING] tools: add_memo: バリデーション失敗: メモのテキストが短すぎます（最小2文字）: 'a'
2026-09-07 17:24:26 [INFO] db: SQLiteデータベースを初期化しました: C:\Users\kouki\Downloads\j\jarvis.db
2026-09-07 17:24:26 [WARNING] tools: add_memo: バリデーション失敗: メモのテキストが長すぎます（最大5000文字）
2026-09-07 17:24:26 [INFO] db: SQLiteデータベースを初期化しました: C:\Users\kouki\Downloads\j\jarvis.db
2026-09-07 17:24:26 [WARNING] tools: add_memo: バリデーション失敗: メモのテキストが長すぎます（最大5000文字）
2026-09-07 17:24:26 [INFO] db: SQLiteデータベースを初期化しました: C:\Users\kouki\Downloads\j\jarvis.db
2026-09-07 17:24:26 [INFO] tools: メモを追加しました（memo_8）: 予定 🗓️ 15:00
2026-09-07 17:24:27 [INFO] db: SQLiteデータベースを初期化しました: C:\Users\kouki\Downloads\j\jarvis.db
2026-09-07 17:24:27 [INFO] tools: メモを追加しました（memo_9）: 日本語と English mixed
2026-09-07 17:24:27 [INFO] db: SQLiteデータベースを初期化しました: C:\Users\kouki\Downloads\j\jarvis.db
2026-09-07 17:24:27 [INFO] tools: メモを追加しました（memo_10）: quotes ' \" backslash \\ percent % underscore _
2026-09-07 17:24:27 [INFO] db: SQLiteデータベースを初期化しました: C:\Users\kouki\Downloads\j\jarvis.db
2026-09-07 17:24:27 [INFO] tools: メモを追加しました（memo_11）: 改行
を含むメモ
2026-09-07 17:24:27 [INFO] db: SQLiteデータベースを初期化しました: C:\Users\kouki\Downloads\j\jarvis.db
2026-09-07 17:24:27 [WARNING] tools: ⚠️ 時刻関連クエリがメモとして渡された可能性があります。正常な呼び出しか確認してください: '何時'
2026-09-07 17:24:27 [INFO] db: SQLiteデータベースを初期化しました: C:\Users\kouki\Downloads\j\jarvis.db
2026-09-07 17:24:27 [WARNING] tools: ⚠️ 時刻関連クエリがメモとして渡された可能性があります。正常な呼び出しか確認してください: '今何時'
2026-09-07 17:24:27 [INFO] db: SQLiteデータベースを初期化しました: C:\Users\kouki\Downloads\j\jarvis.db
2026-09-07 17:24:27 [WARNING] tools: ⚠️ 時刻関連クエリがメモとして渡された可能性があります。正常な呼び出しか確認してください: '時刻'
2026-09-07 17:24:27 [INFO] db: SQLiteデータベースを初期化しました: C:\Users\kouki\Downloads\j\jarvis.db
2026-09-07 17:24:27 [WARNING] tools: ⚠️ 時刻関連クエリがメモとして渡された可能性があります。正常な呼び出しか確認してください: '昨日'
2026-09-07 17:24:27 [INFO] db: SQLiteデータベースを初期化しました: C:\Users\kouki\Downloads\j\jarvis.db
2026-09-07 17:24:27 [WARNING] tools: ⚠️ 時刻関連クエリがメモとして渡された可能性があります。正常な呼び出しか確認してください: '明日'
2026-09-07 17:24:27 [INFO] db: SQLiteデータベースを初期化しました: C:\Users\kouki\Downloads\j\jarvis.db
2026-09-07 17:24:27 [INFO] tools: メモを追加しました（memo_12）: 2026年8月28日15時に歯医者
2026-09-07 17:24:27 [INFO] db: SQLiteデータベースを初期化しました: C:\Users\kouki\Downloads\j\jarvis.db
2026-09-07 17:24:27 [INFO] tools: メモを追加しました（memo_13）: 明日の会議を15時に予約
2026-09-07 17:24:27 [INFO] db: SQLiteデータベースを初期化しました: C:\Users\kouki\Downloads\j\jarvis.db
2026-09-07 17:24:27 [INFO] tools: メモを追加しました（memo_14）: 時間がないので買い物をする
2026-09-07 17:24:27 [INFO] db: SQLiteデータベースを初期化しました: C:\Users\kouki\Downloads\j\jarvis.db
2026-09-07 17:24:27 [INFO] tools: メモを追加しました（memo_15）: 今日の予定は時間がある
2026-09-07 17:24:27 [INFO] db: SQLiteデータベースを初期化しました: C:\Users\kouki\Downloads\j\jarvis.db
2026-09-07 17:24:27 [INFO] tools: メモを追加しました（memo_16）: 2026-08-28T15:00:00+09:00
2026-09-07 17:24:27 [INFO] db: SQLiteデータベースを初期化しました: C:\Users\kouki\Downloads\j\jarvis.db
2026-09-07 17:24:27 [WARNING] tools: 検索キーワードに疑わしい文字が含まれています: "'; DROP TABLE memos; --"
2026-09-07 17:24:27 [INFO] db: SQLiteデータベースを初期化しました: C:\Users\kouki\Downloads\j\jarvis.db
2026-09-07 17:24:27 [INFO] db: SQLiteデータベースを初期化しました: C:\Users\kouki\Downloads\j\jarvis.db
2026-09-07 17:24:27 [INFO] db: SQLiteデータベースを初期化しました: C:\Users\kouki\Downloads\j\jarvis.db
2026-09-07 17:24:27 [INFO] db: SQLiteデータベースを初期化しました: C:\Users\kouki\Downloads\j\jarvis.db
2026-09-07 17:24:27 [WARNING] tools: 検索キーワードに疑わしい文字が含まれています: '\\x00'
2026-09-07 17:24:27 [INFO] db: SQLiteデータベースを初期化しました: C:\Users\kouki\Downloads\j\jarvis.db
2026-09-07 17:24:27 [INFO] tools: メモを追加しました（memo_17）: Project Aurora planning
2026-09-07 17:24:27 [INFO] tools: メモを検索しました（キーワード: Aurora、結果: 1件）
2026-09-07 17:24:27 [WARNING] tools: 検索キーワードに疑わしい文字が含まれています: 'missing-keyword'
2026-09-07 17:24:27 [INFO] db: SQLiteデータベースを初期化しました: C:\Users\kouki\Downloads\j\jarvis.db
2026-09-07 17:24:27 [INFO] tools: メモを追加しました（memo_18）: bulk memo 0 xxxxxxxxxxxxxxxxxxxxxxxxxxxxxxxxxxxxxxxxxxxxxxxxxxxxxxxxxxxxxxxxxxxxxxxxxxxxxxxxxxxxxxxxxxxxxxxxxxxxxxxxxxxxxxxxxxxxxxxxxxxxxxxxxxxxxxxxxxxxxxxxxxxxxxxxxxxxxxxxxxxxxxxxxxxxxxxxxxxxxxxxxxxxxxxxxxxxxxxxxxxxxxxxxxxxxxxxxxxxxxxxxxxxxxxxxxxxxxxxxxxxxxxxxxxxxxxxxxxxxxxxxxxxxxxxxxxxxxxxxxxxxxxxxxxxxxxxxxxxxxxxxxxxxxxxxxxxxxxxxxxxxxxxxxxxxxxxxxxxxxxxxxxxxxxxxxxxxxxxxxxxxxxxxxxxxxxxxxxxxxxxxxxxxxxxxxxxxxxx
2026-09-07 17:24:27 [INFO] tools: メモを追加しました（memo_19）: bulk memo 1 xxxxxxxxxxxxxxxxxxxxxxxxxxxxxxxxxxxxxxxxxxxxxxxxxxxxxxxxxxxxxxxxxxxxxxxxxxxxxxxxxxxxxxxxxxxxxxxxxxxxxxxxxxxxxxxxxxxxxxxxxxxxxxxxxxxxxxxxxxxxxxxxxxxxxxxxxxxxxxxxxxxxxxxxxxxxxxxxxxxxxxxxxxxxxxxxxxxxxxxxxxxxxxxxxxxxxxxxxxxxxxxxxxxxxxxxxxxxxxxxxxxxxxxxxxxxxxxxxxxxxxxxxxxxxxxxxxxxxxxxxxxxxxxxxxxxxxxxxxxxxxxxxxxxxxxxxxxxxxxxxxxxxxxxxxxxxxxxxxxxxxxxxxxxxxxxxxxxxxxxxxxxxxxxxxxxxxxxxxxxxxxxxxxxxxxxxxxxxxxx
2026-09-07 17:24:27 [INFO] tools: メモを追加しました（memo_20）: bulk memo 2 xxxxxxxxxxxxxxxxxxxxxxxxxxxxxxxxxxxxxxxxxxxxxxxxxxxxxxxxxxxxxxxxxxxxxxxxxxxxxxxxxxxxxxxxxxxxxxxxxxxxxxxxxxxxxxxxxxxxxxxxxxxxxxxxxxxxxxxxxxxxxxxxxxxxxxxxxxxxxxxxxxxxxxxxxxxxxxxxxxxxxxxxxxxxxxxxxxxxxxxxxxxxxxxxxxxxxxxxxxxxxxxxxxxxxxxxxxxxxxxxxxxxxxxxxxxxxxxxxxxxxxxxxxxxxxxxxxxxxxxxxxxxxxxxxxxxxxxxxxxxxxxxxxxxxxxxxxxxxxxxxxxxxxxxxxxxxxxxxxxxxxxxxxxxxxxxxxxxxxxxxxxxxxxxxxxxxxxxxxxxxxxxxxxxxxxxxxxxxxxx
2026-09-07 17:24:27 [INFO] tools: メモを追加しました（memo_21）: bulk memo 3 xxxxxxxxxxxxxxxxxxxxxxxxxxxxxxxxxxxxxxxxxxxxxxxxxxxxxxxxxxxxxxxxxxxxxxxxxxxxxxxxxxxxxxxxxxxxxxxxxxxxxxxxxxxxxxxxxxxxxxxxxxxxxxxxxxxxxxxxxxxxxxxxxxxxxxxxxxxxxxxxxxxxxxxxxxxxxxxxxxxxxxxxxxxxxxxxxxxxxxxxxxxxxxxxxxxxxxxxxxxxxxxxxxxxxxxxxxxxxxxxxxxxxxxxxxxxxxxxxxxxxxxxxxxxxxxxxxxxxxxxxxxxxxxxxxxxxxxxxxxxxxxxxxxxxxxxxxxxxxxxxxxxxxxxxxxxxxxxxxxxxxxxxxxxxxxxxxxxxxxxxxxxxxxxxxxxxxxxxxxxxxxxxxxxxxxxxxxxxxxx
2026-09-07 17:24:27 [INFO] tools: メモを追加しました（memo_22）: bulk memo 4 xxxxxxxxxxxxxxxxxxxxxxxxxxxxxxxxxxxxxxxxxxxxxxxxxxxxxxxxxxxxxxxxxxxxxxxxxxxxxxxxxxxxxxxxxxxxxxxxxxxxxxxxxxxxxxxxxxxxxxxxxxxxxxxxxxxxxxxxxxxxxxxxxxxxxxxxxxxxxxxxxxxxxxxxxxxxxxxxxxxxxxxxxxxxxxxxxxxxxxxxxxxxxxxxxxxxxxxxxxxxxxxxxxxxxxxxxxxxxxxxxxxxxxxxxxxxxxxxxxxxxxxxxxxxxxxxxxxxxxxxxxxxxxxxxxxxxxxxxxxxxxxxxxxxxxxxxxxxxxxxxxxxxxxxxxxxxxxxxxxxxxxxxxxxxxxxxxxxxxxxxxxxxxxxxxxxxxxxxxxxxxxxxxxxxxxxxxxxxxxx
2026-09-07 17:24:27 [INFO] tools: メモを追加しました（memo_23）: bulk memo 5 xxxxxxxxxxxxxxxxxxxxxxxxxxxxxxxxxxxxxxxxxxxxxxxxxxxxxxxxxxxxxxxxxxxxxxxxxxxxxxxxxxxxxxxxxxxxxxxxxxxxxxxxxxxxxxxxxxxxxxxxxxxxxxxxxxxxxxxxxxxxxxxxxxxxxxxxxxxxxxxxxxxxxxxxxxxxxxxxxxxxxxxxxxxxxxxxxxxxxxxxxxxxxxxxxxxxxxxxxxxxxxxxxxxxxxxxxxxxxxxxxxxxxxxxxxxxxxxxxxxxxxxxxxxxxxxxxxxxxxxxxxxxxxxxxxxxxxxxxxxxxxxxxxxxxxxxxxxxxxxxxxxxxxxxxxxxxxxxxxxxxxxxxxxxxxxxxxxxxxxxxxxxxxxxxxxxxxxxxxxxxxxxxxxxxxxxxxxxxxxx
2026-09-07 17:24:27 [INFO] tools: メモを追加しました（memo_24）: bulk memo 6 xxxxxxxxxxxxxxxxxxxxxxxxxxxxxxxxxxxxxxxxxxxxxxxxxxxxxxxxxxxxxxxxxxxxxxxxxxxxxxxxxxxxxxxxxxxxxxxxxxxxxxxxxxxxxxxxxxxxxxxxxxxxxxxxxxxxxxxxxxxxxxxxxxxxxxxxxxxxxxxxxxxxxxxxxxxxxxxxxxxxxxxxxxxxxxxxxxxxxxxxxxxxxxxxxxxxxxxxxxxxxxxxxxxxxxxxxxxxxxxxxxxxxxxxxxxxxxxxxxxxxxxxxxxxxxxxxxxxxxxxxxxxxxxxxxxxxxxxxxxxxxxxxxxxxxxxxxxxxxxxxxxxxxxxxxxxxxxxxxxxxxxxxxxxxxxxxxxxxxxxxxxxxxxxxxxxxxxxxxxxxxxxxxxxxxxxxxxxxxxx
2026-09-07 17:24:27 [INFO] tools: メモを追加しました（memo_25）: bulk memo 7 xxxxxxxxxxxxxxxxxxxxxxxxxxxxxxxxxxxxxxxxxxxxxxxxxxxxxxxxxxxxxxxxxxxxxxxxxxxxxxxxxxxxxxxxxxxxxxxxxxxxxxxxxxxxxxxxxxxxxxxxxxxxxxxxxxxxxxxxxxxxxxxxxxxxxxxxxxxxxxxxxxxxxxxxxxxxxxxxxxxxxxxxxxxxxxxxxxxxxxxxxxxxxxxxxxxxxxxxxxxxxxxxxxxxxxxxxxxxxxxxxxxxxxxxxxxxxxxxxxxxxxxxxxxxxxxxxxxxxxxxxxxxxxxxxxxxxxxxxxxxxxxxxxxxxxxxxxxxxxxxxxxxxxxxxxxxxxxxxxxxxxxxxxxxxxxxxxxxxxxxxxxxxxxxxxxxxxxxxxxxxxxxxxxxxxxxxxxxxxxx
2026-09-07 17:24:27 [INFO] tools: メモを追加しました（memo_26）: bulk memo 8 xxxxxxxxxxxxxxxxxxxxxxxxxxxxxxxxxxxxxxxxxxxxxxxxxxxxxxxxxxxxxxxxxxxxxxxxxxxxxxxxxxxxxxxxxxxxxxxxxxxxxxxxxxxxxxxxxxxxxxxxxxxxxxxxxxxxxxxxxxxxxxxxxxxxxxxxxxxxxxxxxxxxxxxxxxxxxxxxxxxxxxxxxxxxxxxxxxxxxxxxxxxxxxxxxxxxxxxxxxxxxxxxxxxxxxxxxxxxxxxxxxxxxxxxxxxxxxxxxxxxxxxxxxxxxxxxxxxxxxxxxxxxxxxxxxxxxxxxxxxxxxxxxxxxxxxxxxxxxxxxxxxxxxxxxxxxxxxxxxxxxxxxxxxxxxxxxxxxxxxxxxxxxxxxxxxxxxxxxxxxxxxxxxxxxxxxxxxxxxxx
2026-09-07 17:24:27 [INFO] tools: メモを追加しました（memo_27）: bulk memo 9 xxxxxxxxxxxxxxxxxxxxxxxxxxxxxxxxxxxxxxxxxxxxxxxxxxxxxxxxxxxxxxxxxxxxxxxxxxxxxxxxxxxxxxxxxxxxxxxxxxxxxxxxxxxxxxxxxxxxxxxxxxxxxxxxxxxxxxxxxxxxxxxxxxxxxxxxxxxxxxxxxxxxxxxxxxxxxxxxxxxxxxxxxxxxxxxxxxxxxxxxxxxxxxxxxxxxxxxxxxxxxxxxxxxxxxxxxxxxxxxxxxxxxxxxxxxxxxxxxxxxxxxxxxxxxxxxxxxxxxxxxxxxxxxxxxxxxxxxxxxxxxxxxxxxxxxxxxxxxxxxxxxxxxxxxxxxxxxxxxxxxxxxxxxxxxxxxxxxxxxxxxxxxxxxxxxxxxxxxxxxxxxxxxxxxxxxxxxxxxxx
2026-09-07 17:24:27 [INFO] tools: メモを追加しました（memo_28）: bulk memo 10 xxxxxxxxxxxxxxxxxxxxxxxxxxxxxxxxxxxxxxxxxxxxxxxxxxxxxxxxxxxxxxxxxxxxxxxxxxxxxxxxxxxxxxxxxxxxxxxxxxxxxxxxxxxxxxxxxxxxxxxxxxxxxxxxxxxxxxxxxxxxxxxxxxxxxxxxxxxxxxxxxxxxxxxxxxxxxxxxxxxxxxxxxxxxxxxxxxxxxxxxxxxxxxxxxxxxxxxxxxxxxxxxxxxxxxxxxxxxxxxxxxxxxxxxxxxxxxxxxxxxxxxxxxxxxxxxxxxxxxxxxxxxxxxxxxxxxxxxxxxxxxxxxxxxxxxxxxxxxxxxxxxxxxxxxxxxxxxxxxxxxxxxxxxxxxxxxxxxxxxxxxxxxxxxxxxxxxxxxxxxxxxxxxxxxxxxxxxxxxxx
2026-09-07 17:24:28 [INFO] tools: メモを追加しました（memo_29）: bulk memo 11 xxxxxxxxxxxxxxxxxxxxxxxxxxxxxxxxxxxxxxxxxxxxxxxxxxxxxxxxxxxxxxxxxxxxxxxxxxxxxxxxxxxxxxxxxxxxxxxxxxxxxxxxxxxxxxxxxxxxxxxxxxxxxxxxxxxxxxxxxxxxxxxxxxxxxxxxxxxxxxxxxxxxxxxxxxxxxxxxxxxxxxxxxxxxxxxxxxxxxxxxxxxxxxxxxxxxxxxxxxxxxxxxxxxxxxxxxxxxxxxxxxxxxxxxxxxxxxxxxxxxxxxxxxxxxxxxxxxxxxxxxxxxxxxxxxxxxxxxxxxxxxxxxxxxxxxxxxxxxxxxxxxxxxxxxxxxxxxxxxxxxxxxxxxxxxxxxxxxxxxxxxxxxxxxxxxxxxxxxxxxxxxxxxxxxxxxxxxxxxxx
2026-09-07 17:24:28 [INFO] tools: メモを追加しました（memo_30）: bulk memo 12 xxxxxxxxxxxxxxxxxxxxxxxxxxxxxxxxxxxxxxxxxxxxxxxxxxxxxxxxxxxxxxxxxxxxxxxxxxxxxxxxxxxxxxxxxxxxxxxxxxxxxxxxxxxxxxxxxxxxxxxxxxxxxxxxxxxxxxxxxxxxxxxxxxxxxxxxxxxxxxxxxxxxxxxxxxxxxxxxxxxxxxxxxxxxxxxxxxxxxxxxxxxxxxxxxxxxxxxxxxxxxxxxxxxxxxxxxxxxxxxxxxxxxxxxxxxxxxxxxxxxxxxxxxxxxxxxxxxxxxxxxxxxxxxxxxxxxxxxxxxxxxxxxxxxxxxxxxxxxxxxxxxxxxxxxxxxxxxxxxxxxxxxxxxxxxxxxxxxxxxxxxxxxxxxxxxxxxxxxxxxxxxxxxxxxxxxxxxxxxxx
2026-09-07 17:24:28 [INFO] tools: メモを追加しました（memo_31）: bulk memo 13 xxxxxxxxxxxxxxxxxxxxxxxxxxxxxxxxxxxxxxxxxxxxxxxxxxxxxxxxxxxxxxxxxxxxxxxxxxxxxxxxxxxxxxxxxxxxxxxxxxxxxxxxxxxxxxxxxxxxxxxxxxxxxxxxxxxxxxxxxxxxxxxxxxxxxxxxxxxxxxxxxxxxxxxxxxxxxxxxxxxxxxxxxxxxxxxxxxxxxxxxxxxxxxxxxxxxxxxxxxxxxxxxxxxxxxxxxxxxxxxxxxxxxxxxxxxxxxxxxxxxxxxxxxxxxxxxxxxxxxxxxxxxxxxxxxxxxxxxxxxxxxxxxxxxxxxxxxxxxxxxxxxxxxxxxxxxxxxxxxxxxxxxxxxxxxxxxxxxxxxxxxxxxxxxxxxxxxxxxxxxxxxxxxxxxxxxxxxxxxxx
2026-09-07 17:24:28 [INFO] tools: メモを追加しました（memo_32）: bulk memo 14 xxxxxxxxxxxxxxxxxxxxxxxxxxxxxxxxxxxxxxxxxxxxxxxxxxxxxxxxxxxxxxxxxxxxxxxxxxxxxxxxxxxxxxxxxxxxxxxxxxxxxxxxxxxxxxxxxxxxxxxxxxxxxxxxxxxxxxxxxxxxxxxxxxxxxxxxxxxxxxxxxxxxxxxxxxxxxxxxxxxxxxxxxxxxxxxxxxxxxxxxxxxxxxxxxxxxxxxxxxxxxxxxxxxxxxxxxxxxxxxxxxxxxxxxxxxxxxxxxxxxxxxxxxxxxxxxxxxxxxxxxxxxxxxxxxxxxxxxxxxxxxxxxxxxxxxxxxxxxxxxxxxxxxxxxxxxxxxxxxxxxxxxxxxxxxxxxxxxxxxxxxxxxxxxxxxxxxxxxxxxxxxxxxxxxxxxxxxxxxxx
2026-09-07 17:24:28 [INFO] tools: メモを追加しました（memo_33）: bulk memo 15 xxxxxxxxxxxxxxxxxxxxxxxxxxxxxxxxxxxxxxxxxxxxxxxxxxxxxxxxxxxxxxxxxxxxxxxxxxxxxxxxxxxxxxxxxxxxxxxxxxxxxxxxxxxxxxxxxxxxxxxxxxxxxxxxxxxxxxxxxxxxxxxxxxxxxxxxxxxxxxxxxxxxxxxxxxxxxxxxxxxxxxxxxxxxxxxxxxxxxxxxxxxxxxxxxxxxxxxxxxxxxxxxxxxxxxxxxxxxxxxxxxxxxxxxxxxxxxxxxxxxxxxxxxxxxxxxxxxxxxxxxxxxxxxxxxxxxxxxxxxxxxxxxxxxxxxxxxxxxxxxxxxxxxxxxxxxxxxxxxxxxxxxxxxxxxxxxxxxxxxxxxxxxxxxxxxxxxxxxxxxxxxxxxxxxxxxxxxxxxxx
2026-09-07 17:24:28 [INFO] tools: メモを追加しました（memo_34）: bulk memo 16 xxxxxxxxxxxxxxxxxxxxxxxxxxxxxxxxxxxxxxxxxxxxxxxxxxxxxxxxxxxxxxxxxxxxxxxxxxxxxxxxxxxxxxxxxxxxxxxxxxxxxxxxxxxxxxxxxxxxxxxxxxxxxxxxxxxxxxxxxxxxxxxxxxxxxxxxxxxxxxxxxxxxxxxxxxxxxxxxxxxxxxxxxxxxxxxxxxxxxxxxxxxxxxxxxxxxxxxxxxxxxxxxxxxxxxxxxxxxxxxxxxxxxxxxxxxxxxxxxxxxxxxxxxxxxxxxxxxxxxxxxxxxxxxxxxxxxxxxxxxxxxxxxxxxxxxxxxxxxxxxxxxxxxxxxxxxxxxxxxxxxxxxxxxxxxxxxxxxxxxxxxxxxxxxxxxxxxxxxxxxxxxxxxxxxxxxxxxxxxxx
2026-09-07 17:24:28 [INFO] tools: メモを追加しました（memo_35）: bulk memo 17 xxxxxxxxxxxxxxxxxxxxxxxxxxxxxxxxxxxxxxxxxxxxxxxxxxxxxxxxxxxxxxxxxxxxxxxxxxxxxxxxxxxxxxxxxxxxxxxxxxxxxxxxxxxxxxxxxxxxxxxxxxxxxxxxxxxxxxxxxxxxxxxxxxxxxxxxxxxxxxxxxxxxxxxxxxxxxxxxxxxxxxxxxxxxxxxxxxxxxxxxxxxxxxxxxxxxxxxxxxxxxxxxxxxxxxxxxxxxxxxxxxxxxxxxxxxxxxxxxxxxxxxxxxxxxxxxxxxxxxxxxxxxxxxxxxxxxxxxxxxxxxxxxxxxxxxxxxxxxxxxxxxxxxxxxxxxxxxxxxxxxxxxxxxxxxxxxxxxxxxxxxxxxxxxxxxxxxxxxxxxxxxxxxxxxxxxxxxxxxxx
2026-09-07 17:24:28 [INFO] tools: メモを追加しました（memo_36）: bulk memo 18 xxxxxxxxxxxxxxxxxxxxxxxxxxxxxxxxxxxxxxxxxxxxxxxxxxxxxxxxxxxxxxxxxxxxxxxxxxxxxxxxxxxxxxxxxxxxxxxxxxxxxxxxxxxxxxxxxxxxxxxxxxxxxxxxxxxxxxxxxxxxxxxxxxxxxxxxxxxxxxxxxxxxxxxxxxxxxxxxxxxxxxxxxxxxxxxxxxxxxxxxxxxxxxxxxxxxxxxxxxxxxxxxxxxxxxxxxxxxxxxxxxxxxxxxxxxxxxxxxxxxxxxxxxxxxxxxxxxxxxxxxxxxxxxxxxxxxxxxxxxxxxxxxxxxxxxxxxxxxxxxxxxxxxxxxxxxxxxxxxxxxxxxxxxxxxxxxxxxxxxxxxxxxxxxxxxxxxxxxxxxxxxxxxxxxxxxxxxxxxxx
2026-09-07 17:24:28 [INFO] tools: メモを追加しました（memo_37）: bulk memo 19 xxxxxxxxxxxxxxxxxxxxxxxxxxxxxxxxxxxxxxxxxxxxxxxxxxxxxxxxxxxxxxxxxxxxxxxxxxxxxxxxxxxxxxxxxxxxxxxxxxxxxxxxxxxxxxxxxxxxxxxxxxxxxxxxxxxxxxxxxxxxxxxxxxxxxxxxxxxxxxxxxxxxxxxxxxxxxxxxxxxxxxxxxxxxxxxxxxxxxxxxxxxxxxxxxxxxxxxxxxxxxxxxxxxxxxxxxxxxxxxxxxxxxxxxxxxxxxxxxxxxxxxxxxxxxxxxxxxxxxxxxxxxxxxxxxxxxxxxxxxxxxxxxxxxxxxxxxxxxxxxxxxxxxxxxxxxxxxxxxxxxxxxxxxxxxxxxxxxxxxxxxxxxxxxxxxxxxxxxxxxxxxxxxxxxxxxxxxxxxxx
2026-09-07 17:24:28 [INFO] tools: メモを追加しました（memo_38）: bulk memo 20 xxxxxxxxxxxxxxxxxxxxxxxxxxxxxxxxxxxxxxxxxxxxxxxxxxxxxxxxxxxxxxxxxxxxxxxxxxxxxxxxxxxxxxxxxxxxxxxxxxxxxxxxxxxxxxxxxxxxxxxxxxxxxxxxxxxxxxxxxxxxxxxxxxxxxxxxxxxxxxxxxxxxxxxxxxxxxxxxxxxxxxxxxxxxxxxxxxxxxxxxxxxxxxxxxxxxxxxxxxxxxxxxxxxxxxxxxxxxxxxxxxxxxxxxxxxxxxxxxxxxxxxxxxxxxxxxxxxxxxxxxxxxxxxxxxxxxxxxxxxxxxxxxxxxxxxxxxxxxxxxxxxxxxxxxxxxxxxxxxxxxxxxxxxxxxxxxxxxxxxxxxxxxxxxxxxxxxxxxxxxxxxxxxxxxxxxxxxxxxxx
2026-09-07 17:24:28 [INFO] tools: メモを追加しました（memo_39）: bulk memo 21 xxxxxxxxxxxxxxxxxxxxxxxxxxxxxxxxxxxxxxxxxxxxxxxxxxxxxxxxxxxxxxxxxxxxxxxxxxxxxxxxxxxxxxxxxxxxxxxxxxxxxxxxxxxxxxxxxxxxxxxxxxxxxxxxxxxxxxxxxxxxxxxxxxxxxxxxxxxxxxxxxxxxxxxxxxxxxxxxxxxxxxxxxxxxxxxxxxxxxxxxxxxxxxxxxxxxxxxxxxxxxxxxxxxxxxxxxxxxxxxxxxxxxxxxxxxxxxxxxxxxxxxxxxxxxxxxxxxxxxxxxxxxxxxxxxxxxxxxxxxxxxxxxxxxxxxxxxxxxxxxxxxxxxxxxxxxxxxxxxxxxxxxxxxxxxxxxxxxxxxxxxxxxxxxxxxxxxxxxxxxxxxxxxxxxxxxxxxxxxxx
2026-09-07 17:24:28 [INFO] tools: メモを追加しました（memo_40）: bulk memo 22 xxxxxxxxxxxxxxxxxxxxxxxxxxxxxxxxxxxxxxxxxxxxxxxxxxxxxxxxxxxxxxxxxxxxxxxxxxxxxxxxxxxxxxxxxxxxxxxxxxxxxxxxxxxxxxxxxxxxxxxxxxxxxxxxxxxxxxxxxxxxxxxxxxxxxxxxxxxxxxxxxxxxxxxxxxxxxxxxxxxxxxxxxxxxxxxxxxxxxxxxxxxxxxxxxxxxxxxxxxxxxxxxxxxxxxxxxxxxxxxxxxxxxxxxxxxxxxxxxxxxxxxxxxxxxxxxxxxxxxxxxxxxxxxxxxxxxxxxxxxxxxxxxxxxxxxxxxxxxxxxxxxxxxxxxxxxxxxxxxxxxxxxxxxxxxxxxxxxxxxxxxxxxxxxxxxxxxxxxxxxxxxxxxxxxxxxxxxxxxxx
2026-09-07 17:24:28 [INFO] tools: メモを追加しました（memo_41）: bulk memo 23 xxxxxxxxxxxxxxxxxxxxxxxxxxxxxxxxxxxxxxxxxxxxxxxxxxxxxxxxxxxxxxxxxxxxxxxxxxxxxxxxxxxxxxxxxxxxxxxxxxxxxxxxxxxxxxxxxxxxxxxxxxxxxxxxxxxxxxxxxxxxxxxxxxxxxxxxxxxxxxxxxxxxxxxxxxxxxxxxxxxxxxxxxxxxxxxxxxxxxxxxxxxxxxxxxxxxxxxxxxxxxxxxxxxxxxxxxxxxxxxxxxxxxxxxxxxxxxxxxxxxxxxxxxxxxxxxxxxxxxxxxxxxxxxxxxxxxxxxxxxxxxxxxxxxxxxxxxxxxxxxxxxxxxxxxxxxxxxxxxxxxxxxxxxxxxxxxxxxxxxxxxxxxxxxxxxxxxxxxxxxxxxxxxxxxxxxxxxxxxxx
2026-09-07 17:24:28 [INFO] tools: メモを追加しました（memo_42）: bulk memo 24 xxxxxxxxxxxxxxxxxxxxxxxxxxxxxxxxxxxxxxxxxxxxxxxxxxxxxxxxxxxxxxxxxxxxxxxxxxxxxxxxxxxxxxxxxxxxxxxxxxxxxxxxxxxxxxxxxxxxxxxxxxxxxxxxxxxxxxxxxxxxxxxxxxxxxxxxxxxxxxxxxxxxxxxxxxxxxxxxxxxxxxxxxxxxxxxxxxxxxxxxxxxxxxxxxxxxxxxxxxxxxxxxxxxxxxxxxxxxxxxxxxxxxxxxxxxxxxxxxxxxxxxxxxxxxxxxxxxxxxxxxxxxxxxxxxxxxxxxxxxxxxxxxxxxxxxxxxxxxxxxxxxxxxxxxxxxxxxxxxxxxxxxxxxxxxxxxxxxxxxxxxxxxxxxxxxxxxxxxxxxxxxxxxxxxxxxxxxxxxxx
2026-09-07 17:24:28 [INFO] tools: メモを追加しました（memo_43）: bulk memo 25 xxxxxxxxxxxxxxxxxxxxxxxxxxxxxxxxxxxxxxxxxxxxxxxxxxxxxxxxxxxxxxxxxxxxxxxxxxxxxxxxxxxxxxxxxxxxxxxxxxxxxxxxxxxxxxxxxxxxxxxxxxxxxxxxxxxxxxxxxxxxxxxxxxxxxxxxxxxxxxxxxxxxxxxxxxxxxxxxxxxxxxxxxxxxxxxxxxxxxxxxxxxxxxxxxxxxxxxxxxxxxxxxxxxxxxxxxxxxxxxxxxxxxxxxxxxxxxxxxxxxxxxxxxxxxxxxxxxxxxxxxxxxxxxxxxxxxxxxxxxxxxxxxxxxxxxxxxxxxxxxxxxxxxxxxxxxxxxxxxxxxxxxxxxxxxxxxxxxxxxxxxxxxxxxxxxxxxxxxxxxxxxxxxxxxxxxxxxxxxxx
2026-09-07 17:24:28 [INFO] tools: メモを追加しました（memo_44）: bulk memo 26 xxxxxxxxxxxxxxxxxxxxxxxxxxxxxxxxxxxxxxxxxxxxxxxxxxxxxxxxxxxxxxxxxxxxxxxxxxxxxxxxxxxxxxxxxxxxxxxxxxxxxxxxxxxxxxxxxxxxxxxxxxxxxxxxxxxxxxxxxxxxxxxxxxxxxxxxxxxxxxxxxxxxxxxxxxxxxxxxxxxxxxxxxxxxxxxxxxxxxxxxxxxxxxxxxxxxxxxxxxxxxxxxxxxxxxxxxxxxxxxxxxxxxxxxxxxxxxxxxxxxxxxxxxxxxxxxxxxxxxxxxxxxxxxxxxxxxxxxxxxxxxxxxxxxxxxxxxxxxxxxxxxxxxxxxxxxxxxxxxxxxxxxxxxxxxxxxxxxxxxxxxxxxxxxxxxxxxxxxxxxxxxxxxxxxxxxxxxxxxxx
2026-09-07 17:24:28 [INFO] tools: メモを追加しました（memo_45）: bulk memo 27 xxxxxxxxxxxxxxxxxxxxxxxxxxxxxxxxxxxxxxxxxxxxxxxxxxxxxxxxxxxxxxxxxxxxxxxxxxxxxxxxxxxxxxxxxxxxxxxxxxxxxxxxxxxxxxxxxxxxxxxxxxxxxxxxxxxxxxxxxxxxxxxxxxxxxxxxxxxxxxxxxxxxxxxxxxxxxxxxxxxxxxxxxxxxxxxxxxxxxxxxxxxxxxxxxxxxxxxxxxxxxxxxxxxxxxxxxxxxxxxxxxxxxxxxxxxxxxxxxxxxxxxxxxxxxxxxxxxxxxxxxxxxxxxxxxxxxxxxxxxxxxxxxxxxxxxxxxxxxxxxxxxxxxxxxxxxxxxxxxxxxxxxxxxxxxxxxxxxxxxxxxxxxxxxxxxxxxxxxxxxxxxxxxxxxxxxxxxxxxxx
2026-09-07 17:24:28 [INFO] tools: メモを追加しました（memo_46）: bulk memo 28 xxxxxxxxxxxxxxxxxxxxxxxxxxxxxxxxxxxxxxxxxxxxxxxxxxxxxxxxxxxxxxxxxxxxxxxxxxxxxxxxxxxxxxxxxxxxxxxxxxxxxxxxxxxxxxxxxxxxxxxxxxxxxxxxxxxxxxxxxxxxxxxxxxxxxxxxxxxxxxxxxxxxxxxxxxxxxxxxxxxxxxxxxxxxxxxxxxxxxxxxxxxxxxxxxxxxxxxxxxxxxxxxxxxxxxxxxxxxxxxxxxxxxxxxxxxxxxxxxxxxxxxxxxxxxxxxxxxxxxxxxxxxxxxxxxxxxxxxxxxxxxxxxxxxxxxxxxxxxxxxxxxxxxxxxxxxxxxxxxxxxxxxxxxxxxxxxxxxxxxxxxxxxxxxxxxxxxxxxxxxxxxxxxxxxxxxxxxxxxxx
2026-09-07 17:24:28 [INFO] tools: メモを追加しました（memo_47）: bulk memo 29 xxxxxxxxxxxxxxxxxxxxxxxxxxxxxxxxxxxxxxxxxxxxxxxxxxxxxxxxxxxxxxxxxxxxxxxxxxxxxxxxxxxxxxxxxxxxxxxxxxxxxxxxxxxxxxxxxxxxxxxxxxxxxxxxxxxxxxxxxxxxxxxxxxxxxxxxxxxxxxxxxxxxxxxxxxxxxxxxxxxxxxxxxxxxxxxxxxxxxxxxxxxxxxxxxxxxxxxxxxxxxxxxxxxxxxxxxxxxxxxxxxxxxxxxxxxxxxxxxxxxxxxxxxxxxxxxxxxxxxxxxxxxxxxxxxxxxxxxxxxxxxxxxxxxxxxxxxxxxxxxxxxxxxxxxxxxxxxxxxxxxxxxxxxxxxxxxxxxxxxxxxxxxxxxxxxxxxxxxxxxxxxxxxxxxxxxxxxxxxxx
2026-09-07 17:24:28 [INFO] tools: メモを追加しました（memo_48）: bulk memo 30 xxxxxxxxxxxxxxxxxxxxxxxxxxxxxxxxxxxxxxxxxxxxxxxxxxxxxxxxxxxxxxxxxxxxxxxxxxxxxxxxxxxxxxxxxxxxxxxxxxxxxxxxxxxxxxxxxxxxxxxxxxxxxxxxxxxxxxxxxxxxxxxxxxxxxxxxxxxxxxxxxxxxxxxxxxxxxxxxxxxxxxxxxxxxxxxxxxxxxxxxxxxxxxxxxxxxxxxxxxxxxxxxxxxxxxxxxxxxxxxxxxxxxxxxxxxxxxxxxxxxxxxxxxxxxxxxxxxxxxxxxxxxxxxxxxxxxxxxxxxxxxxxxxxxxxxxxxxxxxxxxxxxxxxxxxxxxxxxxxxxxxxxxxxxxxxxxxxxxxxxxxxxxxxxxxxxxxxxxxxxxxxxxxxxxxxxxxxxxxxx
2026-09-07 17:24:28 [INFO] tools: メモを追加しました（memo_49）: bulk memo 31 xxxxxxxxxxxxxxxxxxxxxxxxxxxxxxxxxxxxxxxxxxxxxxxxxxxxxxxxxxxxxxxxxxxxxxxxxxxxxxxxxxxxxxxxxxxxxxxxxxxxxxxxxxxxxxxxxxxxxxxxxxxxxxxxxxxxxxxxxxxxxxxxxxxxxxxxxxxxxxxxxxxxxxxxxxxxxxxxxxxxxxxxxxxxxxxxxxxxxxxxxxxxxxxxxxxxxxxxxxxxxxxxxxxxxxxxxxxxxxxxxxxxxxxxxxxxxxxxxxxxxxxxxxxxxxxxxxxxxxxxxxxxxxxxxxxxxxxxxxxxxxxxxxxxxxxxxxxxxxxxxxxxxxxxxxxxxxxxxxxxxxxxxxxxxxxxxxxxxxxxxxxxxxxxxxxxxxxxxxxxxxxxxxxxxxxxxxxxxxxx
2026-09-07 17:24:28 [INFO] tools: メモを追加しました（memo_50）: bulk memo 32 xxxxxxxxxxxxxxxxxxxxxxxxxxxxxxxxxxxxxxxxxxxxxxxxxxxxxxxxxxxxxxxxxxxxxxxxxxxxxxxxxxxxxxxxxxxxxxxxxxxxxxxxxxxxxxxxxxxxxxxxxxxxxxxxxxxxxxxxxxxxxxxxxxxxxxxxxxxxxxxxxxxxxxxxxxxxxxxxxxxxxxxxxxxxxxxxxxxxxxxxxxxxxxxxxxxxxxxxxxxxxxxxxxxxxxxxxxxxxxxxxxxxxxxxxxxxxxxxxxxxxxxxxxxxxxxxxxxxxxxxxxxxxxxxxxxxxxxxxxxxxxxxxxxxxxxxxxxxxxxxxxxxxxxxxxxxxxxxxxxxxxxxxxxxxxxxxxxxxxxxxxxxxxxxxxxxxxxxxxxxxxxxxxxxxxxxxxxxxxxx
2026-09-07 17:24:28 [INFO] tools: メモを追加しました（memo_51）: bulk memo 33 xxxxxxxxxxxxxxxxxxxxxxxxxxxxxxxxxxxxxxxxxxxxxxxxxxxxxxxxxxxxxxxxxxxxxxxxxxxxxxxxxxxxxxxxxxxxxxxxxxxxxxxxxxxxxxxxxxxxxxxxxxxxxxxxxxxxxxxxxxxxxxxxxxxxxxxxxxxxxxxxxxxxxxxxxxxxxxxxxxxxxxxxxxxxxxxxxxxxxxxxxxxxxxxxxxxxxxxxxxxxxxxxxxxxxxxxxxxxxxxxxxxxxxxxxxxxxxxxxxxxxxxxxxxxxxxxxxxxxxxxxxxxxxxxxxxxxxxxxxxxxxxxxxxxxxxxxxxxxxxxxxxxxxxxxxxxxxxxxxxxxxxxxxxxxxxxxxxxxxxxxxxxxxxxxxxxxxxxxxxxxxxxxxxxxxxxxxxxxxxx
2026-09-07 17:24:28 [INFO] tools: メモを追加しました（memo_52）: bulk memo 34 xxxxxxxxxxxxxxxxxxxxxxxxxxxxxxxxxxxxxxxxxxxxxxxxxxxxxxxxxxxxxxxxxxxxxxxxxxxxxxxxxxxxxxxxxxxxxxxxxxxxxxxxxxxxxxxxxxxxxxxxxxxxxxxxxxxxxxxxxxxxxxxxxxxxxxxxxxxxxxxxxxxxxxxxxxxxxxxxxxxxxxxxxxxxxxxxxxxxxxxxxxxxxxxxxxxxxxxxxxxxxxxxxxxxxxxxxxxxxxxxxxxxxxxxxxxxxxxxxxxxxxxxxxxxxxxxxxxxxxxxxxxxxxxxxxxxxxxxxxxxxxxxxxxxxxxxxxxxxxxxxxxxxxxxxxxxxxxxxxxxxxxxxxxxxxxxxxxxxxxxxxxxxxxxxxxxxxxxxxxxxxxxxxxxxxxxxxxxxxxx
2026-09-07 17:24:28 [INFO] tools: メモを追加しました（memo_53）: bulk memo 35 xxxxxxxxxxxxxxxxxxxxxxxxxxxxxxxxxxxxxxxxxxxxxxxxxxxxxxxxxxxxxxxxxxxxxxxxxxxxxxxxxxxxxxxxxxxxxxxxxxxxxxxxxxxxxxxxxxxxxxxxxxxxxxxxxxxxxxxxxxxxxxxxxxxxxxxxxxxxxxxxxxxxxxxxxxxxxxxxxxxxxxxxxxxxxxxxxxxxxxxxxxxxxxxxxxxxxxxxxxxxxxxxxxxxxxxxxxxxxxxxxxxxxxxxxxxxxxxxxxxxxxxxxxxxxxxxxxxxxxxxxxxxxxxxxxxxxxxxxxxxxxxxxxxxxxxxxxxxxxxxxxxxxxxxxxxxxxxxxxxxxxxxxxxxxxxxxxxxxxxxxxxxxxxxxxxxxxxxxxxxxxxxxxxxxxxxxxxxxxxx
2026-09-07 17:24:28 [INFO] tools: メモを追加しました（memo_54）: bulk memo 36 xxxxxxxxxxxxxxxxxxxxxxxxxxxxxxxxxxxxxxxxxxxxxxxxxxxxxxxxxxxxxxxxxxxxxxxxxxxxxxxxxxxxxxxxxxxxxxxxxxxxxxxxxxxxxxxxxxxxxxxxxxxxxxxxxxxxxxxxxxxxxxxxxxxxxxxxxxxxxxxxxxxxxxxxxxxxxxxxxxxxxxxxxxxxxxxxxxxxxxxxxxxxxxxxxxxxxxxxxxxxxxxxxxxxxxxxxxxxxxxxxxxxxxxxxxxxxxxxxxxxxxxxxxxxxxxxxxxxxxxxxxxxxxxxxxxxxxxxxxxxxxxxxxxxxxxxxxxxxxxxxxxxxxxxxxxxxxxxxxxxxxxxxxxxxxxxxxxxxxxxxxxxxxxxxxxxxxxxxxxxxxxxxxxxxxxxxxxxxxxx
2026-09-07 17:24:28 [INFO] tools: メモを追加しました（memo_55）: bulk memo 37 xxxxxxxxxxxxxxxxxxxxxxxxxxxxxxxxxxxxxxxxxxxxxxxxxxxxxxxxxxxxxxxxxxxxxxxxxxxxxxxxxxxxxxxxxxxxxxxxxxxxxxxxxxxxxxxxxxxxxxxxxxxxxxxxxxxxxxxxxxxxxxxxxxxxxxxxxxxxxxxxxxxxxxxxxxxxxxxxxxxxxxxxxxxxxxxxxxxxxxxxxxxxxxxxxxxxxxxxxxxxxxxxxxxxxxxxxxxxxxxxxxxxxxxxxxxxxxxxxxxxxxxxxxxxxxxxxxxxxxxxxxxxxxxxxxxxxxxxxxxxxxxxxxxxxxxxxxxxxxxxxxxxxxxxxxxxxxxxxxxxxxxxxxxxxxxxxxxxxxxxxxxxxxxxxxxxxxxxxxxxxxxxxxxxxxxxxxxxxxxx
2026-09-07 17:24:28 [INFO] tools: メモを追加しました（memo_56）: bulk memo 38 xxxxxxxxxxxxxxxxxxxxxxxxxxxxxxxxxxxxxxxxxxxxxxxxxxxxxxxxxxxxxxxxxxxxxxxxxxxxxxxxxxxxxxxxxxxxxxxxxxxxxxxxxxxxxxxxxxxxxxxxxxxxxxxxxxxxxxxxxxxxxxxxxxxxxxxxxxxxxxxxxxxxxxxxxxxxxxxxxxxxxxxxxxxxxxxxxxxxxxxxxxxxxxxxxxxxxxxxxxxxxxxxxxxxxxxxxxxxxxxxxxxxxxxxxxxxxxxxxxxxxxxxxxxxxxxxxxxxxxxxxxxxxxxxxxxxxxxxxxxxxxxxxxxxxxxxxxxxxxxxxxxxxxxxxxxxxxxxxxxxxxxxxxxxxxxxxxxxxxxxxxxxxxxxxxxxxxxxxxxxxxxxxxxxxxxxxxxxxxxx
2026-09-07 17:24:28 [INFO] tools: メモを追加しました（memo_57）: bulk memo 39 xxxxxxxxxxxxxxxxxxxxxxxxxxxxxxxxxxxxxxxxxxxxxxxxxxxxxxxxxxxxxxxxxxxxxxxxxxxxxxxxxxxxxxxxxxxxxxxxxxxxxxxxxxxxxxxxxxxxxxxxxxxxxxxxxxxxxxxxxxxxxxxxxxxxxxxxxxxxxxxxxxxxxxxxxxxxxxxxxxxxxxxxxxxxxxxxxxxxxxxxxxxxxxxxxxxxxxxxxxxxxxxxxxxxxxxxxxxxxxxxxxxxxxxxxxxxxxxxxxxxxxxxxxxxxxxxxxxxxxxxxxxxxxxxxxxxxxxxxxxxxxxxxxxxxxxxxxxxxxxxxxxxxxxxxxxxxxxxxxxxxxxxxxxxxxxxxxxxxxxxxxxxxxxxxxxxxxxxxxxxxxxxxxxxxxxxxxxxxxxx
2026-09-07 17:24:28 [INFO] tools: メモを追加しました（memo_58）: bulk memo 40 xxxxxxxxxxxxxxxxxxxxxxxxxxxxxxxxxxxxxxxxxxxxxxxxxxxxxxxxxxxxxxxxxxxxxxxxxxxxxxxxxxxxxxxxxxxxxxxxxxxxxxxxxxxxxxxxxxxxxxxxxxxxxxxxxxxxxxxxxxxxxxxxxxxxxxxxxxxxxxxxxxxxxxxxxxxxxxxxxxxxxxxxxxxxxxxxxxxxxxxxxxxxxxxxxxxxxxxxxxxxxxxxxxxxxxxxxxxxxxxxxxxxxxxxxxxxxxxxxxxxxxxxxxxxxxxxxxxxxxxxxxxxxxxxxxxxxxxxxxxxxxxxxxxxxxxxxxxxxxxxxxxxxxxxxxxxxxxxxxxxxxxxxxxxxxxxxxxxxxxxxxxxxxxxxxxxxxxxxxxxxxxxxxxxxxxxxxxxxxxx
2026-09-07 17:24:28 [INFO] tools: メモを追加しました（memo_59）: bulk memo 41 xxxxxxxxxxxxxxxxxxxxxxxxxxxxxxxxxxxxxxxxxxxxxxxxxxxxxxxxxxxxxxxxxxxxxxxxxxxxxxxxxxxxxxxxxxxxxxxxxxxxxxxxxxxxxxxxxxxxxxxxxxxxxxxxxxxxxxxxxxxxxxxxxxxxxxxxxxxxxxxxxxxxxxxxxxxxxxxxxxxxxxxxxxxxxxxxxxxxxxxxxxxxxxxxxxxxxxxxxxxxxxxxxxxxxxxxxxxxxxxxxxxxxxxxxxxxxxxxxxxxxxxxxxxxxxxxxxxxxxxxxxxxxxxxxxxxxxxxxxxxxxxxxxxxxxxxxxxxxxxxxxxxxxxxxxxxxxxxxxxxxxxxxxxxxxxxxxxxxxxxxxxxxxxxxxxxxxxxxxxxxxxxxxxxxxxxxxxxxxxx
2026-09-07 17:24:28 [INFO] tools: メモを追加しました（memo_60）: bulk memo 42 xxxxxxxxxxxxxxxxxxxxxxxxxxxxxxxxxxxxxxxxxxxxxxxxxxxxxxxxxxxxxxxxxxxxxxxxxxxxxxxxxxxxxxxxxxxxxxxxxxxxxxxxxxxxxxxxxxxxxxxxxxxxxxxxxxxxxxxxxxxxxxxxxxxxxxxxxxxxxxxxxxxxxxxxxxxxxxxxxxxxxxxxxxxxxxxxxxxxxxxxxxxxxxxxxxxxxxxxxxxxxxxxxxxxxxxxxxxxxxxxxxxxxxxxxxxxxxxxxxxxxxxxxxxxxxxxxxxxxxxxxxxxxxxxxxxxxxxxxxxxxxxxxxxxxxxxxxxxxxxxxxxxxxxxxxxxxxxxxxxxxxxxxxxxxxxxxxxxxxxxxxxxxxxxxxxxxxxxxxxxxxxxxxxxxxxxxxxxxxxx
2026-09-07 17:24:28 [INFO] tools: メモを追加しました（memo_61）: bulk memo 43 xxxxxxxxxxxxxxxxxxxxxxxxxxxxxxxxxxxxxxxxxxxxxxxxxxxxxxxxxxxxxxxxxxxxxxxxxxxxxxxxxxxxxxxxxxxxxxxxxxxxxxxxxxxxxxxxxxxxxxxxxxxxxxxxxxxxxxxxxxxxxxxxxxxxxxxxxxxxxxxxxxxxxxxxxxxxxxxxxxxxxxxxxxxxxxxxxxxxxxxxxxxxxxxxxxxxxxxxxxxxxxxxxxxxxxxxxxxxxxxxxxxxxxxxxxxxxxxxxxxxxxxxxxxxxxxxxxxxxxxxxxxxxxxxxxxxxxxxxxxxxxxxxxxxxxxxxxxxxxxxxxxxxxxxxxxxxxxxxxxxxxxxxxxxxxxxxxxxxxxxxxxxxxxxxxxxxxxxxxxxxxxxxxxxxxxxxxxxxxxx
2026-09-07 17:24:28 [INFO] tools: メモを追加しました（memo_62）: bulk memo 44 xxxxxxxxxxxxxxxxxxxxxxxxxxxxxxxxxxxxxxxxxxxxxxxxxxxxxxxxxxxxxxxxxxxxxxxxxxxxxxxxxxxxxxxxxxxxxxxxxxxxxxxxxxxxxxxxxxxxxxxxxxxxxxxxxxxxxxxxxxxxxxxxxxxxxxxxxxxxxxxxxxxxxxxxxxxxxxxxxxxxxxxxxxxxxxxxxxxxxxxxxxxxxxxxxxxxxxxxxxxxxxxxxxxxxxxxxxxxxxxxxxxxxxxxxxxxxxxxxxxxxxxxxxxxxxxxxxxxxxxxxxxxxxxxxxxxxxxxxxxxxxxxxxxxxxxxxxxxxxxxxxxxxxxxxxxxxxxxxxxxxxxxxxxxxxxxxxxxxxxxxxxxxxxxxxxxxxxxxxxxxxxxxxxxxxxxxxxxxxxx
2026-09-07 17:24:28 [INFO] tools: メモを追加しました（memo_63）: bulk memo 45 xxxxxxxxxxxxxxxxxxxxxxxxxxxxxxxxxxxxxxxxxxxxxxxxxxxxxxxxxxxxxxxxxxxxxxxxxxxxxxxxxxxxxxxxxxxxxxxxxxxxxxxxxxxxxxxxxxxxxxxxxxxxxxxxxxxxxxxxxxxxxxxxxxxxxxxxxxxxxxxxxxxxxxxxxxxxxxxxxxxxxxxxxxxxxxxxxxxxxxxxxxxxxxxxxxxxxxxxxxxxxxxxxxxxxxxxxxxxxxxxxxxxxxxxxxxxxxxxxxxxxxxxxxxxxxxxxxxxxxxxxxxxxxxxxxxxxxxxxxxxxxxxxxxxxxxxxxxxxxxxxxxxxxxxxxxxxxxxxxxxxxxxxxxxxxxxxxxxxxxxxxxxxxxxxxxxxxxxxxxxxxxxxxxxxxxxxxxxxxxx
2026-09-07 17:24:28 [INFO] tools: メモを追加しました（memo_64）: bulk memo 46 xxxxxxxxxxxxxxxxxxxxxxxxxxxxxxxxxxxxxxxxxxxxxxxxxxxxxxxxxxxxxxxxxxxxxxxxxxxxxxxxxxxxxxxxxxxxxxxxxxxxxxxxxxxxxxxxxxxxxxxxxxxxxxxxxxxxxxxxxxxxxxxxxxxxxxxxxxxxxxxxxxxxxxxxxxxxxxxxxxxxxxxxxxxxxxxxxxxxxxxxxxxxxxxxxxxxxxxxxxxxxxxxxxxxxxxxxxxxxxxxxxxxxxxxxxxxxxxxxxxxxxxxxxxxxxxxxxxxxxxxxxxxxxxxxxxxxxxxxxxxxxxxxxxxxxxxxxxxxxxxxxxxxxxxxxxxxxxxxxxxxxxxxxxxxxxxxxxxxxxxxxxxxxxxxxxxxxxxxxxxxxxxxxxxxxxxxxxxxxxx
2026-09-07 17:24:28 [INFO] tools: メモを追加しました（memo_65）: bulk memo 47 xxxxxxxxxxxxxxxxxxxxxxxxxxxxxxxxxxxxxxxxxxxxxxxxxxxxxxxxxxxxxxxxxxxxxxxxxxxxxxxxxxxxxxxxxxxxxxxxxxxxxxxxxxxxxxxxxxxxxxxxxxxxxxxxxxxxxxxxxxxxxxxxxxxxxxxxxxxxxxxxxxxxxxxxxxxxxxxxxxxxxxxxxxxxxxxxxxxxxxxxxxxxxxxxxxxxxxxxxxxxxxxxxxxxxxxxxxxxxxxxxxxxxxxxxxxxxxxxxxxxxxxxxxxxxxxxxxxxxxxxxxxxxxxxxxxxxxxxxxxxxxxxxxxxxxxxxxxxxxxxxxxxxxxxxxxxxxxxxxxxxxxxxxxxxxxxxxxxxxxxxxxxxxxxxxxxxxxxxxxxxxxxxxxxxxxxxxxxxxxx
2026-09-07 17:24:28 [INFO] tools: メモを追加しました（memo_66）: bulk memo 48 xxxxxxxxxxxxxxxxxxxxxxxxxxxxxxxxxxxxxxxxxxxxxxxxxxxxxxxxxxxxxxxxxxxxxxxxxxxxxxxxxxxxxxxxxxxxxxxxxxxxxxxxxxxxxxxxxxxxxxxxxxxxxxxxxxxxxxxxxxxxxxxxxxxxxxxxxxxxxxxxxxxxxxxxxxxxxxxxxxxxxxxxxxxxxxxxxxxxxxxxxxxxxxxxxxxxxxxxxxxxxxxxxxxxxxxxxxxxxxxxxxxxxxxxxxxxxxxxxxxxxxxxxxxxxxxxxxxxxxxxxxxxxxxxxxxxxxxxxxxxxxxxxxxxxxxxxxxxxxxxxxxxxxxxxxxxxxxxxxxxxxxxxxxxxxxxxxxxxxxxxxxxxxxxxxxxxxxxxxxxxxxxxxxxxxxxxxxxxxxx
2026-09-07 17:24:28 [INFO] tools: メモを追加しました（memo_67）: bulk memo 49 xxxxxxxxxxxxxxxxxxxxxxxxxxxxxxxxxxxxxxxxxxxxxxxxxxxxxxxxxxxxxxxxxxxxxxxxxxxxxxxxxxxxxxxxxxxxxxxxxxxxxxxxxxxxxxxxxxxxxxxxxxxxxxxxxxxxxxxxxxxxxxxxxxxxxxxxxxxxxxxxxxxxxxxxxxxxxxxxxxxxxxxxxxxxxxxxxxxxxxxxxxxxxxxxxxxxxxxxxxxxxxxxxxxxxxxxxxxxxxxxxxxxxxxxxxxxxxxxxxxxxxxxxxxxxxxxxxxxxxxxxxxxxxxxxxxxxxxxxxxxxxxxxxxxxxxxxxxxxxxxxxxxxxxxxxxxxxxxxxxxxxxxxxxxxxxxxxxxxxxxxxxxxxxxxxxxxxxxxxxxxxxxxxxxxxxxxxxxxxxx
2026-09-07 17:24:28 [INFO] tools: メモを追加しました（memo_68）: bulk memo 50 xxxxxxxxxxxxxxxxxxxxxxxxxxxxxxxxxxxxxxxxxxxxxxxxxxxxxxxxxxxxxxxxxxxxxxxxxxxxxxxxxxxxxxxxxxxxxxxxxxxxxxxxxxxxxxxxxxxxxxxxxxxxxxxxxxxxxxxxxxxxxxxxxxxxxxxxxxxxxxxxxxxxxxxxxxxxxxxxxxxxxxxxxxxxxxxxxxxxxxxxxxxxxxxxxxxxxxxxxxxxxxxxxxxxxxxxxxxxxxxxxxxxxxxxxxxxxxxxxxxxxxxxxxxxxxxxxxxxxxxxxxxxxxxxxxxxxxxxxxxxxxxxxxxxxxxxxxxxxxxxxxxxxxxxxxxxxxxxxxxxxxxxxxxxxxxxxxxxxxxxxxxxxxxxxxxxxxxxxxxxxxxxxxxxxxxxxxxxxxxx
2026-09-07 17:24:28 [INFO] tools: メモを追加しました（memo_69）: bulk memo 51 xxxxxxxxxxxxxxxxxxxxxxxxxxxxxxxxxxxxxxxxxxxxxxxxxxxxxxxxxxxxxxxxxxxxxxxxxxxxxxxxxxxxxxxxxxxxxxxxxxxxxxxxxxxxxxxxxxxxxxxxxxxxxxxxxxxxxxxxxxxxxxxxxxxxxxxxxxxxxxxxxxxxxxxxxxxxxxxxxxxxxxxxxxxxxxxxxxxxxxxxxxxxxxxxxxxxxxxxxxxxxxxxxxxxxxxxxxxxxxxxxxxxxxxxxxxxxxxxxxxxxxxxxxxxxxxxxxxxxxxxxxxxxxxxxxxxxxxxxxxxxxxxxxxxxxxxxxxxxxxxxxxxxxxxxxxxxxxxxxxxxxxxxxxxxxxxxxxxxxxxxxxxxxxxxxxxxxxxxxxxxxxxxxxxxxxxxxxxxxxx
2026-09-07 17:24:28 [INFO] tools: メモを追加しました（memo_70）: bulk memo 52 xxxxxxxxxxxxxxxxxxxxxxxxxxxxxxxxxxxxxxxxxxxxxxxxxxxxxxxxxxxxxxxxxxxxxxxxxxxxxxxxxxxxxxxxxxxxxxxxxxxxxxxxxxxxxxxxxxxxxxxxxxxxxxxxxxxxxxxxxxxxxxxxxxxxxxxxxxxxxxxxxxxxxxxxxxxxxxxxxxxxxxxxxxxxxxxxxxxxxxxxxxxxxxxxxxxxxxxxxxxxxxxxxxxxxxxxxxxxxxxxxxxxxxxxxxxxxxxxxxxxxxxxxxxxxxxxxxxxxxxxxxxxxxxxxxxxxxxxxxxxxxxxxxxxxxxxxxxxxxxxxxxxxxxxxxxxxxxxxxxxxxxxxxxxxxxxxxxxxxxxxxxxxxxxxxxxxxxxxxxxxxxxxxxxxxxxxxxxxxxx
2026-09-07 17:24:28 [INFO] tools: メモを追加しました（memo_71）: bulk memo 53 xxxxxxxxxxxxxxxxxxxxxxxxxxxxxxxxxxxxxxxxxxxxxxxxxxxxxxxxxxxxxxxxxxxxxxxxxxxxxxxxxxxxxxxxxxxxxxxxxxxxxxxxxxxxxxxxxxxxxxxxxxxxxxxxxxxxxxxxxxxxxxxxxxxxxxxxxxxxxxxxxxxxxxxxxxxxxxxxxxxxxxxxxxxxxxxxxxxxxxxxxxxxxxxxxxxxxxxxxxxxxxxxxxxxxxxxxxxxxxxxxxxxxxxxxxxxxxxxxxxxxxxxxxxxxxxxxxxxxxxxxxxxxxxxxxxxxxxxxxxxxxxxxxxxxxxxxxxxxxxxxxxxxxxxxxxxxxxxxxxxxxxxxxxxxxxxxxxxxxxxxxxxxxxxxxxxxxxxxxxxxxxxxxxxxxxxxxxxxxxx
2026-09-07 17:24:28 [INFO] tools: メモを追加しました（memo_72）: bulk memo 54 xxxxxxxxxxxxxxxxxxxxxxxxxxxxxxxxxxxxxxxxxxxxxxxxxxxxxxxxxxxxxxxxxxxxxxxxxxxxxxxxxxxxxxxxxxxxxxxxxxxxxxxxxxxxxxxxxxxxxxxxxxxxxxxxxxxxxxxxxxxxxxxxxxxxxxxxxxxxxxxxxxxxxxxxxxxxxxxxxxxxxxxxxxxxxxxxxxxxxxxxxxxxxxxxxxxxxxxxxxxxxxxxxxxxxxxxxxxxxxxxxxxxxxxxxxxxxxxxxxxxxxxxxxxxxxxxxxxxxxxxxxxxxxxxxxxxxxxxxxxxxxxxxxxxxxxxxxxxxxxxxxxxxxxxxxxxxxxxxxxxxxxxxxxxxxxxxxxxxxxxxxxxxxxxxxxxxxxxxxxxxxxxxxxxxxxxxxxxxxxx
2026-09-07 17:24:28 [INFO] tools: メモを追加しました（memo_73）: bulk memo 55 xxxxxxxxxxxxxxxxxxxxxxxxxxxxxxxxxxxxxxxxxxxxxxxxxxxxxxxxxxxxxxxxxxxxxxxxxxxxxxxxxxxxxxxxxxxxxxxxxxxxxxxxxxxxxxxxxxxxxxxxxxxxxxxxxxxxxxxxxxxxxxxxxxxxxxxxxxxxxxxxxxxxxxxxxxxxxxxxxxxxxxxxxxxxxxxxxxxxxxxxxxxxxxxxxxxxxxxxxxxxxxxxxxxxxxxxxxxxxxxxxxxxxxxxxxxxxxxxxxxxxxxxxxxxxxxxxxxxxxxxxxxxxxxxxxxxxxxxxxxxxxxxxxxxxxxxxxxxxxxxxxxxxxxxxxxxxxxxxxxxxxxxxxxxxxxxxxxxxxxxxxxxxxxxxxxxxxxxxxxxxxxxxxxxxxxxxxxxxxxx
2026-09-07 17:24:28 [INFO] tools: メモを追加しました（memo_74）: bulk memo 56 xxxxxxxxxxxxxxxxxxxxxxxxxxxxxxxxxxxxxxxxxxxxxxxxxxxxxxxxxxxxxxxxxxxxxxxxxxxxxxxxxxxxxxxxxxxxxxxxxxxxxxxxxxxxxxxxxxxxxxxxxxxxxxxxxxxxxxxxxxxxxxxxxxxxxxxxxxxxxxxxxxxxxxxxxxxxxxxxxxxxxxxxxxxxxxxxxxxxxxxxxxxxxxxxxxxxxxxxxxxxxxxxxxxxxxxxxxxxxxxxxxxxxxxxxxxxxxxxxxxxxxxxxxxxxxxxxxxxxxxxxxxxxxxxxxxxxxxxxxxxxxxxxxxxxxxxxxxxxxxxxxxxxxxxxxxxxxxxxxxxxxxxxxxxxxxxxxxxxxxxxxxxxxxxxxxxxxxxxxxxxxxxxxxxxxxxxxxxxxxx
2026-09-07 17:24:28 [INFO] tools: メモを追加しました（memo_75）: bulk memo 57 xxxxxxxxxxxxxxxxxxxxxxxxxxxxxxxxxxxxxxxxxxxxxxxxxxxxxxxxxxxxxxxxxxxxxxxxxxxxxxxxxxxxxxxxxxxxxxxxxxxxxxxxxxxxxxxxxxxxxxxxxxxxxxxxxxxxxxxxxxxxxxxxxxxxxxxxxxxxxxxxxxxxxxxxxxxxxxxxxxxxxxxxxxxxxxxxxxxxxxxxxxxxxxxxxxxxxxxxxxxxxxxxxxxxxxxxxxxxxxxxxxxxxxxxxxxxxxxxxxxxxxxxxxxxxxxxxxxxxxxxxxxxxxxxxxxxxxxxxxxxxxxxxxxxxxxxxxxxxxxxxxxxxxxxxxxxxxxxxxxxxxxxxxxxxxxxxxxxxxxxxxxxxxxxxxxxxxxxxxxxxxxxxxxxxxxxxxxxxxxx
2026-09-07 17:24:28 [INFO] tools: メモを追加しました（memo_76）: bulk memo 58 xxxxxxxxxxxxxxxxxxxxxxxxxxxxxxxxxxxxxxxxxxxxxxxxxxxxxxxxxxxxxxxxxxxxxxxxxxxxxxxxxxxxxxxxxxxxxxxxxxxxxxxxxxxxxxxxxxxxxxxxxxxxxxxxxxxxxxxxxxxxxxxxxxxxxxxxxxxxxxxxxxxxxxxxxxxxxxxxxxxxxxxxxxxxxxxxxxxxxxxxxxxxxxxxxxxxxxxxxxxxxxxxxxxxxxxxxxxxxxxxxxxxxxxxxxxxxxxxxxxxxxxxxxxxxxxxxxxxxxxxxxxxxxxxxxxxxxxxxxxxxxxxxxxxxxxxxxxxxxxxxxxxxxxxxxxxxxxxxxxxxxxxxxxxxxxxxxxxxxxxxxxxxxxxxxxxxxxxxxxxxxxxxxxxxxxxxxxxxxxx
2026-09-07 17:24:28 [INFO] tools: メモを追加しました（memo_77）: bulk memo 59 xxxxxxxxxxxxxxxxxxxxxxxxxxxxxxxxxxxxxxxxxxxxxxxxxxxxxxxxxxxxxxxxxxxxxxxxxxxxxxxxxxxxxxxxxxxxxxxxxxxxxxxxxxxxxxxxxxxxxxxxxxxxxxxxxxxxxxxxxxxxxxxxxxxxxxxxxxxxxxxxxxxxxxxxxxxxxxxxxxxxxxxxxxxxxxxxxxxxxxxxxxxxxxxxxxxxxxxxxxxxxxxxxxxxxxxxxxxxxxxxxxxxxxxxxxxxxxxxxxxxxxxxxxxxxxxxxxxxxxxxxxxxxxxxxxxxxxxxxxxxxxxxxxxxxxxxxxxxxxxxxxxxxxxxxxxxxxxxxxxxxxxxxxxxxxxxxxxxxxxxxxxxxxxxxxxxxxxxxxxxxxxxxxxxxxxxxxxxxxxx
2026-09-07 17:24:28 [INFO] tools: メモを追加しました（memo_78）: bulk memo 60 xxxxxxxxxxxxxxxxxxxxxxxxxxxxxxxxxxxxxxxxxxxxxxxxxxxxxxxxxxxxxxxxxxxxxxxxxxxxxxxxxxxxxxxxxxxxxxxxxxxxxxxxxxxxxxxxxxxxxxxxxxxxxxxxxxxxxxxxxxxxxxxxxxxxxxxxxxxxxxxxxxxxxxxxxxxxxxxxxxxxxxxxxxxxxxxxxxxxxxxxxxxxxxxxxxxxxxxxxxxxxxxxxxxxxxxxxxxxxxxxxxxxxxxxxxxxxxxxxxxxxxxxxxxxxxxxxxxxxxxxxxxxxxxxxxxxxxxxxxxxxxxxxxxxxxxxxxxxxxxxxxxxxxxxxxxxxxxxxxxxxxxxxxxxxxxxxxxxxxxxxxxxxxxxxxxxxxxxxxxxxxxxxxxxxxxxxxxxxxxx
2026-09-07 17:24:28 [INFO] tools: メモを追加しました（memo_79）: bulk memo 61 xxxxxxxxxxxxxxxxxxxxxxxxxxxxxxxxxxxxxxxxxxxxxxxxxxxxxxxxxxxxxxxxxxxxxxxxxxxxxxxxxxxxxxxxxxxxxxxxxxxxxxxxxxxxxxxxxxxxxxxxxxxxxxxxxxxxxxxxxxxxxxxxxxxxxxxxxxxxxxxxxxxxxxxxxxxxxxxxxxxxxxxxxxxxxxxxxxxxxxxxxxxxxxxxxxxxxxxxxxxxxxxxxxxxxxxxxxxxxxxxxxxxxxxxxxxxxxxxxxxxxxxxxxxxxxxxxxxxxxxxxxxxxxxxxxxxxxxxxxxxxxxxxxxxxxxxxxxxxxxxxxxxxxxxxxxxxxxxxxxxxxxxxxxxxxxxxxxxxxxxxxxxxxxxxxxxxxxxxxxxxxxxxxxxxxxxxxxxxxxx
2026-09-07 17:24:28 [INFO] tools: メモを追加しました（memo_80）: bulk memo 62 xxxxxxxxxxxxxxxxxxxxxxxxxxxxxxxxxxxxxxxxxxxxxxxxxxxxxxxxxxxxxxxxxxxxxxxxxxxxxxxxxxxxxxxxxxxxxxxxxxxxxxxxxxxxxxxxxxxxxxxxxxxxxxxxxxxxxxxxxxxxxxxxxxxxxxxxxxxxxxxxxxxxxxxxxxxxxxxxxxxxxxxxxxxxxxxxxxxxxxxxxxxxxxxxxxxxxxxxxxxxxxxxxxxxxxxxxxxxxxxxxxxxxxxxxxxxxxxxxxxxxxxxxxxxxxxxxxxxxxxxxxxxxxxxxxxxxxxxxxxxxxxxxxxxxxxxxxxxxxxxxxxxxxxxxxxxxxxxxxxxxxxxxxxxxxxxxxxxxxxxxxxxxxxxxxxxxxxxxxxxxxxxxxxxxxxxxxxxxxxx
2026-09-07 17:24:28 [INFO] tools: メモを追加しました（memo_81）: bulk memo 63 xxxxxxxxxxxxxxxxxxxxxxxxxxxxxxxxxxxxxxxxxxxxxxxxxxxxxxxxxxxxxxxxxxxxxxxxxxxxxxxxxxxxxxxxxxxxxxxxxxxxxxxxxxxxxxxxxxxxxxxxxxxxxxxxxxxxxxxxxxxxxxxxxxxxxxxxxxxxxxxxxxxxxxxxxxxxxxxxxxxxxxxxxxxxxxxxxxxxxxxxxxxxxxxxxxxxxxxxxxxxxxxxxxxxxxxxxxxxxxxxxxxxxxxxxxxxxxxxxxxxxxxxxxxxxxxxxxxxxxxxxxxxxxxxxxxxxxxxxxxxxxxxxxxxxxxxxxxxxxxxxxxxxxxxxxxxxxxxxxxxxxxxxxxxxxxxxxxxxxxxxxxxxxxxxxxxxxxxxxxxxxxxxxxxxxxxxxxxxxxx
2026-09-07 17:24:28 [INFO] tools: メモを追加しました（memo_82）: bulk memo 64 xxxxxxxxxxxxxxxxxxxxxxxxxxxxxxxxxxxxxxxxxxxxxxxxxxxxxxxxxxxxxxxxxxxxxxxxxxxxxxxxxxxxxxxxxxxxxxxxxxxxxxxxxxxxxxxxxxxxxxxxxxxxxxxxxxxxxxxxxxxxxxxxxxxxxxxxxxxxxxxxxxxxxxxxxxxxxxxxxxxxxxxxxxxxxxxxxxxxxxxxxxxxxxxxxxxxxxxxxxxxxxxxxxxxxxxxxxxxxxxxxxxxxxxxxxxxxxxxxxxxxxxxxxxxxxxxxxxxxxxxxxxxxxxxxxxxxxxxxxxxxxxxxxxxxxxxxxxxxxxxxxxxxxxxxxxxxxxxxxxxxxxxxxxxxxxxxxxxxxxxxxxxxxxxxxxxxxxxxxxxxxxxxxxxxxxxxxxxxxxx
2026-09-07 17:24:29 [INFO] tools: メモを追加しました（memo_83）: bulk memo 65 xxxxxxxxxxxxxxxxxxxxxxxxxxxxxxxxxxxxxxxxxxxxxxxxxxxxxxxxxxxxxxxxxxxxxxxxxxxxxxxxxxxxxxxxxxxxxxxxxxxxxxxxxxxxxxxxxxxxxxxxxxxxxxxxxxxxxxxxxxxxxxxxxxxxxxxxxxxxxxxxxxxxxxxxxxxxxxxxxxxxxxxxxxxxxxxxxxxxxxxxxxxxxxxxxxxxxxxxxxxxxxxxxxxxxxxxxxxxxxxxxxxxxxxxxxxxxxxxxxxxxxxxxxxxxxxxxxxxxxxxxxxxxxxxxxxxxxxxxxxxxxxxxxxxxxxxxxxxxxxxxxxxxxxxxxxxxxxxxxxxxxxxxxxxxxxxxxxxxxxxxxxxxxxxxxxxxxxxxxxxxxxxxxxxxxxxxxxxxxxx
2026-09-07 17:24:29 [INFO] tools: メモを追加しました（memo_84）: bulk memo 66 xxxxxxxxxxxxxxxxxxxxxxxxxxxxxxxxxxxxxxxxxxxxxxxxxxxxxxxxxxxxxxxxxxxxxxxxxxxxxxxxxxxxxxxxxxxxxxxxxxxxxxxxxxxxxxxxxxxxxxxxxxxxxxxxxxxxxxxxxxxxxxxxxxxxxxxxxxxxxxxxxxxxxxxxxxxxxxxxxxxxxxxxxxxxxxxxxxxxxxxxxxxxxxxxxxxxxxxxxxxxxxxxxxxxxxxxxxxxxxxxxxxxxxxxxxxxxxxxxxxxxxxxxxxxxxxxxxxxxxxxxxxxxxxxxxxxxxxxxxxxxxxxxxxxxxxxxxxxxxxxxxxxxxxxxxxxxxxxxxxxxxxxxxxxxxxxxxxxxxxxxxxxxxxxxxxxxxxxxxxxxxxxxxxxxxxxxxxxxxxx
2026-09-07 17:24:29 [INFO] tools: メモを追加しました（memo_85）: bulk memo 67 xxxxxxxxxxxxxxxxxxxxxxxxxxxxxxxxxxxxxxxxxxxxxxxxxxxxxxxxxxxxxxxxxxxxxxxxxxxxxxxxxxxxxxxxxxxxxxxxxxxxxxxxxxxxxxxxxxxxxxxxxxxxxxxxxxxxxxxxxxxxxxxxxxxxxxxxxxxxxxxxxxxxxxxxxxxxxxxxxxxxxxxxxxxxxxxxxxxxxxxxxxxxxxxxxxxxxxxxxxxxxxxxxxxxxxxxxxxxxxxxxxxxxxxxxxxxxxxxxxxxxxxxxxxxxxxxxxxxxxxxxxxxxxxxxxxxxxxxxxxxxxxxxxxxxxxxxxxxxxxxxxxxxxxxxxxxxxxxxxxxxxxxxxxxxxxxxxxxxxxxxxxxxxxxxxxxxxxxxxxxxxxxxxxxxxxxxxxxxxxx
2026-09-07 17:24:29 [INFO] tools: メモを追加しました（memo_86）: bulk memo 68 xxxxxxxxxxxxxxxxxxxxxxxxxxxxxxxxxxxxxxxxxxxxxxxxxxxxxxxxxxxxxxxxxxxxxxxxxxxxxxxxxxxxxxxxxxxxxxxxxxxxxxxxxxxxxxxxxxxxxxxxxxxxxxxxxxxxxxxxxxxxxxxxxxxxxxxxxxxxxxxxxxxxxxxxxxxxxxxxxxxxxxxxxxxxxxxxxxxxxxxxxxxxxxxxxxxxxxxxxxxxxxxxxxxxxxxxxxxxxxxxxxxxxxxxxxxxxxxxxxxxxxxxxxxxxxxxxxxxxxxxxxxxxxxxxxxxxxxxxxxxxxxxxxxxxxxxxxxxxxxxxxxxxxxxxxxxxxxxxxxxxxxxxxxxxxxxxxxxxxxxxxxxxxxxxxxxxxxxxxxxxxxxxxxxxxxxxxxxxxxx
2026-09-07 17:24:29 [INFO] tools: メモを追加しました（memo_87）: bulk memo 69 xxxxxxxxxxxxxxxxxxxxxxxxxxxxxxxxxxxxxxxxxxxxxxxxxxxxxxxxxxxxxxxxxxxxxxxxxxxxxxxxxxxxxxxxxxxxxxxxxxxxxxxxxxxxxxxxxxxxxxxxxxxxxxxxxxxxxxxxxxxxxxxxxxxxxxxxxxxxxxxxxxxxxxxxxxxxxxxxxxxxxxxxxxxxxxxxxxxxxxxxxxxxxxxxxxxxxxxxxxxxxxxxxxxxxxxxxxxxxxxxxxxxxxxxxxxxxxxxxxxxxxxxxxxxxxxxxxxxxxxxxxxxxxxxxxxxxxxxxxxxxxxxxxxxxxxxxxxxxxxxxxxxxxxxxxxxxxxxxxxxxxxxxxxxxxxxxxxxxxxxxxxxxxxxxxxxxxxxxxxxxxxxxxxxxxxxxxxxxxxx
2026-09-07 17:24:29 [INFO] tools: メモを追加しました（memo_88）: bulk memo 70 xxxxxxxxxxxxxxxxxxxxxxxxxxxxxxxxxxxxxxxxxxxxxxxxxxxxxxxxxxxxxxxxxxxxxxxxxxxxxxxxxxxxxxxxxxxxxxxxxxxxxxxxxxxxxxxxxxxxxxxxxxxxxxxxxxxxxxxxxxxxxxxxxxxxxxxxxxxxxxxxxxxxxxxxxxxxxxxxxxxxxxxxxxxxxxxxxxxxxxxxxxxxxxxxxxxxxxxxxxxxxxxxxxxxxxxxxxxxxxxxxxxxxxxxxxxxxxxxxxxxxxxxxxxxxxxxxxxxxxxxxxxxxxxxxxxxxxxxxxxxxxxxxxxxxxxxxxxxxxxxxxxxxxxxxxxxxxxxxxxxxxxxxxxxxxxxxxxxxxxxxxxxxxxxxxxxxxxxxxxxxxxxxxxxxxxxxxxxxxxx
2026-09-07 17:24:29 [INFO] tools: メモを追加しました（memo_89）: bulk memo 71 xxxxxxxxxxxxxxxxxxxxxxxxxxxxxxxxxxxxxxxxxxxxxxxxxxxxxxxxxxxxxxxxxxxxxxxxxxxxxxxxxxxxxxxxxxxxxxxxxxxxxxxxxxxxxxxxxxxxxxxxxxxxxxxxxxxxxxxxxxxxxxxxxxxxxxxxxxxxxxxxxxxxxxxxxxxxxxxxxxxxxxxxxxxxxxxxxxxxxxxxxxxxxxxxxxxxxxxxxxxxxxxxxxxxxxxxxxxxxxxxxxxxxxxxxxxxxxxxxxxxxxxxxxxxxxxxxxxxxxxxxxxxxxxxxxxxxxxxxxxxxxxxxxxxxxxxxxxxxxxxxxxxxxxxxxxxxxxxxxxxxxxxxxxxxxxxxxxxxxxxxxxxxxxxxxxxxxxxxxxxxxxxxxxxxxxxxxxxxxxx
2026-09-07 17:24:29 [INFO] tools: メモを追加しました（memo_90）: bulk memo 72 xxxxxxxxxxxxxxxxxxxxxxxxxxxxxxxxxxxxxxxxxxxxxxxxxxxxxxxxxxxxxxxxxxxxxxxxxxxxxxxxxxxxxxxxxxxxxxxxxxxxxxxxxxxxxxxxxxxxxxxxxxxxxxxxxxxxxxxxxxxxxxxxxxxxxxxxxxxxxxxxxxxxxxxxxxxxxxxxxxxxxxxxxxxxxxxxxxxxxxxxxxxxxxxxxxxxxxxxxxxxxxxxxxxxxxxxxxxxxxxxxxxxxxxxxxxxxxxxxxxxxxxxxxxxxxxxxxxxxxxxxxxxxxxxxxxxxxxxxxxxxxxxxxxxxxxxxxxxxxxxxxxxxxxxxxxxxxxxxxxxxxxxxxxxxxxxxxxxxxxxxxxxxxxxxxxxxxxxxxxxxxxxxxxxxxxxxxxxxxxx
2026-09-07 17:24:29 [INFO] tools: メモを追加しました（memo_91）: bulk memo 73 xxxxxxxxxxxxxxxxxxxxxxxxxxxxxxxxxxxxxxxxxxxxxxxxxxxxxxxxxxxxxxxxxxxxxxxxxxxxxxxxxxxxxxxxxxxxxxxxxxxxxxxxxxxxxxxxxxxxxxxxxxxxxxxxxxxxxxxxxxxxxxxxxxxxxxxxxxxxxxxxxxxxxxxxxxxxxxxxxxxxxxxxxxxxxxxxxxxxxxxxxxxxxxxxxxxxxxxxxxxxxxxxxxxxxxxxxxxxxxxxxxxxxxxxxxxxxxxxxxxxxxxxxxxxxxxxxxxxxxxxxxxxxxxxxxxxxxxxxxxxxxxxxxxxxxxxxxxxxxxxxxxxxxxxxxxxxxxxxxxxxxxxxxxxxxxxxxxxxxxxxxxxxxxxxxxxxxxxxxxxxxxxxxxxxxxxxxxxxxxx
2026-09-07 17:24:29 [INFO] tools: メモを追加しました（memo_92）: bulk memo 74 xxxxxxxxxxxxxxxxxxxxxxxxxxxxxxxxxxxxxxxxxxxxxxxxxxxxxxxxxxxxxxxxxxxxxxxxxxxxxxxxxxxxxxxxxxxxxxxxxxxxxxxxxxxxxxxxxxxxxxxxxxxxxxxxxxxxxxxxxxxxxxxxxxxxxxxxxxxxxxxxxxxxxxxxxxxxxxxxxxxxxxxxxxxxxxxxxxxxxxxxxxxxxxxxxxxxxxxxxxxxxxxxxxxxxxxxxxxxxxxxxxxxxxxxxxxxxxxxxxxxxxxxxxxxxxxxxxxxxxxxxxxxxxxxxxxxxxxxxxxxxxxxxxxxxxxxxxxxxxxxxxxxxxxxxxxxxxxxxxxxxxxxxxxxxxxxxxxxxxxxxxxxxxxxxxxxxxxxxxxxxxxxxxxxxxxxxxxxxxxx
2026-09-07 17:24:29 [INFO] tools: メモを追加しました（memo_93）: bulk memo 75 xxxxxxxxxxxxxxxxxxxxxxxxxxxxxxxxxxxxxxxxxxxxxxxxxxxxxxxxxxxxxxxxxxxxxxxxxxxxxxxxxxxxxxxxxxxxxxxxxxxxxxxxxxxxxxxxxxxxxxxxxxxxxxxxxxxxxxxxxxxxxxxxxxxxxxxxxxxxxxxxxxxxxxxxxxxxxxxxxxxxxxxxxxxxxxxxxxxxxxxxxxxxxxxxxxxxxxxxxxxxxxxxxxxxxxxxxxxxxxxxxxxxxxxxxxxxxxxxxxxxxxxxxxxxxxxxxxxxxxxxxxxxxxxxxxxxxxxxxxxxxxxxxxxxxxxxxxxxxxxxxxxxxxxxxxxxxxxxxxxxxxxxxxxxxxxxxxxxxxxxxxxxxxxxxxxxxxxxxxxxxxxxxxxxxxxxxxxxxxxx
2026-09-07 17:24:29 [INFO] tools: メモを追加しました（memo_94）: bulk memo 76 xxxxxxxxxxxxxxxxxxxxxxxxxxxxxxxxxxxxxxxxxxxxxxxxxxxxxxxxxxxxxxxxxxxxxxxxxxxxxxxxxxxxxxxxxxxxxxxxxxxxxxxxxxxxxxxxxxxxxxxxxxxxxxxxxxxxxxxxxxxxxxxxxxxxxxxxxxxxxxxxxxxxxxxxxxxxxxxxxxxxxxxxxxxxxxxxxxxxxxxxxxxxxxxxxxxxxxxxxxxxxxxxxxxxxxxxxxxxxxxxxxxxxxxxxxxxxxxxxxxxxxxxxxxxxxxxxxxxxxxxxxxxxxxxxxxxxxxxxxxxxxxxxxxxxxxxxxxxxxxxxxxxxxxxxxxxxxxxxxxxxxxxxxxxxxxxxxxxxxxxxxxxxxxxxxxxxxxxxxxxxxxxxxxxxxxxxxxxxxxx
2026-09-07 17:24:29 [INFO] tools: メモを追加しました（memo_95）: bulk memo 77 xxxxxxxxxxxxxxxxxxxxxxxxxxxxxxxxxxxxxxxxxxxxxxxxxxxxxxxxxxxxxxxxxxxxxxxxxxxxxxxxxxxxxxxxxxxxxxxxxxxxxxxxxxxxxxxxxxxxxxxxxxxxxxxxxxxxxxxxxxxxxxxxxxxxxxxxxxxxxxxxxxxxxxxxxxxxxxxxxxxxxxxxxxxxxxxxxxxxxxxxxxxxxxxxxxxxxxxxxxxxxxxxxxxxxxxxxxxxxxxxxxxxxxxxxxxxxxxxxxxxxxxxxxxxxxxxxxxxxxxxxxxxxxxxxxxxxxxxxxxxxxxxxxxxxxxxxxxxxxxxxxxxxxxxxxxxxxxxxxxxxxxxxxxxxxxxxxxxxxxxxxxxxxxxxxxxxxxxxxxxxxxxxxxxxxxxxxxxxxxx
2026-09-07 17:24:29 [INFO] tools: メモを追加しました（memo_96）: bulk memo 78 xxxxxxxxxxxxxxxxxxxxxxxxxxxxxxxxxxxxxxxxxxxxxxxxxxxxxxxxxxxxxxxxxxxxxxxxxxxxxxxxxxxxxxxxxxxxxxxxxxxxxxxxxxxxxxxxxxxxxxxxxxxxxxxxxxxxxxxxxxxxxxxxxxxxxxxxxxxxxxxxxxxxxxxxxxxxxxxxxxxxxxxxxxxxxxxxxxxxxxxxxxxxxxxxxxxxxxxxxxxxxxxxxxxxxxxxxxxxxxxxxxxxxxxxxxxxxxxxxxxxxxxxxxxxxxxxxxxxxxxxxxxxxxxxxxxxxxxxxxxxxxxxxxxxxxxxxxxxxxxxxxxxxxxxxxxxxxxxxxxxxxxxxxxxxxxxxxxxxxxxxxxxxxxxxxxxxxxxxxxxxxxxxxxxxxxxxxxxxxxx
2026-09-07 17:24:29 [INFO] tools: メモを追加しました（memo_97）: bulk memo 79 xxxxxxxxxxxxxxxxxxxxxxxxxxxxxxxxxxxxxxxxxxxxxxxxxxxxxxxxxxxxxxxxxxxxxxxxxxxxxxxxxxxxxxxxxxxxxxxxxxxxxxxxxxxxxxxxxxxxxxxxxxxxxxxxxxxxxxxxxxxxxxxxxxxxxxxxxxxxxxxxxxxxxxxxxxxxxxxxxxxxxxxxxxxxxxxxxxxxxxxxxxxxxxxxxxxxxxxxxxxxxxxxxxxxxxxxxxxxxxxxxxxxxxxxxxxxxxxxxxxxxxxxxxxxxxxxxxxxxxxxxxxxxxxxxxxxxxxxxxxxxxxxxxxxxxxxxxxxxxxxxxxxxxxxxxxxxxxxxxxxxxxxxxxxxxxxxxxxxxxxxxxxxxxxxxxxxxxxxxxxxxxxxxxxxxxxxxxxxxxx
2026-09-07 17:24:29 [INFO] tools: メモを追加しました（memo_98）: bulk memo 80 xxxxxxxxxxxxxxxxxxxxxxxxxxxxxxxxxxxxxxxxxxxxxxxxxxxxxxxxxxxxxxxxxxxxxxxxxxxxxxxxxxxxxxxxxxxxxxxxxxxxxxxxxxxxxxxxxxxxxxxxxxxxxxxxxxxxxxxxxxxxxxxxxxxxxxxxxxxxxxxxxxxxxxxxxxxxxxxxxxxxxxxxxxxxxxxxxxxxxxxxxxxxxxxxxxxxxxxxxxxxxxxxxxxxxxxxxxxxxxxxxxxxxxxxxxxxxxxxxxxxxxxxxxxxxxxxxxxxxxxxxxxxxxxxxxxxxxxxxxxxxxxxxxxxxxxxxxxxxxxxxxxxxxxxxxxxxxxxxxxxxxxxxxxxxxxxxxxxxxxxxxxxxxxxxxxxxxxxxxxxxxxxxxxxxxxxxxxxxxxx
2026-09-07 17:24:29 [INFO] tools: メモを追加しました（memo_99）: bulk memo 81 xxxxxxxxxxxxxxxxxxxxxxxxxxxxxxxxxxxxxxxxxxxxxxxxxxxxxxxxxxxxxxxxxxxxxxxxxxxxxxxxxxxxxxxxxxxxxxxxxxxxxxxxxxxxxxxxxxxxxxxxxxxxxxxxxxxxxxxxxxxxxxxxxxxxxxxxxxxxxxxxxxxxxxxxxxxxxxxxxxxxxxxxxxxxxxxxxxxxxxxxxxxxxxxxxxxxxxxxxxxxxxxxxxxxxxxxxxxxxxxxxxxxxxxxxxxxxxxxxxxxxxxxxxxxxxxxxxxxxxxxxxxxxxxxxxxxxxxxxxxxxxxxxxxxxxxxxxxxxxxxxxxxxxxxxxxxxxxxxxxxxxxxxxxxxxxxxxxxxxxxxxxxxxxxxxxxxxxxxxxxxxxxxxxxxxxxxxxxxxxx
2026-09-07 17:24:29 [INFO] tools: メモを追加しました（memo_100）: bulk memo 82 xxxxxxxxxxxxxxxxxxxxxxxxxxxxxxxxxxxxxxxxxxxxxxxxxxxxxxxxxxxxxxxxxxxxxxxxxxxxxxxxxxxxxxxxxxxxxxxxxxxxxxxxxxxxxxxxxxxxxxxxxxxxxxxxxxxxxxxxxxxxxxxxxxxxxxxxxxxxxxxxxxxxxxxxxxxxxxxxxxxxxxxxxxxxxxxxxxxxxxxxxxxxxxxxxxxxxxxxxxxxxxxxxxxxxxxxxxxxxxxxxxxxxxxxxxxxxxxxxxxxxxxxxxxxxxxxxxxxxxxxxxxxxxxxxxxxxxxxxxxxxxxxxxxxxxxxxxxxxxxxxxxxxxxxxxxxxxxxxxxxxxxxxxxxxxxxxxxxxxxxxxxxxxxxxxxxxxxxxxxxxxxxxxxxxxxxxxxxxxxx
2026-09-07 17:24:29 [INFO] tools: メモを追加しました（memo_101）: bulk memo 83 xxxxxxxxxxxxxxxxxxxxxxxxxxxxxxxxxxxxxxxxxxxxxxxxxxxxxxxxxxxxxxxxxxxxxxxxxxxxxxxxxxxxxxxxxxxxxxxxxxxxxxxxxxxxxxxxxxxxxxxxxxxxxxxxxxxxxxxxxxxxxxxxxxxxxxxxxxxxxxxxxxxxxxxxxxxxxxxxxxxxxxxxxxxxxxxxxxxxxxxxxxxxxxxxxxxxxxxxxxxxxxxxxxxxxxxxxxxxxxxxxxxxxxxxxxxxxxxxxxxxxxxxxxxxxxxxxxxxxxxxxxxxxxxxxxxxxxxxxxxxxxxxxxxxxxxxxxxxxxxxxxxxxxxxxxxxxxxxxxxxxxxxxxxxxxxxxxxxxxxxxxxxxxxxxxxxxxxxxxxxxxxxxxxxxxxxxxxxxxxx
2026-09-07 17:24:29 [INFO] tools: メモを追加しました（memo_102）: bulk memo 84 xxxxxxxxxxxxxxxxxxxxxxxxxxxxxxxxxxxxxxxxxxxxxxxxxxxxxxxxxxxxxxxxxxxxxxxxxxxxxxxxxxxxxxxxxxxxxxxxxxxxxxxxxxxxxxxxxxxxxxxxxxxxxxxxxxxxxxxxxxxxxxxxxxxxxxxxxxxxxxxxxxxxxxxxxxxxxxxxxxxxxxxxxxxxxxxxxxxxxxxxxxxxxxxxxxxxxxxxxxxxxxxxxxxxxxxxxxxxxxxxxxxxxxxxxxxxxxxxxxxxxxxxxxxxxxxxxxxxxxxxxxxxxxxxxxxxxxxxxxxxxxxxxxxxxxxxxxxxxxxxxxxxxxxxxxxxxxxxxxxxxxxxxxxxxxxxxxxxxxxxxxxxxxxxxxxxxxxxxxxxxxxxxxxxxxxxxxxxxxxx
2026-09-07 17:24:29 [INFO] tools: メモを追加しました（memo_103）: bulk memo 85 xxxxxxxxxxxxxxxxxxxxxxxxxxxxxxxxxxxxxxxxxxxxxxxxxxxxxxxxxxxxxxxxxxxxxxxxxxxxxxxxxxxxxxxxxxxxxxxxxxxxxxxxxxxxxxxxxxxxxxxxxxxxxxxxxxxxxxxxxxxxxxxxxxxxxxxxxxxxxxxxxxxxxxxxxxxxxxxxxxxxxxxxxxxxxxxxxxxxxxxxxxxxxxxxxxxxxxxxxxxxxxxxxxxxxxxxxxxxxxxxxxxxxxxxxxxxxxxxxxxxxxxxxxxxxxxxxxxxxxxxxxxxxxxxxxxxxxxxxxxxxxxxxxxxxxxxxxxxxxxxxxxxxxxxxxxxxxxxxxxxxxxxxxxxxxxxxxxxxxxxxxxxxxxxxxxxxxxxxxxxxxxxxxxxxxxxxxxxxxxx
2026-09-07 17:24:29 [INFO] tools: メモを追加しました（memo_104）: bulk memo 86 xxxxxxxxxxxxxxxxxxxxxxxxxxxxxxxxxxxxxxxxxxxxxxxxxxxxxxxxxxxxxxxxxxxxxxxxxxxxxxxxxxxxxxxxxxxxxxxxxxxxxxxxxxxxxxxxxxxxxxxxxxxxxxxxxxxxxxxxxxxxxxxxxxxxxxxxxxxxxxxxxxxxxxxxxxxxxxxxxxxxxxxxxxxxxxxxxxxxxxxxxxxxxxxxxxxxxxxxxxxxxxxxxxxxxxxxxxxxxxxxxxxxxxxxxxxxxxxxxxxxxxxxxxxxxxxxxxxxxxxxxxxxxxxxxxxxxxxxxxxxxxxxxxxxxxxxxxxxxxxxxxxxxxxxxxxxxxxxxxxxxxxxxxxxxxxxxxxxxxxxxxxxxxxxxxxxxxxxxxxxxxxxxxxxxxxxxxxxxxxx
2026-09-07 17:24:29 [INFO] tools: メモを追加しました（memo_105）: bulk memo 87 xxxxxxxxxxxxxxxxxxxxxxxxxxxxxxxxxxxxxxxxxxxxxxxxxxxxxxxxxxxxxxxxxxxxxxxxxxxxxxxxxxxxxxxxxxxxxxxxxxxxxxxxxxxxxxxxxxxxxxxxxxxxxxxxxxxxxxxxxxxxxxxxxxxxxxxxxxxxxxxxxxxxxxxxxxxxxxxxxxxxxxxxxxxxxxxxxxxxxxxxxxxxxxxxxxxxxxxxxxxxxxxxxxxxxxxxxxxxxxxxxxxxxxxxxxxxxxxxxxxxxxxxxxxxxxxxxxxxxxxxxxxxxxxxxxxxxxxxxxxxxxxxxxxxxxxxxxxxxxxxxxxxxxxxxxxxxxxxxxxxxxxxxxxxxxxxxxxxxxxxxxxxxxxxxxxxxxxxxxxxxxxxxxxxxxxxxxxxxxxx
2026-09-07 17:24:29 [INFO] tools: メモを追加しました（memo_106）: bulk memo 88 xxxxxxxxxxxxxxxxxxxxxxxxxxxxxxxxxxxxxxxxxxxxxxxxxxxxxxxxxxxxxxxxxxxxxxxxxxxxxxxxxxxxxxxxxxxxxxxxxxxxxxxxxxxxxxxxxxxxxxxxxxxxxxxxxxxxxxxxxxxxxxxxxxxxxxxxxxxxxxxxxxxxxxxxxxxxxxxxxxxxxxxxxxxxxxxxxxxxxxxxxxxxxxxxxxxxxxxxxxxxxxxxxxxxxxxxxxxxxxxxxxxxxxxxxxxxxxxxxxxxxxxxxxxxxxxxxxxxxxxxxxxxxxxxxxxxxxxxxxxxxxxxxxxxxxxxxxxxxxxxxxxxxxxxxxxxxxxxxxxxxxxxxxxxxxxxxxxxxxxxxxxxxxxxxxxxxxxxxxxxxxxxxxxxxxxxxxxxxxxx
2026-09-07 17:24:29 [INFO] tools: メモを追加しました（memo_107）: bulk memo 89 xxxxxxxxxxxxxxxxxxxxxxxxxxxxxxxxxxxxxxxxxxxxxxxxxxxxxxxxxxxxxxxxxxxxxxxxxxxxxxxxxxxxxxxxxxxxxxxxxxxxxxxxxxxxxxxxxxxxxxxxxxxxxxxxxxxxxxxxxxxxxxxxxxxxxxxxxxxxxxxxxxxxxxxxxxxxxxxxxxxxxxxxxxxxxxxxxxxxxxxxxxxxxxxxxxxxxxxxxxxxxxxxxxxxxxxxxxxxxxxxxxxxxxxxxxxxxxxxxxxxxxxxxxxxxxxxxxxxxxxxxxxxxxxxxxxxxxxxxxxxxxxxxxxxxxxxxxxxxxxxxxxxxxxxxxxxxxxxxxxxxxxxxxxxxxxxxxxxxxxxxxxxxxxxxxxxxxxxxxxxxxxxxxxxxxxxxxxxxxxx
2026-09-07 17:24:29 [INFO] tools: メモを追加しました（memo_108）: bulk memo 90 xxxxxxxxxxxxxxxxxxxxxxxxxxxxxxxxxxxxxxxxxxxxxxxxxxxxxxxxxxxxxxxxxxxxxxxxxxxxxxxxxxxxxxxxxxxxxxxxxxxxxxxxxxxxxxxxxxxxxxxxxxxxxxxxxxxxxxxxxxxxxxxxxxxxxxxxxxxxxxxxxxxxxxxxxxxxxxxxxxxxxxxxxxxxxxxxxxxxxxxxxxxxxxxxxxxxxxxxxxxxxxxxxxxxxxxxxxxxxxxxxxxxxxxxxxxxxxxxxxxxxxxxxxxxxxxxxxxxxxxxxxxxxxxxxxxxxxxxxxxxxxxxxxxxxxxxxxxxxxxxxxxxxxxxxxxxxxxxxxxxxxxxxxxxxxxxxxxxxxxxxxxxxxxxxxxxxxxxxxxxxxxxxxxxxxxxxxxxxxxx
2026-09-07 17:24:29 [INFO] tools: メモを追加しました（memo_109）: bulk memo 91 xxxxxxxxxxxxxxxxxxxxxxxxxxxxxxxxxxxxxxxxxxxxxxxxxxxxxxxxxxxxxxxxxxxxxxxxxxxxxxxxxxxxxxxxxxxxxxxxxxxxxxxxxxxxxxxxxxxxxxxxxxxxxxxxxxxxxxxxxxxxxxxxxxxxxxxxxxxxxxxxxxxxxxxxxxxxxxxxxxxxxxxxxxxxxxxxxxxxxxxxxxxxxxxxxxxxxxxxxxxxxxxxxxxxxxxxxxxxxxxxxxxxxxxxxxxxxxxxxxxxxxxxxxxxxxxxxxxxxxxxxxxxxxxxxxxxxxxxxxxxxxxxxxxxxxxxxxxxxxxxxxxxxxxxxxxxxxxxxxxxxxxxxxxxxxxxxxxxxxxxxxxxxxxxxxxxxxxxxxxxxxxxxxxxxxxxxxxxxxxx
2026-09-07 17:24:29 [INFO] tools: メモを追加しました（memo_110）: bulk memo 92 xxxxxxxxxxxxxxxxxxxxxxxxxxxxxxxxxxxxxxxxxxxxxxxxxxxxxxxxxxxxxxxxxxxxxxxxxxxxxxxxxxxxxxxxxxxxxxxxxxxxxxxxxxxxxxxxxxxxxxxxxxxxxxxxxxxxxxxxxxxxxxxxxxxxxxxxxxxxxxxxxxxxxxxxxxxxxxxxxxxxxxxxxxxxxxxxxxxxxxxxxxxxxxxxxxxxxxxxxxxxxxxxxxxxxxxxxxxxxxxxxxxxxxxxxxxxxxxxxxxxxxxxxxxxxxxxxxxxxxxxxxxxxxxxxxxxxxxxxxxxxxxxxxxxxxxxxxxxxxxxxxxxxxxxxxxxxxxxxxxxxxxxxxxxxxxxxxxxxxxxxxxxxxxxxxxxxxxxxxxxxxxxxxxxxxxxxxxxxxxx
2026-09-07 17:24:29 [INFO] tools: メモを追加しました（memo_111）: bulk memo 93 xxxxxxxxxxxxxxxxxxxxxxxxxxxxxxxxxxxxxxxxxxxxxxxxxxxxxxxxxxxxxxxxxxxxxxxxxxxxxxxxxxxxxxxxxxxxxxxxxxxxxxxxxxxxxxxxxxxxxxxxxxxxxxxxxxxxxxxxxxxxxxxxxxxxxxxxxxxxxxxxxxxxxxxxxxxxxxxxxxxxxxxxxxxxxxxxxxxxxxxxxxxxxxxxxxxxxxxxxxxxxxxxxxxxxxxxxxxxxxxxxxxxxxxxxxxxxxxxxxxxxxxxxxxxxxxxxxxxxxxxxxxxxxxxxxxxxxxxxxxxxxxxxxxxxxxxxxxxxxxxxxxxxxxxxxxxxxxxxxxxxxxxxxxxxxxxxxxxxxxxxxxxxxxxxxxxxxxxxxxxxxxxxxxxxxxxxxxxxxxx
2026-09-07 17:24:29 [INFO] tools: メモを追加しました（memo_112）: bulk memo 94 xxxxxxxxxxxxxxxxxxxxxxxxxxxxxxxxxxxxxxxxxxxxxxxxxxxxxxxxxxxxxxxxxxxxxxxxxxxxxxxxxxxxxxxxxxxxxxxxxxxxxxxxxxxxxxxxxxxxxxxxxxxxxxxxxxxxxxxxxxxxxxxxxxxxxxxxxxxxxxxxxxxxxxxxxxxxxxxxxxxxxxxxxxxxxxxxxxxxxxxxxxxxxxxxxxxxxxxxxxxxxxxxxxxxxxxxxxxxxxxxxxxxxxxxxxxxxxxxxxxxxxxxxxxxxxxxxxxxxxxxxxxxxxxxxxxxxxxxxxxxxxxxxxxxxxxxxxxxxxxxxxxxxxxxxxxxxxxxxxxxxxxxxxxxxxxxxxxxxxxxxxxxxxxxxxxxxxxxxxxxxxxxxxxxxxxxxxxxxxxx
2026-09-07 17:24:29 [INFO] tools: メモを追加しました（memo_113）: bulk memo 95 xxxxxxxxxxxxxxxxxxxxxxxxxxxxxxxxxxxxxxxxxxxxxxxxxxxxxxxxxxxxxxxxxxxxxxxxxxxxxxxxxxxxxxxxxxxxxxxxxxxxxxxxxxxxxxxxxxxxxxxxxxxxxxxxxxxxxxxxxxxxxxxxxxxxxxxxxxxxxxxxxxxxxxxxxxxxxxxxxxxxxxxxxxxxxxxxxxxxxxxxxxxxxxxxxxxxxxxxxxxxxxxxxxxxxxxxxxxxxxxxxxxxxxxxxxxxxxxxxxxxxxxxxxxxxxxxxxxxxxxxxxxxxxxxxxxxxxxxxxxxxxxxxxxxxxxxxxxxxxxxxxxxxxxxxxxxxxxxxxxxxxxxxxxxxxxxxxxxxxxxxxxxxxxxxxxxxxxxxxxxxxxxxxxxxxxxxxxxxxxx
2026-09-07 17:24:29 [INFO] tools: メモを追加しました（memo_114）: bulk memo 96 xxxxxxxxxxxxxxxxxxxxxxxxxxxxxxxxxxxxxxxxxxxxxxxxxxxxxxxxxxxxxxxxxxxxxxxxxxxxxxxxxxxxxxxxxxxxxxxxxxxxxxxxxxxxxxxxxxxxxxxxxxxxxxxxxxxxxxxxxxxxxxxxxxxxxxxxxxxxxxxxxxxxxxxxxxxxxxxxxxxxxxxxxxxxxxxxxxxxxxxxxxxxxxxxxxxxxxxxxxxxxxxxxxxxxxxxxxxxxxxxxxxxxxxxxxxxxxxxxxxxxxxxxxxxxxxxxxxxxxxxxxxxxxxxxxxxxxxxxxxxxxxxxxxxxxxxxxxxxxxxxxxxxxxxxxxxxxxxxxxxxxxxxxxxxxxxxxxxxxxxxxxxxxxxxxxxxxxxxxxxxxxxxxxxxxxxxxxxxxxx
2026-09-07 17:24:29 [INFO] tools: メモを追加しました（memo_115）: bulk memo 97 xxxxxxxxxxxxxxxxxxxxxxxxxxxxxxxxxxxxxxxxxxxxxxxxxxxxxxxxxxxxxxxxxxxxxxxxxxxxxxxxxxxxxxxxxxxxxxxxxxxxxxxxxxxxxxxxxxxxxxxxxxxxxxxxxxxxxxxxxxxxxxxxxxxxxxxxxxxxxxxxxxxxxxxxxxxxxxxxxxxxxxxxxxxxxxxxxxxxxxxxxxxxxxxxxxxxxxxxxxxxxxxxxxxxxxxxxxxxxxxxxxxxxxxxxxxxxxxxxxxxxxxxxxxxxxxxxxxxxxxxxxxxxxxxxxxxxxxxxxxxxxxxxxxxxxxxxxxxxxxxxxxxxxxxxxxxxxxxxxxxxxxxxxxxxxxxxxxxxxxxxxxxxxxxxxxxxxxxxxxxxxxxxxxxxxxxxxxxxxxx
2026-09-07 17:24:29 [INFO] tools: メモを追加しました（memo_116）: bulk memo 98 xxxxxxxxxxxxxxxxxxxxxxxxxxxxxxxxxxxxxxxxxxxxxxxxxxxxxxxxxxxxxxxxxxxxxxxxxxxxxxxxxxxxxxxxxxxxxxxxxxxxxxxxxxxxxxxxxxxxxxxxxxxxxxxxxxxxxxxxxxxxxxxxxxxxxxxxxxxxxxxxxxxxxxxxxxxxxxxxxxxxxxxxxxxxxxxxxxxxxxxxxxxxxxxxxxxxxxxxxxxxxxxxxxxxxxxxxxxxxxxxxxxxxxxxxxxxxxxxxxxxxxxxxxxxxxxxxxxxxxxxxxxxxxxxxxxxxxxxxxxxxxxxxxxxxxxxxxxxxxxxxxxxxxxxxxxxxxxxxxxxxxxxxxxxxxxxxxxxxxxxxxxxxxxxxxxxxxxxxxxxxxxxxxxxxxxxxxxxxxxx
2026-09-07 17:24:29 [INFO] tools: メモを追加しました（memo_117）: bulk memo 99 xxxxxxxxxxxxxxxxxxxxxxxxxxxxxxxxxxxxxxxxxxxxxxxxxxxxxxxxxxxxxxxxxxxxxxxxxxxxxxxxxxxxxxxxxxxxxxxxxxxxxxxxxxxxxxxxxxxxxxxxxxxxxxxxxxxxxxxxxxxxxxxxxxxxxxxxxxxxxxxxxxxxxxxxxxxxxxxxxxxxxxxxxxxxxxxxxxxxxxxxxxxxxxxxxxxxxxxxxxxxxxxxxxxxxxxxxxxxxxxxxxxxxxxxxxxxxxxxxxxxxxxxxxxxxxxxxxxxxxxxxxxxxxxxxxxxxxxxxxxxxxxxxxxxxxxxxxxxxxxxxxxxxxxxxxxxxxxxxxxxxxxxxxxxxxxxxxxxxxxxxxxxxxxxxxxxxxxxxxxxxxxxxxxxxxxxxxxxxxxx
2026-09-07 17:24:29 [INFO] tools: メモを追加しました（memo_118）: bulk memo 100 xxxxxxxxxxxxxxxxxxxxxxxxxxxxxxxxxxxxxxxxxxxxxxxxxxxxxxxxxxxxxxxxxxxxxxxxxxxxxxxxxxxxxxxxxxxxxxxxxxxxxxxxxxxxxxxxxxxxxxxxxxxxxxxxxxxxxxxxxxxxxxxxxxxxxxxxxxxxxxxxxxxxxxxxxxxxxxxxxxxxxxxxxxxxxxxxxxxxxxxxxxxxxxxxxxxxxxxxxxxxxxxxxxxxxxxxxxxxxxxxxxxxxxxxxxxxxxxxxxxxxxxxxxxxxxxxxxxxxxxxxxxxxxxxxxxxxxxxxxxxxxxxxxxxxxxxxxxxxxxxxxxxxxxxxxxxxxxxxxxxxxxxxxxxxxxxxxxxxxxxxxxxxxxxxxxxxxxxxxxxxxxxxxxxxxxxxxxxxxxx
2026-09-07 17:24:29 [INFO] tools: メモを追加しました（memo_119）: bulk memo 101 xxxxxxxxxxxxxxxxxxxxxxxxxxxxxxxxxxxxxxxxxxxxxxxxxxxxxxxxxxxxxxxxxxxxxxxxxxxxxxxxxxxxxxxxxxxxxxxxxxxxxxxxxxxxxxxxxxxxxxxxxxxxxxxxxxxxxxxxxxxxxxxxxxxxxxxxxxxxxxxxxxxxxxxxxxxxxxxxxxxxxxxxxxxxxxxxxxxxxxxxxxxxxxxxxxxxxxxxxxxxxxxxxxxxxxxxxxxxxxxxxxxxxxxxxxxxxxxxxxxxxxxxxxxxxxxxxxxxxxxxxxxxxxxxxxxxxxxxxxxxxxxxxxxxxxxxxxxxxxxxxxxxxxxxxxxxxxxxxxxxxxxxxxxxxxxxxxxxxxxxxxxxxxxxxxxxxxxxxxxxxxxxxxxxxxxxxxxxxxxx
2026-09-07 17:24:29 [INFO] tools: メモを追加しました（memo_120）: bulk memo 102 xxxxxxxxxxxxxxxxxxxxxxxxxxxxxxxxxxxxxxxxxxxxxxxxxxxxxxxxxxxxxxxxxxxxxxxxxxxxxxxxxxxxxxxxxxxxxxxxxxxxxxxxxxxxxxxxxxxxxxxxxxxxxxxxxxxxxxxxxxxxxxxxxxxxxxxxxxxxxxxxxxxxxxxxxxxxxxxxxxxxxxxxxxxxxxxxxxxxxxxxxxxxxxxxxxxxxxxxxxxxxxxxxxxxxxxxxxxxxxxxxxxxxxxxxxxxxxxxxxxxxxxxxxxxxxxxxxxxxxxxxxxxxxxxxxxxxxxxxxxxxxxxxxxxxxxxxxxxxxxxxxxxxxxxxxxxxxxxxxxxxxxxxxxxxxxxxxxxxxxxxxxxxxxxxxxxxxxxxxxxxxxxxxxxxxxxxxxxxxxx
2026-09-07 17:24:29 [INFO] tools: メモを追加しました（memo_121）: bulk memo 103 xxxxxxxxxxxxxxxxxxxxxxxxxxxxxxxxxxxxxxxxxxxxxxxxxxxxxxxxxxxxxxxxxxxxxxxxxxxxxxxxxxxxxxxxxxxxxxxxxxxxxxxxxxxxxxxxxxxxxxxxxxxxxxxxxxxxxxxxxxxxxxxxxxxxxxxxxxxxxxxxxxxxxxxxxxxxxxxxxxxxxxxxxxxxxxxxxxxxxxxxxxxxxxxxxxxxxxxxxxxxxxxxxxxxxxxxxxxxxxxxxxxxxxxxxxxxxxxxxxxxxxxxxxxxxxxxxxxxxxxxxxxxxxxxxxxxxxxxxxxxxxxxxxxxxxxxxxxxxxxxxxxxxxxxxxxxxxxxxxxxxxxxxxxxxxxxxxxxxxxxxxxxxxxxxxxxxxxxxxxxxxxxxxxxxxxxxxxxxxxx
2026-09-07 17:24:29 [INFO] tools: メモを追加しました（memo_122）: bulk memo 104 xxxxxxxxxxxxxxxxxxxxxxxxxxxxxxxxxxxxxxxxxxxxxxxxxxxxxxxxxxxxxxxxxxxxxxxxxxxxxxxxxxxxxxxxxxxxxxxxxxxxxxxxxxxxxxxxxxxxxxxxxxxxxxxxxxxxxxxxxxxxxxxxxxxxxxxxxxxxxxxxxxxxxxxxxxxxxxxxxxxxxxxxxxxxxxxxxxxxxxxxxxxxxxxxxxxxxxxxxxxxxxxxxxxxxxxxxxxxxxxxxxxxxxxxxxxxxxxxxxxxxxxxxxxxxxxxxxxxxxxxxxxxxxxxxxxxxxxxxxxxxxxxxxxxxxxxxxxxxxxxxxxxxxxxxxxxxxxxxxxxxxxxxxxxxxxxxxxxxxxxxxxxxxxxxxxxxxxxxxxxxxxxxxxxxxxxxxxxxxxx
2026-09-07 17:24:29 [INFO] tools: メモを追加しました（memo_123）: bulk memo 105 xxxxxxxxxxxxxxxxxxxxxxxxxxxxxxxxxxxxxxxxxxxxxxxxxxxxxxxxxxxxxxxxxxxxxxxxxxxxxxxxxxxxxxxxxxxxxxxxxxxxxxxxxxxxxxxxxxxxxxxxxxxxxxxxxxxxxxxxxxxxxxxxxxxxxxxxxxxxxxxxxxxxxxxxxxxxxxxxxxxxxxxxxxxxxxxxxxxxxxxxxxxxxxxxxxxxxxxxxxxxxxxxxxxxxxxxxxxxxxxxxxxxxxxxxxxxxxxxxxxxxxxxxxxxxxxxxxxxxxxxxxxxxxxxxxxxxxxxxxxxxxxxxxxxxxxxxxxxxxxxxxxxxxxxxxxxxxxxxxxxxxxxxxxxxxxxxxxxxxxxxxxxxxxxxxxxxxxxxxxxxxxxxxxxxxxxxxxxxxxx
2026-09-07 17:24:29 [INFO] tools: メモを追加しました（memo_124）: bulk memo 106 xxxxxxxxxxxxxxxxxxxxxxxxxxxxxxxxxxxxxxxxxxxxxxxxxxxxxxxxxxxxxxxxxxxxxxxxxxxxxxxxxxxxxxxxxxxxxxxxxxxxxxxxxxxxxxxxxxxxxxxxxxxxxxxxxxxxxxxxxxxxxxxxxxxxxxxxxxxxxxxxxxxxxxxxxxxxxxxxxxxxxxxxxxxxxxxxxxxxxxxxxxxxxxxxxxxxxxxxxxxxxxxxxxxxxxxxxxxxxxxxxxxxxxxxxxxxxxxxxxxxxxxxxxxxxxxxxxxxxxxxxxxxxxxxxxxxxxxxxxxxxxxxxxxxxxxxxxxxxxxxxxxxxxxxxxxxxxxxxxxxxxxxxxxxxxxxxxxxxxxxxxxxxxxxxxxxxxxxxxxxxxxxxxxxxxxxxxxxxxxx
2026-09-07 17:24:29 [INFO] tools: メモを追加しました（memo_125）: bulk memo 107 xxxxxxxxxxxxxxxxxxxxxxxxxxxxxxxxxxxxxxxxxxxxxxxxxxxxxxxxxxxxxxxxxxxxxxxxxxxxxxxxxxxxxxxxxxxxxxxxxxxxxxxxxxxxxxxxxxxxxxxxxxxxxxxxxxxxxxxxxxxxxxxxxxxxxxxxxxxxxxxxxxxxxxxxxxxxxxxxxxxxxxxxxxxxxxxxxxxxxxxxxxxxxxxxxxxxxxxxxxxxxxxxxxxxxxxxxxxxxxxxxxxxxxxxxxxxxxxxxxxxxxxxxxxxxxxxxxxxxxxxxxxxxxxxxxxxxxxxxxxxxxxxxxxxxxxxxxxxxxxxxxxxxxxxxxxxxxxxxxxxxxxxxxxxxxxxxxxxxxxxxxxxxxxxxxxxxxxxxxxxxxxxxxxxxxxxxxxxxxxx
2026-09-07 17:24:29 [INFO] tools: メモを追加しました（memo_126）: bulk memo 108 xxxxxxxxxxxxxxxxxxxxxxxxxxxxxxxxxxxxxxxxxxxxxxxxxxxxxxxxxxxxxxxxxxxxxxxxxxxxxxxxxxxxxxxxxxxxxxxxxxxxxxxxxxxxxxxxxxxxxxxxxxxxxxxxxxxxxxxxxxxxxxxxxxxxxxxxxxxxxxxxxxxxxxxxxxxxxxxxxxxxxxxxxxxxxxxxxxxxxxxxxxxxxxxxxxxxxxxxxxxxxxxxxxxxxxxxxxxxxxxxxxxxxxxxxxxxxxxxxxxxxxxxxxxxxxxxxxxxxxxxxxxxxxxxxxxxxxxxxxxxxxxxxxxxxxxxxxxxxxxxxxxxxxxxxxxxxxxxxxxxxxxxxxxxxxxxxxxxxxxxxxxxxxxxxxxxxxxxxxxxxxxxxxxxxxxxxxxxxxxx
2026-09-07 17:24:29 [INFO] tools: メモを追加しました（memo_127）: bulk memo 109 xxxxxxxxxxxxxxxxxxxxxxxxxxxxxxxxxxxxxxxxxxxxxxxxxxxxxxxxxxxxxxxxxxxxxxxxxxxxxxxxxxxxxxxxxxxxxxxxxxxxxxxxxxxxxxxxxxxxxxxxxxxxxxxxxxxxxxxxxxxxxxxxxxxxxxxxxxxxxxxxxxxxxxxxxxxxxxxxxxxxxxxxxxxxxxxxxxxxxxxxxxxxxxxxxxxxxxxxxxxxxxxxxxxxxxxxxxxxxxxxxxxxxxxxxxxxxxxxxxxxxxxxxxxxxxxxxxxxxxxxxxxxxxxxxxxxxxxxxxxxxxxxxxxxxxxxxxxxxxxxxxxxxxxxxxxxxxxxxxxxxxxxxxxxxxxxxxxxxxxxxxxxxxxxxxxxxxxxxxxxxxxxxxxxxxxxxxxxxxxx
2026-09-07 17:24:29 [INFO] tools: メモを追加しました（memo_128）: bulk memo 110 xxxxxxxxxxxxxxxxxxxxxxxxxxxxxxxxxxxxxxxxxxxxxxxxxxxxxxxxxxxxxxxxxxxxxxxxxxxxxxxxxxxxxxxxxxxxxxxxxxxxxxxxxxxxxxxxxxxxxxxxxxxxxxxxxxxxxxxxxxxxxxxxxxxxxxxxxxxxxxxxxxxxxxxxxxxxxxxxxxxxxxxxxxxxxxxxxxxxxxxxxxxxxxxxxxxxxxxxxxxxxxxxxxxxxxxxxxxxxxxxxxxxxxxxxxxxxxxxxxxxxxxxxxxxxxxxxxxxxxxxxxxxxxxxxxxxxxxxxxxxxxxxxxxxxxxxxxxxxxxxxxxxxxxxxxxxxxxxxxxxxxxxxxxxxxxxxxxxxxxxxxxxxxxxxxxxxxxxxxxxxxxxxxxxxxxxxxxxxxxx
2026-09-07 17:24:29 [INFO] tools: メモを追加しました（memo_129）: bulk memo 111 xxxxxxxxxxxxxxxxxxxxxxxxxxxxxxxxxxxxxxxxxxxxxxxxxxxxxxxxxxxxxxxxxxxxxxxxxxxxxxxxxxxxxxxxxxxxxxxxxxxxxxxxxxxxxxxxxxxxxxxxxxxxxxxxxxxxxxxxxxxxxxxxxxxxxxxxxxxxxxxxxxxxxxxxxxxxxxxxxxxxxxxxxxxxxxxxxxxxxxxxxxxxxxxxxxxxxxxxxxxxxxxxxxxxxxxxxxxxxxxxxxxxxxxxxxxxxxxxxxxxxxxxxxxxxxxxxxxxxxxxxxxxxxxxxxxxxxxxxxxxxxxxxxxxxxxxxxxxxxxxxxxxxxxxxxxxxxxxxxxxxxxxxxxxxxxxxxxxxxxxxxxxxxxxxxxxxxxxxxxxxxxxxxxxxxxxxxxxxxxx
2026-09-07 17:24:29 [INFO] tools: メモを追加しました（memo_130）: bulk memo 112 xxxxxxxxxxxxxxxxxxxxxxxxxxxxxxxxxxxxxxxxxxxxxxxxxxxxxxxxxxxxxxxxxxxxxxxxxxxxxxxxxxxxxxxxxxxxxxxxxxxxxxxxxxxxxxxxxxxxxxxxxxxxxxxxxxxxxxxxxxxxxxxxxxxxxxxxxxxxxxxxxxxxxxxxxxxxxxxxxxxxxxxxxxxxxxxxxxxxxxxxxxxxxxxxxxxxxxxxxxxxxxxxxxxxxxxxxxxxxxxxxxxxxxxxxxxxxxxxxxxxxxxxxxxxxxxxxxxxxxxxxxxxxxxxxxxxxxxxxxxxxxxxxxxxxxxxxxxxxxxxxxxxxxxxxxxxxxxxxxxxxxxxxxxxxxxxxxxxxxxxxxxxxxxxxxxxxxxxxxxxxxxxxxxxxxxxxxxxxxxx
2026-09-07 17:24:29 [INFO] tools: メモを追加しました（memo_131）: bulk memo 113 xxxxxxxxxxxxxxxxxxxxxxxxxxxxxxxxxxxxxxxxxxxxxxxxxxxxxxxxxxxxxxxxxxxxxxxxxxxxxxxxxxxxxxxxxxxxxxxxxxxxxxxxxxxxxxxxxxxxxxxxxxxxxxxxxxxxxxxxxxxxxxxxxxxxxxxxxxxxxxxxxxxxxxxxxxxxxxxxxxxxxxxxxxxxxxxxxxxxxxxxxxxxxxxxxxxxxxxxxxxxxxxxxxxxxxxxxxxxxxxxxxxxxxxxxxxxxxxxxxxxxxxxxxxxxxxxxxxxxxxxxxxxxxxxxxxxxxxxxxxxxxxxxxxxxxxxxxxxxxxxxxxxxxxxxxxxxxxxxxxxxxxxxxxxxxxxxxxxxxxxxxxxxxxxxxxxxxxxxxxxxxxxxxxxxxxxxxxxxxxx
2026-09-07 17:24:29 [INFO] tools: メモを追加しました（memo_132）: bulk memo 114 xxxxxxxxxxxxxxxxxxxxxxxxxxxxxxxxxxxxxxxxxxxxxxxxxxxxxxxxxxxxxxxxxxxxxxxxxxxxxxxxxxxxxxxxxxxxxxxxxxxxxxxxxxxxxxxxxxxxxxxxxxxxxxxxxxxxxxxxxxxxxxxxxxxxxxxxxxxxxxxxxxxxxxxxxxxxxxxxxxxxxxxxxxxxxxxxxxxxxxxxxxxxxxxxxxxxxxxxxxxxxxxxxxxxxxxxxxxxxxxxxxxxxxxxxxxxxxxxxxxxxxxxxxxxxxxxxxxxxxxxxxxxxxxxxxxxxxxxxxxxxxxxxxxxxxxxxxxxxxxxxxxxxxxxxxxxxxxxxxxxxxxxxxxxxxxxxxxxxxxxxxxxxxxxxxxxxxxxxxxxxxxxxxxxxxxxxxxxxxxx
2026-09-07 17:24:29 [INFO] tools: メモを追加しました（memo_133）: bulk memo 115 xxxxxxxxxxxxxxxxxxxxxxxxxxxxxxxxxxxxxxxxxxxxxxxxxxxxxxxxxxxxxxxxxxxxxxxxxxxxxxxxxxxxxxxxxxxxxxxxxxxxxxxxxxxxxxxxxxxxxxxxxxxxxxxxxxxxxxxxxxxxxxxxxxxxxxxxxxxxxxxxxxxxxxxxxxxxxxxxxxxxxxxxxxxxxxxxxxxxxxxxxxxxxxxxxxxxxxxxxxxxxxxxxxxxxxxxxxxxxxxxxxxxxxxxxxxxxxxxxxxxxxxxxxxxxxxxxxxxxxxxxxxxxxxxxxxxxxxxxxxxxxxxxxxxxxxxxxxxxxxxxxxxxxxxxxxxxxxxxxxxxxxxxxxxxxxxxxxxxxxxxxxxxxxxxxxxxxxxxxxxxxxxxxxxxxxxxxxxxxxx
2026-09-07 17:24:29 [INFO] tools: メモを追加しました（memo_134）: bulk memo 116 xxxxxxxxxxxxxxxxxxxxxxxxxxxxxxxxxxxxxxxxxxxxxxxxxxxxxxxxxxxxxxxxxxxxxxxxxxxxxxxxxxxxxxxxxxxxxxxxxxxxxxxxxxxxxxxxxxxxxxxxxxxxxxxxxxxxxxxxxxxxxxxxxxxxxxxxxxxxxxxxxxxxxxxxxxxxxxxxxxxxxxxxxxxxxxxxxxxxxxxxxxxxxxxxxxxxxxxxxxxxxxxxxxxxxxxxxxxxxxxxxxxxxxxxxxxxxxxxxxxxxxxxxxxxxxxxxxxxxxxxxxxxxxxxxxxxxxxxxxxxxxxxxxxxxxxxxxxxxxxxxxxxxxxxxxxxxxxxxxxxxxxxxxxxxxxxxxxxxxxxxxxxxxxxxxxxxxxxxxxxxxxxxxxxxxxxxxxxxxxx
2026-09-07 17:24:29 [INFO] tools: メモを追加しました（memo_135）: bulk memo 117 xxxxxxxxxxxxxxxxxxxxxxxxxxxxxxxxxxxxxxxxxxxxxxxxxxxxxxxxxxxxxxxxxxxxxxxxxxxxxxxxxxxxxxxxxxxxxxxxxxxxxxxxxxxxxxxxxxxxxxxxxxxxxxxxxxxxxxxxxxxxxxxxxxxxxxxxxxxxxxxxxxxxxxxxxxxxxxxxxxxxxxxxxxxxxxxxxxxxxxxxxxxxxxxxxxxxxxxxxxxxxxxxxxxxxxxxxxxxxxxxxxxxxxxxxxxxxxxxxxxxxxxxxxxxxxxxxxxxxxxxxxxxxxxxxxxxxxxxxxxxxxxxxxxxxxxxxxxxxxxxxxxxxxxxxxxxxxxxxxxxxxxxxxxxxxxxxxxxxxxxxxxxxxxxxxxxxxxxxxxxxxxxxxxxxxxxxxxxxxxx
2026-09-07 17:24:29 [INFO] tools: メモを追加しました（memo_136）: bulk memo 118 xxxxxxxxxxxxxxxxxxxxxxxxxxxxxxxxxxxxxxxxxxxxxxxxxxxxxxxxxxxxxxxxxxxxxxxxxxxxxxxxxxxxxxxxxxxxxxxxxxxxxxxxxxxxxxxxxxxxxxxxxxxxxxxxxxxxxxxxxxxxxxxxxxxxxxxxxxxxxxxxxxxxxxxxxxxxxxxxxxxxxxxxxxxxxxxxxxxxxxxxxxxxxxxxxxxxxxxxxxxxxxxxxxxxxxxxxxxxxxxxxxxxxxxxxxxxxxxxxxxxxxxxxxxxxxxxxxxxxxxxxxxxxxxxxxxxxxxxxxxxxxxxxxxxxxxxxxxxxxxxxxxxxxxxxxxxxxxxxxxxxxxxxxxxxxxxxxxxxxxxxxxxxxxxxxxxxxxxxxxxxxxxxxxxxxxxxxxxxxxx
2026-09-07 17:24:29 [INFO] tools: メモを追加しました（memo_137）: bulk memo 119 xxxxxxxxxxxxxxxxxxxxxxxxxxxxxxxxxxxxxxxxxxxxxxxxxxxxxxxxxxxxxxxxxxxxxxxxxxxxxxxxxxxxxxxxxxxxxxxxxxxxxxxxxxxxxxxxxxxxxxxxxxxxxxxxxxxxxxxxxxxxxxxxxxxxxxxxxxxxxxxxxxxxxxxxxxxxxxxxxxxxxxxxxxxxxxxxxxxxxxxxxxxxxxxxxxxxxxxxxxxxxxxxxxxxxxxxxxxxxxxxxxxxxxxxxxxxxxxxxxxxxxxxxxxxxxxxxxxxxxxxxxxxxxxxxxxxxxxxxxxxxxxxxxxxxxxxxxxxxxxxxxxxxxxxxxxxxxxxxxxxxxxxxxxxxxxxxxxxxxxxxxxxxxxxxxxxxxxxxxxxxxxxxxxxxxxxxxxxxxxx
2026-09-07 17:24:29 [WARNING] tools: メモ一覧が非常に大きいです: 51167文字
2026-09-07 17:24:29 [INFO] tools: メモ一覧を取得しました（120件）
2026-09-07 17:24:29 [WARNING] tools: 検索結果が非常に大きいです: 51167文字
2026-09-07 17:24:29 [INFO] tools: メモを検索しました（キーワード: bulk、結果: 120件）
2026-09-07 17:24:29 [INFO] db: SQLiteデータベースを初期化しました: C:\Users\kouki\Downloads\j\jarvis.db
2026-09-07 17:24:29 [INFO] db: SQLiteデータベースを初期化しました: C:\Users\kouki\Downloads\j\jarvis.db
2026-09-07 17:24:29 [INFO] db: SQLiteデータベースを初期化しました: C:\Users\kouki\Downloads\j\jarvis.db
2026-09-07 17:24:30 [INFO] db: SQLiteデータベースを初期化しました: C:\Users\kouki\Downloads\j\jarvis.db
2026-09-07 17:24:30 [INFO] db: SQLiteデータベースを初期化しました: C:\Users\kouki\Downloads\j\jarvis.db
2026-09-07 17:24:30 [INFO] db: SQLiteデータベースを初期化しました: C:\Users\kouki\Downloads\j\jarvis.db
2026-09-07 17:24:30 [INFO] tools: メモを追加しました（memo_138）: state transition
2026-09-07 17:24:30 [INFO] tools: メモを完了状態にしました（memo_138）
2026-09-07 17:24:30 [INFO] tools: メモ一覧を取得しました（1件）
2026-09-07 17:24:30 [INFO] db: SQLiteデータベースを初期化しました: C:\Users\kouki\Downloads\j\jarvis.db
2026-09-07 17:24:30 [INFO] tools: メモを追加しました（memo_139）: timestamp check
2026-09-07 17:24:30 [INFO] db: SQLiteデータベースを初期化しました: C:\Users\kouki\Downloads\j\jarvis.db
2026-09-07 17:24:30 [INFO] tools: メモを追加しました（memo_140）: concurrent 0
2026-09-07 17:24:30 [INFO] tools: メモを追加しました（memo_141）: concurrent 1
2026-09-07 17:24:30 [INFO] tools: メモを追加しました（memo_142）: concurrent 5
2026-09-07 17:24:30 [INFO] tools: メモを追加しました（memo_143）: concurrent 8
2026-09-07 17:24:30 [INFO] tools: メモを追加しました（memo_144）: concurrent 10
2026-09-07 17:24:30 [INFO] tools: メモを追加しました（memo_145）: concurrent 11
2026-09-07 17:24:30 [INFO] tools: メモを追加しました（memo_146）: concurrent 2
2026-09-07 17:24:30 [INFO] tools: メモを追加しました（memo_147）: concurrent 12
2026-09-07 17:24:30 [INFO] tools: メモを追加しました（memo_148）: concurrent 14
2026-09-07 17:24:30 [INFO] tools: メモを追加しました（memo_149）: concurrent 6
2026-09-07 17:24:30 [INFO] tools: メモを追加しました（memo_150）: concurrent 15
2026-09-07 17:24:30 [INFO] tools: メモを追加しました（memo_151）: concurrent 3
2026-09-07 17:24:30 [INFO] tools: メモを追加しました（memo_152）: concurrent 13
2026-09-07 17:24:30 [INFO] tools: メモを追加しました（memo_153）: concurrent 16
2026-09-07 17:24:30 [INFO] tools: メモを追加しました（memo_154）: concurrent 17
2026-09-07 17:24:30 [INFO] tools: メモを追加しました（memo_155）: concurrent 20
2026-09-07 17:24:30 [INFO] tools: メモを追加しました（memo_156）: concurrent 23
2026-09-07 17:24:30 [INFO] tools: メモを追加しました（memo_157）: concurrent 19
2026-09-07 17:24:30 [INFO] tools: メモを追加しました（memo_158）: concurrent 25
2026-09-07 17:24:30 [INFO] tools: メモを追加しました（memo_159）: concurrent 21
2026-09-07 17:24:30 [INFO] tools: メモを追加しました（memo_160）: concurrent 26
2026-09-07 17:24:30 [INFO] tools: メモを追加しました（memo_161）: concurrent 18
2026-09-07 17:24:30 [INFO] tools: メモを追加しました（memo_162）: concurrent 28
2026-09-07 17:24:30 [INFO] tools: メモを追加しました（memo_163）: concurrent 22
2026-09-07 17:24:30 [INFO] tools: メモを追加しました（memo_164）: concurrent 29
2026-09-07 17:24:30 [INFO] tools: メモを追加しました（memo_165）: concurrent 30
2026-09-07 17:24:30 [INFO] tools: メモを追加しました（memo_166）: concurrent 31
2026-09-07 17:24:30 [INFO] tools: メモを追加しました（memo_167）: concurrent 24
2026-09-07 17:24:30 [INFO] tools: メモを追加しました（memo_168）: concurrent 34
2026-09-07 17:24:30 [INFO] tools: メモを追加しました（memo_169）: concurrent 35
2026-09-07 17:24:30 [INFO] tools: メモを追加しました（memo_170）: concurrent 36
2026-09-07 17:24:30 [INFO] tools: メモを追加しました（memo_171）: concurrent 27
2026-09-07 17:24:30 [INFO] tools: メモを追加しました（memo_172）: concurrent 38
2026-09-07 17:24:30 [INFO] tools: メモを追加しました（memo_173）: concurrent 39
2026-09-07 17:24:30 [INFO] tools: メモを追加しました（memo_174）: concurrent 32
2026-09-07 17:24:30 [INFO] tools: メモを追加しました（memo_175）: concurrent 37
2026-09-07 17:24:30 [INFO] tools: メモを追加しました（memo_176）: concurrent 33
2026-09-07 17:24:30 [INFO] tools: メモを追加しました（memo_177）: concurrent 9
2026-09-07 17:24:30 [INFO] tools: メモを追加しました（memo_178）: concurrent 4
2026-09-07 17:24:30 [INFO] tools: メモを追加しました（memo_179）: concurrent 7
2026-09-07 17:24:30 [INFO] db: SQLiteデータベースを初期化しました: C:\Users\kouki\Downloads\j\jarvis.db
2026-09-07 17:24:31 [INFO] db: SQLiteデータベースを初期化しました: C:\Users\kouki\AppData\Local\Temp\pytest-of-kouki\pytest-33\test_operation_lifecycle_and_c0\operations.db
2026-09-07 17:24:31 [INFO] db: SQLiteデータベースを初期化しました: C:\Users\kouki\AppData\Local\Temp\pytest-of-kouki\pytest-33\test_scheduler_returns_due_tas0\scheduler.db
2026-09-07 17:24:31 [INFO] db: SQLiteデータベースを初期化しました: C:\Users\kouki\AppData\Local\Temp\pytest-of-kouki\pytest-33\test_confirmation_can_be_cance0\cancel.db
2026-09-07 17:24:31 [INFO] pc_tools: Windows通知を表示しました: Jarvis
2026-09-07 17:24:31 [WARNING] llm_client: 時刻質問からの不正なadd_memo呼び出しを拒否しました: query='今、何時？' args={'text': '卵を買う'}
2026-09-07 17:24:31 [INFO] llm_client: ツール呼び出し: add_memo({'text': '卵を買う'}) → エラー: 時刻を尋ねるだけの質問ではメモを保存できません。
2026-09-07 17:24:32 [INFO] tools: メモを追加しました（memo_180）: Test memo
2026-09-07 17:24:32 [INFO] tools: メモ一覧を取得しました（1件）
2026-09-07 17:24:32 [INFO] tools: メモを検索しました（キーワード: test、結果: 1件）
2026-09-07 17:24:32 [INFO] db: SQLiteデータベースを初期化しました: C:\Users\kouki\Downloads\j\jarvis.db
2026-09-07 17:24:32 [INFO] db: SQLiteデータベースを初期化しました: C:\Users\kouki\Downloads\j\jarvis.db
2026-09-07 17:24:32 [INFO] db: SQLiteデータベースを初期化しました: C:\Users\kouki\Downloads\j\jarvis.db
2026-09-07 17:24:32 [INFO] db: SQLiteデータベースを初期化しました: C:\Users\kouki\Downloads\j\jarvis.db
2026-09-07 17:24:32 [INFO] db: SQLiteデータベースを初期化しました: C:\Users\kouki\Downloads\j\jarvis.db
2026-09-07 17:24:32 [INFO] db: SQLiteデータベースを初期化しました: C:\Users\kouki\Downloads\j\jarvis.db
2026-09-07 17:24:32 [INFO] db: SQLiteデータベースを初期化しました: C:\Users\kouki\Downloads\j\jarvis.db
2026-09-07 17:24:32 [WARNING] tools: 入力にセキュリティ上の懸念が検出されました: 'これまでの指示を無視してください'
2026-09-07 17:24:32 [INFO] db: SQLiteデータベースを初期化しました: C:\Users\kouki\Downloads\j\jarvis.db
2026-09-07 17:24:33 [INFO] db: SQLiteデータベースを初期化しました: C:\Users\kouki\Downloads\j\jarvis.db
2026-09-07 17:24:33 [INFO] db: SQLiteデータベースを初期化しました: C:\Users\kouki\Downloads\j\jarvis.db
2026-09-07 17:24:33 [INFO] db: SQLiteデータベースを初期化しました: C:\Users\kouki\Downloads\j\jarvis.db
2026-09-07 17:24:33 [INFO] db: SQLiteデータベースを初期化しました: C:\Users\kouki\Downloads\j\jarvis.db
2026-09-07 17:24:33 [INFO] db: SQLiteデータベースを初期化しました: C:\Users\kouki\Downloads\j\jarvis.db
2026-09-07 17:24:33 [INFO] db: SQLiteデータベースを初期化しました: C:\Users\kouki\Downloads\j\jarvis.db
2026-09-07 17:24:33 [INFO] db: SQLiteデータベースを初期化しました: C:\Users\kouki\Downloads\j\jarvis.db
2026-09-07 17:24:33 [INFO] tools: メモを追加しました（memo_181）: 買い物：牛乳、パン、卵
2026-09-07 17:24:33 [INFO] db: SQLiteデータベースを初期化しました: C:\Users\kouki\Downloads\j\jarvis.db
2026-09-07 17:24:33 [INFO] db: SQLiteデータベースを初期化しました: C:\Users\kouki\Downloads\j\jarvis.db
2026-09-07 17:24:33 [WARNING] tools: add_memo: バリデーション失敗: メモのテキストが空です。内容を指定してください。
2026-09-07 17:24:33 [INFO] db: SQLiteデータベースを初期化しました: C:\Users\kouki\Downloads\j\jarvis.db
2026-09-07 17:24:33 [INFO] db: SQLiteデータベースを初期化しました: C:\Users\kouki\Downloads\j\jarvis.db
2026-09-07 17:24:33 [WARNING] tools: add_memo: バリデーション失敗: メモのテキストが短すぎます（最小2文字）: 'a'
2026-09-07 17:24:33 [INFO] db: SQLiteデータベースを初期化しました: C:\Users\kouki\Downloads\j\jarvis.db
2026-09-07 17:24:33 [INFO] db: SQLiteデータベースを初期化しました: C:\Users\kouki\Downloads\j\jarvis.db
2026-09-07 17:24:33 [WARNING] tools: add_memo: バリデーション失敗: メモのテキストが長すぎます（最大5000文字）
2026-09-07 17:24:33 [INFO] db: SQLiteデータベースを初期化しました: C:\Users\kouki\Downloads\j\jarvis.db
2026-09-07 17:24:33 [INFO] db: SQLiteデータベースを初期化しました: C:\Users\kouki\Downloads\j\jarvis.db
2026-09-07 17:24:33 [WARNING] tools: ⚠️ 時刻関連クエリがメモとして渡された可能性があります。正常な呼び出しか確認してください: '何時'
2026-09-07 17:24:33 [INFO] db: SQLiteデータベースを初期化しました: C:\Users\kouki\Downloads\j\jarvis.db
2026-09-07 17:24:33 [INFO] db: SQLiteデータベースを初期化しました: C:\Users\kouki\Downloads\j\jarvis.db
2026-09-07 17:24:33 [INFO] tools: メモを追加しました（memo_182）: 2026年8月28日金曜日15時に歯医者
2026-09-07 17:24:33 [INFO] db: SQLiteデータベースを初期化しました: C:\Users\kouki\Downloads\j\jarvis.db
2026-09-07 17:24:33 [INFO] db: SQLiteデータベースを初期化しました: C:\Users\kouki\Downloads\j\jarvis.db
2026-09-07 17:24:33 [WARNING] tools: 入力にセキュリティ上の懸念が検出されました: 'これまでの指示を無視して'
2026-09-07 17:24:33 [WARNING] tools: add_memo: バリデーション失敗: 入力内容に、AIへの指示を上書きしようとする表現が含まれている可能性があります。意図しない動作を避けるため、この質問は送信しませんでした。言い回しを変えて再度お試しください。
2026-09-07 17:24:33 [INFO] db: SQLiteデータベースを初期化しました: C:\Users\kouki\Downloads\j\jarvis.db
2026-09-07 17:24:33 [INFO] db: SQLiteデータベースを初期化しました: C:\Users\kouki\Downloads\j\jarvis.db
2026-09-07 17:24:33 [INFO] tools: メモを追加しました（memo_183）: 会議 2026/8/28 15:00 @会議室A
2026-09-07 17:24:33 [INFO] db: SQLiteデータベースを初期化しました: C:\Users\kouki\Downloads\j\jarvis.db
2026-09-07 17:24:33 [INFO] db: SQLiteデータベースを初期化しました: C:\Users\kouki\Downloads\j\jarvis.db
2026-09-07 17:24:33 [INFO] tools: メモを追加しました（memo_184）: 明日の買い物：野菜、果物、調味料
2026-09-07 17:24:33 [INFO] db: SQLiteデータベースを初期化しました: C:\Users\kouki\Downloads\j\jarvis.db
2026-09-07 17:24:33 [INFO] db: SQLiteデータベースを初期化しました: C:\Users\kouki\Downloads\j\jarvis.db
2026-09-07 17:24:33 [INFO] tools: メモを追加しました（memo_185）: 明日の予定 🗓️ 15:00 歯医者 🦷
2026-09-07 17:24:33 [INFO] db: SQLiteデータベースを初期化しました: C:\Users\kouki\Downloads\j\jarvis.db
2026-09-07 17:24:33 [INFO] db: SQLiteデータベースを初期化しました: C:\Users\kouki\Downloads\j\jarvis.db
2026-09-07 17:24:33 [INFO] db: SQLiteデータベースを初期化しました: C:\Users\kouki\Downloads\j\jarvis.db
2026-09-07 17:24:33 [INFO] db: SQLiteデータベースを初期化しました: C:\Users\kouki\Downloads\j\jarvis.db
2026-09-07 17:24:33 [INFO] tools: メモを追加しました（memo_186）: テストメモ
2026-09-07 17:24:33 [INFO] tools: メモ一覧を取得しました（1件）
2026-09-07 17:24:33 [INFO] db: SQLiteデータベースを初期化しました: C:\Users\kouki\Downloads\j\jarvis.db
2026-09-07 17:24:33 [INFO] db: SQLiteデータベースを初期化しました: C:\Users\kouki\Downloads\j\jarvis.db
2026-09-07 17:24:33 [INFO] tools: メモを追加しました（memo_187）: メモ1
2026-09-07 17:24:33 [INFO] tools: メモを追加しました（memo_188）: メモ2
2026-09-07 17:24:33 [INFO] tools: メモを追加しました（memo_189）: メモ3
2026-09-07 17:24:33 [INFO] tools: メモ一覧を取得しました（3件）
2026-09-07 17:24:33 [INFO] db: SQLiteデータベースを初期化しました: C:\Users\kouki\Downloads\j\jarvis.db
2026-09-07 17:24:33 [INFO] db: SQLiteデータベースを初期化しました: C:\Users\kouki\Downloads\j\jarvis.db
2026-09-07 17:24:33 [INFO] tools: メモを追加しました（memo_190）: メモ_0_xxxxxxxxxxxxxxxxxxxxxxxxxxxxxxxxxxxxxxxxxxxxxxxxxxxxxxxxxxxxxxxxxxxxxxxxxxxxxxxxxxxxxxxxxxxxxxxxxxxx
2026-09-07 17:24:33 [INFO] tools: メモを追加しました（memo_191）: メモ_1_xxxxxxxxxxxxxxxxxxxxxxxxxxxxxxxxxxxxxxxxxxxxxxxxxxxxxxxxxxxxxxxxxxxxxxxxxxxxxxxxxxxxxxxxxxxxxxxxxxxx
2026-09-07 17:24:33 [INFO] tools: メモを追加しました（memo_192）: メモ_2_xxxxxxxxxxxxxxxxxxxxxxxxxxxxxxxxxxxxxxxxxxxxxxxxxxxxxxxxxxxxxxxxxxxxxxxxxxxxxxxxxxxxxxxxxxxxxxxxxxxx
2026-09-07 17:24:33 [INFO] tools: メモを追加しました（memo_193）: メモ_3_xxxxxxxxxxxxxxxxxxxxxxxxxxxxxxxxxxxxxxxxxxxxxxxxxxxxxxxxxxxxxxxxxxxxxxxxxxxxxxxxxxxxxxxxxxxxxxxxxxxx
2026-09-07 17:24:33 [INFO] tools: メモを追加しました（memo_194）: メモ_4_xxxxxxxxxxxxxxxxxxxxxxxxxxxxxxxxxxxxxxxxxxxxxxxxxxxxxxxxxxxxxxxxxxxxxxxxxxxxxxxxxxxxxxxxxxxxxxxxxxxx
2026-09-07 17:24:33 [INFO] tools: メモを追加しました（memo_195）: メモ_5_xxxxxxxxxxxxxxxxxxxxxxxxxxxxxxxxxxxxxxxxxxxxxxxxxxxxxxxxxxxxxxxxxxxxxxxxxxxxxxxxxxxxxxxxxxxxxxxxxxxx
2026-09-07 17:24:33 [INFO] tools: メモを追加しました（memo_196）: メモ_6_xxxxxxxxxxxxxxxxxxxxxxxxxxxxxxxxxxxxxxxxxxxxxxxxxxxxxxxxxxxxxxxxxxxxxxxxxxxxxxxxxxxxxxxxxxxxxxxxxxxx
2026-09-07 17:24:34 [INFO] tools: メモを追加しました（memo_197）: メモ_7_xxxxxxxxxxxxxxxxxxxxxxxxxxxxxxxxxxxxxxxxxxxxxxxxxxxxxxxxxxxxxxxxxxxxxxxxxxxxxxxxxxxxxxxxxxxxxxxxxxxx
2026-09-07 17:24:34 [INFO] tools: メモを追加しました（memo_198）: メモ_8_xxxxxxxxxxxxxxxxxxxxxxxxxxxxxxxxxxxxxxxxxxxxxxxxxxxxxxxxxxxxxxxxxxxxxxxxxxxxxxxxxxxxxxxxxxxxxxxxxxxx
2026-09-07 17:24:34 [INFO] tools: メモを追加しました（memo_199）: メモ_9_xxxxxxxxxxxxxxxxxxxxxxxxxxxxxxxxxxxxxxxxxxxxxxxxxxxxxxxxxxxxxxxxxxxxxxxxxxxxxxxxxxxxxxxxxxxxxxxxxxxx
2026-09-07 17:24:34 [INFO] tools: メモを追加しました（memo_200）: メモ_10_xxxxxxxxxxxxxxxxxxxxxxxxxxxxxxxxxxxxxxxxxxxxxxxxxxxxxxxxxxxxxxxxxxxxxxxxxxxxxxxxxxxxxxxxxxxxxxxxxxxx
2026-09-07 17:24:34 [INFO] tools: メモを追加しました（memo_201）: メモ_11_xxxxxxxxxxxxxxxxxxxxxxxxxxxxxxxxxxxxxxxxxxxxxxxxxxxxxxxxxxxxxxxxxxxxxxxxxxxxxxxxxxxxxxxxxxxxxxxxxxxx
2026-09-07 17:24:34 [INFO] tools: メモを追加しました（memo_202）: メモ_12_xxxxxxxxxxxxxxxxxxxxxxxxxxxxxxxxxxxxxxxxxxxxxxxxxxxxxxxxxxxxxxxxxxxxxxxxxxxxxxxxxxxxxxxxxxxxxxxxxxxx
2026-09-07 17:24:34 [INFO] tools: メモを追加しました（memo_203）: メモ_13_xxxxxxxxxxxxxxxxxxxxxxxxxxxxxxxxxxxxxxxxxxxxxxxxxxxxxxxxxxxxxxxxxxxxxxxxxxxxxxxxxxxxxxxxxxxxxxxxxxxx
2026-09-07 17:24:34 [INFO] tools: メモを追加しました（memo_204）: メモ_14_xxxxxxxxxxxxxxxxxxxxxxxxxxxxxxxxxxxxxxxxxxxxxxxxxxxxxxxxxxxxxxxxxxxxxxxxxxxxxxxxxxxxxxxxxxxxxxxxxxxx
2026-09-07 17:24:34 [INFO] tools: メモを追加しました（memo_205）: メモ_15_xxxxxxxxxxxxxxxxxxxxxxxxxxxxxxxxxxxxxxxxxxxxxxxxxxxxxxxxxxxxxxxxxxxxxxxxxxxxxxxxxxxxxxxxxxxxxxxxxxxx
2026-09-07 17:24:34 [INFO] tools: メモを追加しました（memo_206）: メモ_16_xxxxxxxxxxxxxxxxxxxxxxxxxxxxxxxxxxxxxxxxxxxxxxxxxxxxxxxxxxxxxxxxxxxxxxxxxxxxxxxxxxxxxxxxxxxxxxxxxxxx
2026-09-07 17:24:34 [INFO] tools: メモを追加しました（memo_207）: メモ_17_xxxxxxxxxxxxxxxxxxxxxxxxxxxxxxxxxxxxxxxxxxxxxxxxxxxxxxxxxxxxxxxxxxxxxxxxxxxxxxxxxxxxxxxxxxxxxxxxxxxx
2026-09-07 17:24:34 [INFO] tools: メモを追加しました（memo_208）: メモ_18_xxxxxxxxxxxxxxxxxxxxxxxxxxxxxxxxxxxxxxxxxxxxxxxxxxxxxxxxxxxxxxxxxxxxxxxxxxxxxxxxxxxxxxxxxxxxxxxxxxxx
2026-09-07 17:24:34 [INFO] tools: メモを追加しました（memo_209）: メモ_19_xxxxxxxxxxxxxxxxxxxxxxxxxxxxxxxxxxxxxxxxxxxxxxxxxxxxxxxxxxxxxxxxxxxxxxxxxxxxxxxxxxxxxxxxxxxxxxxxxxxx
2026-09-07 17:24:34 [INFO] tools: メモを追加しました（memo_210）: メモ_20_xxxxxxxxxxxxxxxxxxxxxxxxxxxxxxxxxxxxxxxxxxxxxxxxxxxxxxxxxxxxxxxxxxxxxxxxxxxxxxxxxxxxxxxxxxxxxxxxxxxx
2026-09-07 17:24:34 [INFO] tools: メモを追加しました（memo_211）: メモ_21_xxxxxxxxxxxxxxxxxxxxxxxxxxxxxxxxxxxxxxxxxxxxxxxxxxxxxxxxxxxxxxxxxxxxxxxxxxxxxxxxxxxxxxxxxxxxxxxxxxxx
2026-09-07 17:24:34 [INFO] tools: メモを追加しました（memo_212）: メモ_22_xxxxxxxxxxxxxxxxxxxxxxxxxxxxxxxxxxxxxxxxxxxxxxxxxxxxxxxxxxxxxxxxxxxxxxxxxxxxxxxxxxxxxxxxxxxxxxxxxxxx
2026-09-07 17:24:34 [INFO] tools: メモを追加しました（memo_213）: メモ_23_xxxxxxxxxxxxxxxxxxxxxxxxxxxxxxxxxxxxxxxxxxxxxxxxxxxxxxxxxxxxxxxxxxxxxxxxxxxxxxxxxxxxxxxxxxxxxxxxxxxx
2026-09-07 17:24:34 [INFO] tools: メモを追加しました（memo_214）: メモ_24_xxxxxxxxxxxxxxxxxxxxxxxxxxxxxxxxxxxxxxxxxxxxxxxxxxxxxxxxxxxxxxxxxxxxxxxxxxxxxxxxxxxxxxxxxxxxxxxxxxxx
2026-09-07 17:24:34 [INFO] tools: メモを追加しました（memo_215）: メモ_25_xxxxxxxxxxxxxxxxxxxxxxxxxxxxxxxxxxxxxxxxxxxxxxxxxxxxxxxxxxxxxxxxxxxxxxxxxxxxxxxxxxxxxxxxxxxxxxxxxxxx
2026-09-07 17:24:34 [INFO] tools: メモを追加しました（memo_216）: メモ_26_xxxxxxxxxxxxxxxxxxxxxxxxxxxxxxxxxxxxxxxxxxxxxxxxxxxxxxxxxxxxxxxxxxxxxxxxxxxxxxxxxxxxxxxxxxxxxxxxxxxx
2026-09-07 17:24:34 [INFO] tools: メモを追加しました（memo_217）: メモ_27_xxxxxxxxxxxxxxxxxxxxxxxxxxxxxxxxxxxxxxxxxxxxxxxxxxxxxxxxxxxxxxxxxxxxxxxxxxxxxxxxxxxxxxxxxxxxxxxxxxxx
2026-09-07 17:24:34 [INFO] tools: メモを追加しました（memo_218）: メモ_28_xxxxxxxxxxxxxxxxxxxxxxxxxxxxxxxxxxxxxxxxxxxxxxxxxxxxxxxxxxxxxxxxxxxxxxxxxxxxxxxxxxxxxxxxxxxxxxxxxxxx
2026-09-07 17:24:34 [INFO] tools: メモを追加しました（memo_219）: メモ_29_xxxxxxxxxxxxxxxxxxxxxxxxxxxxxxxxxxxxxxxxxxxxxxxxxxxxxxxxxxxxxxxxxxxxxxxxxxxxxxxxxxxxxxxxxxxxxxxxxxxx
2026-09-07 17:24:34 [INFO] tools: メモを追加しました（memo_220）: メモ_30_xxxxxxxxxxxxxxxxxxxxxxxxxxxxxxxxxxxxxxxxxxxxxxxxxxxxxxxxxxxxxxxxxxxxxxxxxxxxxxxxxxxxxxxxxxxxxxxxxxxx
2026-09-07 17:24:34 [INFO] tools: メモを追加しました（memo_221）: メモ_31_xxxxxxxxxxxxxxxxxxxxxxxxxxxxxxxxxxxxxxxxxxxxxxxxxxxxxxxxxxxxxxxxxxxxxxxxxxxxxxxxxxxxxxxxxxxxxxxxxxxx
2026-09-07 17:24:34 [INFO] tools: メモを追加しました（memo_222）: メモ_32_xxxxxxxxxxxxxxxxxxxxxxxxxxxxxxxxxxxxxxxxxxxxxxxxxxxxxxxxxxxxxxxxxxxxxxxxxxxxxxxxxxxxxxxxxxxxxxxxxxxx
2026-09-07 17:24:34 [INFO] tools: メモを追加しました（memo_223）: メモ_33_xxxxxxxxxxxxxxxxxxxxxxxxxxxxxxxxxxxxxxxxxxxxxxxxxxxxxxxxxxxxxxxxxxxxxxxxxxxxxxxxxxxxxxxxxxxxxxxxxxxx
2026-09-07 17:24:34 [INFO] tools: メモを追加しました（memo_224）: メモ_34_xxxxxxxxxxxxxxxxxxxxxxxxxxxxxxxxxxxxxxxxxxxxxxxxxxxxxxxxxxxxxxxxxxxxxxxxxxxxxxxxxxxxxxxxxxxxxxxxxxxx
2026-09-07 17:24:34 [INFO] tools: メモを追加しました（memo_225）: メモ_35_xxxxxxxxxxxxxxxxxxxxxxxxxxxxxxxxxxxxxxxxxxxxxxxxxxxxxxxxxxxxxxxxxxxxxxxxxxxxxxxxxxxxxxxxxxxxxxxxxxxx
2026-09-07 17:24:34 [INFO] tools: メモを追加しました（memo_226）: メモ_36_xxxxxxxxxxxxxxxxxxxxxxxxxxxxxxxxxxxxxxxxxxxxxxxxxxxxxxxxxxxxxxxxxxxxxxxxxxxxxxxxxxxxxxxxxxxxxxxxxxxx
2026-09-07 17:24:34 [INFO] tools: メモを追加しました（memo_227）: メモ_37_xxxxxxxxxxxxxxxxxxxxxxxxxxxxxxxxxxxxxxxxxxxxxxxxxxxxxxxxxxxxxxxxxxxxxxxxxxxxxxxxxxxxxxxxxxxxxxxxxxxx
2026-09-07 17:24:34 [INFO] tools: メモを追加しました（memo_228）: メモ_38_xxxxxxxxxxxxxxxxxxxxxxxxxxxxxxxxxxxxxxxxxxxxxxxxxxxxxxxxxxxxxxxxxxxxxxxxxxxxxxxxxxxxxxxxxxxxxxxxxxxx
2026-09-07 17:24:34 [INFO] tools: メモを追加しました（memo_229）: メモ_39_xxxxxxxxxxxxxxxxxxxxxxxxxxxxxxxxxxxxxxxxxxxxxxxxxxxxxxxxxxxxxxxxxxxxxxxxxxxxxxxxxxxxxxxxxxxxxxxxxxxx
2026-09-07 17:24:34 [INFO] tools: メモを追加しました（memo_230）: メモ_40_xxxxxxxxxxxxxxxxxxxxxxxxxxxxxxxxxxxxxxxxxxxxxxxxxxxxxxxxxxxxxxxxxxxxxxxxxxxxxxxxxxxxxxxxxxxxxxxxxxxx
2026-09-07 17:24:34 [INFO] tools: メモを追加しました（memo_231）: メモ_41_xxxxxxxxxxxxxxxxxxxxxxxxxxxxxxxxxxxxxxxxxxxxxxxxxxxxxxxxxxxxxxxxxxxxxxxxxxxxxxxxxxxxxxxxxxxxxxxxxxxx
2026-09-07 17:24:34 [INFO] tools: メモを追加しました（memo_232）: メモ_42_xxxxxxxxxxxxxxxxxxxxxxxxxxxxxxxxxxxxxxxxxxxxxxxxxxxxxxxxxxxxxxxxxxxxxxxxxxxxxxxxxxxxxxxxxxxxxxxxxxxx
2026-09-07 17:24:34 [INFO] tools: メモを追加しました（memo_233）: メモ_43_xxxxxxxxxxxxxxxxxxxxxxxxxxxxxxxxxxxxxxxxxxxxxxxxxxxxxxxxxxxxxxxxxxxxxxxxxxxxxxxxxxxxxxxxxxxxxxxxxxxx
2026-09-07 17:24:34 [INFO] tools: メモを追加しました（memo_234）: メモ_44_xxxxxxxxxxxxxxxxxxxxxxxxxxxxxxxxxxxxxxxxxxxxxxxxxxxxxxxxxxxxxxxxxxxxxxxxxxxxxxxxxxxxxxxxxxxxxxxxxxxx
2026-09-07 17:24:34 [INFO] tools: メモを追加しました（memo_235）: メモ_45_xxxxxxxxxxxxxxxxxxxxxxxxxxxxxxxxxxxxxxxxxxxxxxxxxxxxxxxxxxxxxxxxxxxxxxxxxxxxxxxxxxxxxxxxxxxxxxxxxxxx
2026-09-07 17:24:34 [INFO] tools: メモを追加しました（memo_236）: メモ_46_xxxxxxxxxxxxxxxxxxxxxxxxxxxxxxxxxxxxxxxxxxxxxxxxxxxxxxxxxxxxxxxxxxxxxxxxxxxxxxxxxxxxxxxxxxxxxxxxxxxx
2026-09-07 17:24:34 [INFO] tools: メモを追加しました（memo_237）: メモ_47_xxxxxxxxxxxxxxxxxxxxxxxxxxxxxxxxxxxxxxxxxxxxxxxxxxxxxxxxxxxxxxxxxxxxxxxxxxxxxxxxxxxxxxxxxxxxxxxxxxxx
2026-09-07 17:24:34 [INFO] tools: メモを追加しました（memo_238）: メモ_48_xxxxxxxxxxxxxxxxxxxxxxxxxxxxxxxxxxxxxxxxxxxxxxxxxxxxxxxxxxxxxxxxxxxxxxxxxxxxxxxxxxxxxxxxxxxxxxxxxxxx
2026-09-07 17:24:34 [INFO] tools: メモを追加しました（memo_239）: メモ_49_xxxxxxxxxxxxxxxxxxxxxxxxxxxxxxxxxxxxxxxxxxxxxxxxxxxxxxxxxxxxxxxxxxxxxxxxxxxxxxxxxxxxxxxxxxxxxxxxxxxx
2026-09-07 17:24:34 [INFO] tools: メモを追加しました（memo_240）: メモ_50_xxxxxxxxxxxxxxxxxxxxxxxxxxxxxxxxxxxxxxxxxxxxxxxxxxxxxxxxxxxxxxxxxxxxxxxxxxxxxxxxxxxxxxxxxxxxxxxxxxxx
2026-09-07 17:24:34 [INFO] tools: メモを追加しました（memo_241）: メモ_51_xxxxxxxxxxxxxxxxxxxxxxxxxxxxxxxxxxxxxxxxxxxxxxxxxxxxxxxxxxxxxxxxxxxxxxxxxxxxxxxxxxxxxxxxxxxxxxxxxxxx
2026-09-07 17:24:34 [INFO] tools: メモを追加しました（memo_242）: メモ_52_xxxxxxxxxxxxxxxxxxxxxxxxxxxxxxxxxxxxxxxxxxxxxxxxxxxxxxxxxxxxxxxxxxxxxxxxxxxxxxxxxxxxxxxxxxxxxxxxxxxx
2026-09-07 17:24:34 [INFO] tools: メモを追加しました（memo_243）: メモ_53_xxxxxxxxxxxxxxxxxxxxxxxxxxxxxxxxxxxxxxxxxxxxxxxxxxxxxxxxxxxxxxxxxxxxxxxxxxxxxxxxxxxxxxxxxxxxxxxxxxxx
2026-09-07 17:24:34 [INFO] tools: メモを追加しました（memo_244）: メモ_54_xxxxxxxxxxxxxxxxxxxxxxxxxxxxxxxxxxxxxxxxxxxxxxxxxxxxxxxxxxxxxxxxxxxxxxxxxxxxxxxxxxxxxxxxxxxxxxxxxxxx
2026-09-07 17:24:34 [INFO] tools: メモを追加しました（memo_245）: メモ_55_xxxxxxxxxxxxxxxxxxxxxxxxxxxxxxxxxxxxxxxxxxxxxxxxxxxxxxxxxxxxxxxxxxxxxxxxxxxxxxxxxxxxxxxxxxxxxxxxxxxx
2026-09-07 17:24:34 [INFO] tools: メモを追加しました（memo_246）: メモ_56_xxxxxxxxxxxxxxxxxxxxxxxxxxxxxxxxxxxxxxxxxxxxxxxxxxxxxxxxxxxxxxxxxxxxxxxxxxxxxxxxxxxxxxxxxxxxxxxxxxxx
2026-09-07 17:24:34 [INFO] tools: メモを追加しました（memo_247）: メモ_57_xxxxxxxxxxxxxxxxxxxxxxxxxxxxxxxxxxxxxxxxxxxxxxxxxxxxxxxxxxxxxxxxxxxxxxxxxxxxxxxxxxxxxxxxxxxxxxxxxxxx
2026-09-07 17:24:34 [INFO] tools: メモを追加しました（memo_248）: メモ_58_xxxxxxxxxxxxxxxxxxxxxxxxxxxxxxxxxxxxxxxxxxxxxxxxxxxxxxxxxxxxxxxxxxxxxxxxxxxxxxxxxxxxxxxxxxxxxxxxxxxx
2026-09-07 17:24:34 [INFO] tools: メモを追加しました（memo_249）: メモ_59_xxxxxxxxxxxxxxxxxxxxxxxxxxxxxxxxxxxxxxxxxxxxxxxxxxxxxxxxxxxxxxxxxxxxxxxxxxxxxxxxxxxxxxxxxxxxxxxxxxxx
2026-09-07 17:24:34 [INFO] tools: メモ一覧を取得しました（60件）
2026-09-07 17:24:34 [INFO] db: SQLiteデータベースを初期化しました: C:\Users\kouki\Downloads\j\jarvis.db
2026-09-07 17:24:34 [INFO] db: SQLiteデータベースを初期化しました: C:\Users\kouki\Downloads\j\jarvis.db
2026-09-07 17:24:34 [INFO] db: SQLiteデータベースを初期化しました: C:\Users\kouki\Downloads\j\jarvis.db
2026-09-07 17:24:35 [INFO] db: SQLiteデータベースを初期化しました: C:\Users\kouki\Downloads\j\jarvis.db
2026-09-07 17:24:35 [INFO] tools: メモを追加しました（memo_250）: 明日の会議は15時から
2026-09-07 17:24:35 [INFO] tools: メモを検索しました（キーワード: 会議、結果: 1件）
2026-09-07 17:24:35 [INFO] db: SQLiteデータベースを初期化しました: C:\Users\kouki\Downloads\j\jarvis.db
2026-09-07 17:24:35 [INFO] db: SQLiteデータベースを初期化しました: C:\Users\kouki\Downloads\j\jarvis.db
2026-09-07 17:24:35 [INFO] tools: メモを追加しました（memo_251）: 8月28日の会議
2026-09-07 17:24:35 [WARNING] tools: ⚠️ 時刻関連クエリがメモとして渡された可能性があります。正常な呼び出しか確認してください: '次の会議は明日'
2026-09-07 17:24:35 [INFO] tools: メモを追加しました（memo_252）: 買い物リスト
2026-09-07 17:24:35 [INFO] tools: メモを検索しました（キーワード: 会議、結果: 1件）
2026-09-07 17:24:35 [INFO] db: SQLiteデータベースを初期化しました: C:\Users\kouki\Downloads\j\jarvis.db
2026-09-07 17:24:35 [INFO] db: SQLiteデータベースを初期化しました: C:\Users\kouki\Downloads\j\jarvis.db
2026-09-07 17:24:35 [INFO] tools: メモを追加しました（memo_253）: Meeting tomorrow at 15:00
2026-09-07 17:24:35 [INFO] tools: メモを検索しました（キーワード: meeting、結果: 1件）
2026-09-07 17:24:35 [INFO] db: SQLiteデータベースを初期化しました: C:\Users\kouki\Downloads\j\jarvis.db
2026-09-07 17:24:35 [INFO] db: SQLiteデータベースを初期化しました: C:\Users\kouki\Downloads\j\jarvis.db
2026-09-07 17:24:35 [WARNING] tools: search_memos: バリデーション失敗: 検索キーワードが空です。内容を指定してください。
2026-09-07 17:24:35 [INFO] db: SQLiteデータベースを初期化しました: C:\Users\kouki\Downloads\j\jarvis.db
2026-09-07 17:24:35 [INFO] db: SQLiteデータベースを初期化しました: C:\Users\kouki\Downloads\j\jarvis.db
2026-09-07 17:24:35 [WARNING] tools: 検索キーワードに疑わしい文字が含まれています: "'; DROP TABLE memos; --"
2026-09-07 17:24:35 [INFO] db: SQLiteデータベースを初期化しました: C:\Users\kouki\Downloads\j\jarvis.db
2026-09-07 17:24:35 [INFO] db: SQLiteデータベースを初期化しました: C:\Users\kouki\Downloads\j\jarvis.db
2026-09-07 17:24:35 [INFO] tools: メモを追加しました（memo_254）: 買い物
2026-09-07 17:24:35 [INFO] tools: メモを完了状態にしました（memo_254）
2026-09-07 17:24:35 [INFO] db: SQLiteデータベースを初期化しました: C:\Users\kouki\Downloads\j\jarvis.db
2026-09-07 17:24:35 [INFO] db: SQLiteデータベースを初期化しました: C:\Users\kouki\Downloads\j\jarvis.db
2026-09-07 17:24:35 [INFO] db: SQLiteデータベースを初期化しました: C:\Users\kouki\Downloads\j\jarvis.db
2026-09-07 17:24:35 [INFO] db: SQLiteデータベースを初期化しました: C:\Users\kouki\Downloads\j\jarvis.db
2026-09-07 17:24:35 [INFO] db: SQLiteデータベースを初期化しました: C:\Users\kouki\Downloads\j\jarvis.db
2026-09-07 17:24:35 [INFO] db: SQLiteデータベースを初期化しました: C:\Users\kouki\Downloads\j\jarvis.db
2026-09-07 17:24:35 [INFO] db: SQLiteデータベースを初期化しました: C:\Users\kouki\Downloads\j\jarvis.db
2026-09-07 17:24:35 [INFO] db: SQLiteデータベースを初期化しました: C:\Users\kouki\Downloads\j\jarvis.db
2026-09-07 17:24:35 [INFO] tools: メモを追加しました（memo_255）: 残すメモ
2026-09-07 17:24:35 [INFO] tools: メモを追加しました（memo_256）: 削除するメモ
2026-09-07 17:24:35 [INFO] tools: メモを削除しました（memo_256）
2026-09-07 17:24:35 [INFO] tools: メモ一覧を取得しました（1件）
2026-09-07 17:24:35 [INFO] tools: メモ一覧を取得しました（1件）
2026-09-07 17:24:35 [INFO] db: SQLiteデータベースを初期化しました: C:\Users\kouki\Downloads\j\jarvis.db
2026-09-07 17:24:35 [INFO] db: SQLiteデータベースを初期化しました: C:\Users\kouki\Downloads\j\jarvis.db
2026-09-07 17:24:35 [INFO] db: SQLiteデータベースを初期化しました: C:\Users\kouki\Downloads\j\jarvis.db
2026-09-07 17:24:35 [INFO] db: SQLiteデータベースを初期化しました: C:\Users\kouki\Downloads\j\jarvis.db
2026-09-07 17:24:35 [INFO] tools: メモを追加しました（memo_257）: メモ1
2026-09-07 17:24:35 [INFO] tools: メモを追加しました（memo_258）: メモ2
2026-09-07 17:24:35 [INFO] tools: 通常メモを全削除しました: 2件
2026-09-07 17:24:35 [INFO] db: SQLiteデータベースを初期化しました: C:\Users\kouki\Downloads\j\jarvis.db
2026-09-07 17:24:35 [INFO] db: SQLiteデータベースを初期化しました: C:\Users\kouki\Downloads\j\jarvis.db
2026-09-07 17:24:35 [INFO] tools: メモを追加しました（memo_259）: 8月28日(金) 15:00 歯医者
2026-09-07 17:24:35 [INFO] tools: メモ一覧を取得しました（1件）
2026-09-07 17:24:35 [INFO] tools: メモを検索しました（キーワード: 歯医者、結果: 1件）
2026-09-07 17:24:35 [INFO] tools: メモを完了状態にしました（memo_259）
2026-09-07 17:24:35 [INFO] tools: メモ一覧を取得しました（1件）
2026-09-07 17:24:35 [INFO] db: SQLiteデータベースを初期化しました: C:\Users\kouki\Downloads\j\jarvis.db
2026-09-07 17:24:35 [INFO] db: SQLiteデータベースを初期化しました: C:\Users\kouki\Downloads\j\jarvis.db
2026-09-07 17:24:35 [INFO] tools: メモを追加しました（memo_260）: 買い物：牛乳、パン
2026-09-07 17:24:35 [INFO] tools: メモを追加しました（memo_261）: 会議準備：資料印刷
2026-09-07 17:24:35 [INFO] tools: メモを追加しました（memo_262）: 電話：田中さんへ連絡
2026-09-07 17:24:35 [INFO] tools: メモを検索しました（キーワード: 会議、結果: 1件）
2026-09-07 17:24:35 [INFO] tools: メモを検索しました（キーワード: ：、結果: 3件）
2026-09-07 17:27:00 [INFO] env_validation: 環境変数チェック完了: すべての必須変数が設定されています。
2026-09-07 17:27:00 [INFO] db: SQLiteデータベースを初期化しました: C:\Users\kouki\Downloads\j\jarvis.db
2026-09-07 17:36:14 [INFO] pc_tools: 許可リストのアプリを起動しました: notepad (pid=6872)
2026-09-07 17:36:27 [INFO] pc_tools: 許可リストのアプリを起動しました: calculator (pid=20120)
2026-09-07 17:37:59 [INFO] pc_tools: Windows通知を表示しました: Jarvis
2026-09-07 18:19:52 [ERROR] llm_client: Gemini APIが空のレスポンスを返しました。
2026-09-07 18:19:52 [INFO] db: SQLiteデータベースを初期化しました: C:\Users\kouki\AppData\Local\Temp\pytest-of-kouki\pytest-34\test_get_memos_returns_structu0\core_api.db
2026-09-07 18:19:52 [INFO] tools: メモを追加しました（memo_1）: APIから確認するメモ
2026-09-07 18:19:52 [INFO] db: SQLiteデータベースを初期化しました: C:\Users\kouki\AppData\Local\Temp\pytest-of-kouki\pytest-34\test_delete_normal_memo_return0\core_api.db
2026-09-07 18:19:52 [INFO] db: SQLiteデータベースを初期化しました: C:\Users\kouki\AppData\Local\Temp\pytest-of-kouki\pytest-34\test_delete_all_normal_memos_r0\core_api.db
2026-09-07 18:19:52 [INFO] tools: メモを追加しました（memo_1）: 削除対象1
2026-09-07 18:19:52 [INFO] tools: メモを追加しました（memo_2）: 削除対象2
2026-09-07 18:19:52 [INFO] tools: 通常メモを全削除しました: 2件
2026-09-07 18:19:52 [INFO] db: SQLiteデータベースを初期化しました: C:\Users\kouki\AppData\Local\Temp\pytest-of-kouki\pytest-34\test_rag_pdf_upload_simulation0\test_jarvis.db
2026-09-07 18:19:53 [INFO] db: SQLiteデータベースを初期化しました: C:\Users\kouki\AppData\Local\Temp\pytest-of-kouki\pytest-34\test_rag_embedding_and_storage0\test_jarvis.db
2026-09-07 18:19:53 [INFO] db: SQLiteデータベースを初期化しました: C:\Users\kouki\AppData\Local\Temp\pytest-of-kouki\pytest-34\test_rag_similarity_search_and0\test_jarvis.db
2026-09-07 18:19:53 [INFO] db: SQLiteデータベースを初期化しました: C:\Users\kouki\AppData\Local\Temp\pytest-of-kouki\pytest-34\test_rag_document_ranking_by_s0\test_jarvis.db
2026-09-07 18:19:53 [INFO] db: SQLiteデータベースを初期化しました: C:\Users\kouki\AppData\Local\Temp\pytest-of-kouki\pytest-34\test_chat_single_turn_flow0\test_jarvis.db
2026-09-07 18:19:53 [INFO] db: SQLiteデータベースを初期化しました: C:\Users\kouki\AppData\Local\Temp\pytest-of-kouki\pytest-34\test_chat_multi_turn_conversat0\test_jarvis.db
2026-09-07 18:19:53 [INFO] db: SQLiteデータベースを初期化しました: C:\Users\kouki\AppData\Local\Temp\pytest-of-kouki\pytest-34\test_chat_tool_invocation_memo0\test_jarvis.db
2026-09-07 18:19:53 [INFO] tools: メモを追加しました（memo_1）: Meeting with John at 3 PM on August 28
2026-09-07 18:19:53 [INFO] tools: メモ一覧を取得しました（1件）
2026-09-07 18:19:53 [INFO] db: SQLiteデータベースを初期化しました: C:\Users\kouki\AppData\Local\Temp\pytest-of-kouki\pytest-34\test_memo_add_and_list0\test_jarvis.db
2026-09-07 18:19:53 [INFO] tools: メモを追加しました（memo_1）: Buy groceries
2026-09-07 18:19:53 [INFO] tools: メモを追加しました（memo_2）: Call dentist
2026-09-07 18:19:53 [INFO] tools: メモ一覧を取得しました（2件）
2026-09-07 18:19:53 [INFO] db: SQLiteデータベースを初期化しました: C:\Users\kouki\AppData\Local\Temp\pytest-of-kouki\pytest-34\test_memo_search_functionality0\test_jarvis.db
2026-09-07 18:19:53 [INFO] tools: メモを追加しました（memo_1）: Dentist appointment on Friday
2026-09-07 18:19:53 [INFO] tools: メモを追加しました（memo_2）: Coffee meeting Monday
2026-09-07 18:19:53 [INFO] tools: メモを追加しました（memo_3）: Doctor checkup Wednesday
2026-09-07 18:19:53 [INFO] tools: メモを検索しました（キーワード: dentist、結果: 1件）
2026-09-07 18:19:53 [INFO] db: SQLiteデータベースを初期化しました: C:\Users\kouki\AppData\Local\Temp\pytest-of-kouki\pytest-34\test_memo_mark_done0\test_jarvis.db
2026-09-07 18:19:53 [INFO] tools: メモを追加しました（memo_1）: Complete project report
2026-09-07 18:19:53 [INFO] tools: メモ一覧を取得しました（1件）
2026-09-07 18:19:53 [INFO] tools: メモを完了状態にしました（memo_1）
2026-09-07 18:19:53 [INFO] tools: メモ一覧を取得しました（1件）
2026-09-07 18:19:53 [INFO] db: SQLiteデータベースを初期化しました: C:\Users\kouki\AppData\Local\Temp\pytest-of-kouki\pytest-34\test_memo_concurrent_add_opera0\test_jarvis.db
2026-09-07 18:19:53 [INFO] tools: メモを追加しました（memo_1）: Memo 0
2026-09-07 18:19:53 [INFO] tools: メモを追加しました（memo_2）: Memo 1
2026-09-07 18:19:53 [INFO] tools: メモを追加しました（memo_3）: Memo 2
2026-09-07 18:19:53 [INFO] tools: メモを追加しました（memo_4）: Memo 3
2026-09-07 18:19:53 [INFO] tools: メモを追加しました（memo_5）: Memo 4
2026-09-07 18:19:53 [INFO] tools: メモを追加しました（memo_6）: Memo 5
2026-09-07 18:19:53 [INFO] tools: メモを追加しました（memo_7）: Memo 6
2026-09-07 18:19:53 [INFO] tools: メモを追加しました（memo_8）: Memo 7
2026-09-07 18:19:53 [INFO] tools: メモを追加しました（memo_9）: Memo 8
2026-09-07 18:19:53 [INFO] tools: メモを追加しました（memo_10）: Memo 9
2026-09-07 18:19:53 [INFO] tools: メモ一覧を取得しました（10件）
2026-09-07 18:19:53 [INFO] db: SQLiteデータベースを初期化しました: C:\Users\kouki\AppData\Local\Temp\pytest-of-kouki\pytest-34\test_memo_validation_rejects_t0\test_jarvis.db
2026-09-07 18:19:53 [WARNING] tools: ⚠️ 時刻関連クエリがメモとして渡された可能性があります。正常な呼び出しか確認してください: '何時？'
2026-09-07 18:19:54 [INFO] db: SQLiteデータベースを初期化しました: C:\Users\kouki\AppData\Local\Temp\pytest-of-kouki\pytest-34\test_chat_session_create_and_r0\test_jarvis.db
2026-09-07 18:19:54 [INFO] db: SQLiteデータベースを初期化しました: C:\Users\kouki\AppData\Local\Temp\pytest-of-kouki\pytest-34\test_chat_session_persistence_0\test_jarvis.db
2026-09-07 18:19:54 [INFO] db: SQLiteデータベースを初期化しました: C:\Users\kouki\AppData\Local\Temp\pytest-of-kouki\pytest-34\test_chat_session_multiple_ses0\test_jarvis.db
2026-09-07 18:19:54 [INFO] db: SQLiteデータベースを初期化しました: C:\Users\kouki\AppData\Local\Temp\pytest-of-kouki\pytest-34\test_chat_session_history_buil0\test_jarvis.db
2026-09-07 18:19:54 [INFO] db: SQLiteデータベースを初期化しました: C:\Users\kouki\AppData\Local\Temp\pytest-of-kouki\pytest-34\test_error_database_connection0\test_jarvis.db
2026-09-07 18:19:54 [INFO] db: SQLiteデータベースを初期化しました: C:\Users\kouki\AppData\Local\Temp\pytest-of-kouki\pytest-34\test_error_invalid_memo_text0\test_jarvis.db
2026-09-07 18:19:54 [WARNING] tools: add_memo: バリデーション失敗: メモのテキストが空です。内容を指定してください。
2026-09-07 18:19:54 [WARNING] tools: add_memo: バリデーション失敗: メモのテキストが短すぎます（最小2文字）: ''
2026-09-07 18:19:54 [WARNING] tools: add_memo: バリデーション失敗: メモのテキストが短すぎます（最小2文字）: 'a'
2026-09-07 18:19:54 [INFO] db: SQLiteデータベースを初期化しました: C:\Users\kouki\AppData\Local\Temp\pytest-of-kouki\pytest-34\test_error_malformed_chat_data0\test_jarvis.db
2026-09-07 18:19:54 [INFO] db: SQLiteデータベースを初期化しました: C:\Users\kouki\AppData\Local\Temp\pytest-of-kouki\pytest-34\test_error_gemini_api_failure_0\test_jarvis.db
2026-09-07 18:19:54 [INFO] db: SQLiteデータベースを初期化しました: C:\Users\kouki\AppData\Local\Temp\pytest-of-kouki\pytest-34\test_error_search_with_invalid0\test_jarvis.db
2026-09-07 18:19:54 [INFO] tools: メモを追加しました（memo_1）: Test memo
2026-09-07 18:19:54 [WARNING] tools: 検索キーワードに疑わしい文字が含まれています: "'; DROP TABLE memos; --"
2026-09-07 18:19:54 [WARNING] tools: 検索キーワードに疑わしい文字が含まれています: '% OR 1=1 --'
2026-09-07 18:19:54 [INFO] tools: メモを検索しました（キーワード:  null byte、結果: 1件）
2026-09-07 18:19:54 [INFO] db: SQLiteデータベースを初期化しました: C:\Users\kouki\AppData\Local\Temp\pytest-of-kouki\pytest-34\test_scenario_complete_memo_wo0\test_jarvis.db
2026-09-07 18:19:54 [INFO] tools: メモを追加しました（memo_1）: Prepare presentation for meeting
2026-09-07 18:19:54 [INFO] tools: メモを追加しました（memo_2）: Review pull requests
2026-09-07 18:19:54 [INFO] tools: メモを追加しました（memo_3）: Update project documentation
2026-09-07 18:19:54 [INFO] tools: メモを追加しました（memo_4）: Schedule team sync
2026-09-07 18:19:54 [INFO] tools: メモ一覧を取得しました（4件）
2026-09-07 18:19:54 [INFO] tools: メモを検索しました（キーワード: presentation、結果: 1件）
2026-09-07 18:19:54 [INFO] tools: メモを完了状態にしました（memo_1）
2026-09-07 18:19:54 [INFO] tools: メモ一覧を取得しました（4件）
2026-09-07 18:19:54 [INFO] db: SQLiteデータベースを初期化しました: C:\Users\kouki\AppData\Local\Temp\pytest-of-kouki\pytest-34\test_scenario_multi_turn_chat_0\test_jarvis.db
2026-09-07 18:19:54 [INFO] tools: メモを追加しました（memo_1）: Remind me to call John tomorrow
2026-09-07 18:19:54 [INFO] tools: メモを追加しました（memo_2）: Add a memo: prepare slides for presentation
2026-09-07 18:19:54 [INFO] tools: メモを追加しました（memo_3）: What memos do I have?
2026-09-07 18:19:54 [INFO] tools: メモ一覧を取得しました（3件）
2026-09-07 18:19:54 [INFO] db: SQLiteデータベースを初期化しました: C:\Users\kouki\AppData\Local\Temp\pytest-of-kouki\pytest-34\test_scenario_rag_search_in_ch0\test_jarvis.db
2026-09-07 18:19:54 [INFO] db: SQLiteデータベースを初期化しました: C:\Users\kouki\AppData\Local\Temp\pytest-of-kouki\pytest-34\test_large_memo_list_handling0\test_jarvis.db
2026-09-07 18:19:54 [INFO] tools: メモを追加しました（memo_1）: Memo item 0
2026-09-07 18:19:54 [INFO] tools: メモを追加しました（memo_2）: Memo item 1
2026-09-07 18:19:54 [INFO] tools: メモを追加しました（memo_3）: Memo item 2
2026-09-07 18:19:54 [INFO] tools: メモを追加しました（memo_4）: Memo item 3
2026-09-07 18:19:54 [INFO] tools: メモを追加しました（memo_5）: Memo item 4
2026-09-07 18:19:54 [INFO] tools: メモを追加しました（memo_6）: Memo item 5
2026-09-07 18:19:54 [INFO] tools: メモを追加しました（memo_7）: Memo item 6
2026-09-07 18:19:54 [INFO] tools: メモを追加しました（memo_8）: Memo item 7
2026-09-07 18:19:54 [INFO] tools: メモを追加しました（memo_9）: Memo item 8
2026-09-07 18:19:54 [INFO] tools: メモを追加しました（memo_10）: Memo item 9
2026-09-07 18:19:55 [INFO] tools: メモを追加しました（memo_11）: Memo item 10
2026-09-07 18:19:55 [INFO] tools: メモを追加しました（memo_12）: Memo item 11
2026-09-07 18:19:55 [INFO] tools: メモを追加しました（memo_13）: Memo item 12
2026-09-07 18:19:55 [INFO] tools: メモを追加しました（memo_14）: Memo item 13
2026-09-07 18:19:55 [INFO] tools: メモを追加しました（memo_15）: Memo item 14
2026-09-07 18:19:55 [INFO] tools: メモを追加しました（memo_16）: Memo item 15
2026-09-07 18:19:55 [INFO] tools: メモを追加しました（memo_17）: Memo item 16
2026-09-07 18:19:55 [INFO] tools: メモを追加しました（memo_18）: Memo item 17
2026-09-07 18:19:55 [INFO] tools: メモを追加しました（memo_19）: Memo item 18
2026-09-07 18:19:55 [INFO] tools: メモを追加しました（memo_20）: Memo item 19
2026-09-07 18:19:55 [INFO] tools: メモを追加しました（memo_21）: Memo item 20
2026-09-07 18:19:55 [INFO] tools: メモを追加しました（memo_22）: Memo item 21
2026-09-07 18:19:55 [INFO] tools: メモを追加しました（memo_23）: Memo item 22
2026-09-07 18:19:55 [INFO] tools: メモを追加しました（memo_24）: Memo item 23
2026-09-07 18:19:55 [INFO] tools: メモを追加しました（memo_25）: Memo item 24
2026-09-07 18:19:55 [INFO] tools: メモを追加しました（memo_26）: Memo item 25
2026-09-07 18:19:55 [INFO] tools: メモを追加しました（memo_27）: Memo item 26
2026-09-07 18:19:55 [INFO] tools: メモを追加しました（memo_28）: Memo item 27
2026-09-07 18:19:55 [INFO] tools: メモを追加しました（memo_29）: Memo item 28
2026-09-07 18:19:55 [INFO] tools: メモを追加しました（memo_30）: Memo item 29
2026-09-07 18:19:55 [INFO] tools: メモを追加しました（memo_31）: Memo item 30
2026-09-07 18:19:55 [INFO] tools: メモを追加しました（memo_32）: Memo item 31
2026-09-07 18:19:55 [INFO] tools: メモを追加しました（memo_33）: Memo item 32
2026-09-07 18:19:55 [INFO] tools: メモを追加しました（memo_34）: Memo item 33
2026-09-07 18:19:55 [INFO] tools: メモを追加しました（memo_35）: Memo item 34
2026-09-07 18:19:55 [INFO] tools: メモを追加しました（memo_36）: Memo item 35
2026-09-07 18:19:55 [INFO] tools: メモを追加しました（memo_37）: Memo item 36
2026-09-07 18:19:55 [INFO] tools: メモを追加しました（memo_38）: Memo item 37
2026-09-07 18:19:55 [INFO] tools: メモを追加しました（memo_39）: Memo item 38
2026-09-07 18:19:55 [INFO] tools: メモを追加しました（memo_40）: Memo item 39
2026-09-07 18:19:55 [INFO] tools: メモを追加しました（memo_41）: Memo item 40
2026-09-07 18:19:55 [INFO] tools: メモを追加しました（memo_42）: Memo item 41
2026-09-07 18:19:55 [INFO] tools: メモを追加しました（memo_43）: Memo item 42
2026-09-07 18:19:55 [INFO] tools: メモを追加しました（memo_44）: Memo item 43
2026-09-07 18:19:55 [INFO] tools: メモを追加しました（memo_45）: Memo item 44
2026-09-07 18:19:55 [INFO] tools: メモを追加しました（memo_46）: Memo item 45
2026-09-07 18:19:55 [INFO] tools: メモを追加しました（memo_47）: Memo item 46
2026-09-07 18:19:55 [INFO] tools: メモを追加しました（memo_48）: Memo item 47
2026-09-07 18:19:55 [INFO] tools: メモを追加しました（memo_49）: Memo item 48
2026-09-07 18:19:55 [INFO] tools: メモを追加しました（memo_50）: Memo item 49
2026-09-07 18:19:55 [INFO] tools: メモを追加しました（memo_51）: Memo item 50
2026-09-07 18:19:55 [INFO] tools: メモを追加しました（memo_52）: Memo item 51
2026-09-07 18:19:55 [INFO] tools: メモを追加しました（memo_53）: Memo item 52
2026-09-07 18:19:55 [INFO] tools: メモを追加しました（memo_54）: Memo item 53
2026-09-07 18:19:55 [INFO] tools: メモを追加しました（memo_55）: Memo item 54
2026-09-07 18:19:55 [INFO] tools: メモを追加しました（memo_56）: Memo item 55
2026-09-07 18:19:55 [INFO] tools: メモを追加しました（memo_57）: Memo item 56
2026-09-07 18:19:55 [INFO] tools: メモを追加しました（memo_58）: Memo item 57
2026-09-07 18:19:55 [INFO] tools: メモを追加しました（memo_59）: Memo item 58
2026-09-07 18:19:55 [INFO] tools: メモを追加しました（memo_60）: Memo item 59
2026-09-07 18:19:55 [INFO] tools: メモを追加しました（memo_61）: Memo item 60
2026-09-07 18:19:55 [INFO] tools: メモを追加しました（memo_62）: Memo item 61
2026-09-07 18:19:55 [INFO] tools: メモを追加しました（memo_63）: Memo item 62
2026-09-07 18:19:55 [INFO] tools: メモを追加しました（memo_64）: Memo item 63
2026-09-07 18:19:55 [INFO] tools: メモを追加しました（memo_65）: Memo item 64
2026-09-07 18:19:55 [INFO] tools: メモを追加しました（memo_66）: Memo item 65
2026-09-07 18:19:55 [INFO] tools: メモを追加しました（memo_67）: Memo item 66
2026-09-07 18:19:55 [INFO] tools: メモを追加しました（memo_68）: Memo item 67
2026-09-07 18:19:55 [INFO] tools: メモを追加しました（memo_69）: Memo item 68
2026-09-07 18:19:55 [INFO] tools: メモを追加しました（memo_70）: Memo item 69
2026-09-07 18:19:55 [INFO] tools: メモを追加しました（memo_71）: Memo item 70
2026-09-07 18:19:55 [INFO] tools: メモを追加しました（memo_72）: Memo item 71
2026-09-07 18:19:55 [INFO] tools: メモを追加しました（memo_73）: Memo item 72
2026-09-07 18:19:55 [INFO] tools: メモを追加しました（memo_74）: Memo item 73
2026-09-07 18:19:55 [INFO] tools: メモを追加しました（memo_75）: Memo item 74
2026-09-07 18:19:55 [INFO] tools: メモを追加しました（memo_76）: Memo item 75
2026-09-07 18:19:55 [INFO] tools: メモを追加しました（memo_77）: Memo item 76
2026-09-07 18:19:55 [INFO] tools: メモを追加しました（memo_78）: Memo item 77
2026-09-07 18:19:55 [INFO] tools: メモを追加しました（memo_79）: Memo item 78
2026-09-07 18:19:55 [INFO] tools: メモを追加しました（memo_80）: Memo item 79
2026-09-07 18:19:55 [INFO] tools: メモを追加しました（memo_81）: Memo item 80
2026-09-07 18:19:55 [INFO] tools: メモを追加しました（memo_82）: Memo item 81
2026-09-07 18:19:55 [INFO] tools: メモを追加しました（memo_83）: Memo item 82
2026-09-07 18:19:55 [INFO] tools: メモを追加しました（memo_84）: Memo item 83
2026-09-07 18:19:55 [INFO] tools: メモを追加しました（memo_85）: Memo item 84
2026-09-07 18:19:55 [INFO] tools: メモを追加しました（memo_86）: Memo item 85
2026-09-07 18:19:56 [INFO] tools: メモを追加しました（memo_87）: Memo item 86
2026-09-07 18:19:56 [INFO] tools: メモを追加しました（memo_88）: Memo item 87
2026-09-07 18:19:56 [INFO] tools: メモを追加しました（memo_89）: Memo item 88
2026-09-07 18:19:56 [INFO] tools: メモを追加しました（memo_90）: Memo item 89
2026-09-07 18:19:56 [INFO] tools: メモを追加しました（memo_91）: Memo item 90
2026-09-07 18:19:56 [INFO] tools: メモを追加しました（memo_92）: Memo item 91
2026-09-07 18:19:56 [INFO] tools: メモを追加しました（memo_93）: Memo item 92
2026-09-07 18:19:56 [INFO] tools: メモを追加しました（memo_94）: Memo item 93
2026-09-07 18:19:56 [INFO] tools: メモを追加しました（memo_95）: Memo item 94
2026-09-07 18:19:56 [INFO] tools: メモを追加しました（memo_96）: Memo item 95
2026-09-07 18:19:56 [INFO] tools: メモを追加しました（memo_97）: Memo item 96
2026-09-07 18:19:56 [INFO] tools: メモを追加しました（memo_98）: Memo item 97
2026-09-07 18:19:56 [INFO] tools: メモを追加しました（memo_99）: Memo item 98
2026-09-07 18:19:56 [INFO] tools: メモを追加しました（memo_100）: Memo item 99
2026-09-07 18:19:56 [INFO] tools: メモ一覧を取得しました（100件）
2026-09-07 18:19:56 [INFO] db: SQLiteデータベースを初期化しました: C:\Users\kouki\AppData\Local\Temp\pytest-of-kouki\pytest-34\test_large_chat_history_buildi0\test_jarvis.db
2026-09-07 18:19:56 [INFO] db: SQLiteデータベースを初期化しました: C:\Users\kouki\AppData\Local\Temp\pytest-of-kouki\pytest-34\test_database_table_row_counts0\test_jarvis.db
2026-09-07 18:19:56 [INFO] tools: メモを追加しました（memo_1）: Test memo 1
2026-09-07 18:19:56 [INFO] tools: メモを追加しました（memo_2）: Test memo 2
2026-09-07 18:19:56 [INFO] db: SQLiteデータベースを初期化しました: C:\Users\kouki\Downloads\j\jarvis.db
2026-09-07 18:19:56 [WARNING] tools: add_memo: バリデーション失敗: メモのテキストが空です。内容を指定してください。
2026-09-07 18:19:56 [INFO] db: SQLiteデータベースを初期化しました: C:\Users\kouki\Downloads\j\jarvis.db
2026-09-07 18:19:56 [WARNING] tools: add_memo: バリデーション失敗: メモのテキストが短すぎます（最小2文字）: ''
2026-09-07 18:19:56 [INFO] db: SQLiteデータベースを初期化しました: C:\Users\kouki\Downloads\j\jarvis.db
2026-09-07 18:19:56 [WARNING] tools: add_memo: バリデーション失敗: メモのテキストが短すぎます（最小2文字）: ''
2026-09-07 18:19:56 [INFO] db: SQLiteデータベースを初期化しました: C:\Users\kouki\Downloads\j\jarvis.db
2026-09-07 18:19:56 [WARNING] tools: add_memo: バリデーション失敗: メモのテキストが短すぎます（最小2文字）: 'a'
2026-09-07 18:19:56 [INFO] db: SQLiteデータベースを初期化しました: C:\Users\kouki\Downloads\j\jarvis.db
2026-09-07 18:19:56 [WARNING] tools: add_memo: バリデーション失敗: メモのテキストが長すぎます（最大5000文字）
2026-09-07 18:19:56 [INFO] db: SQLiteデータベースを初期化しました: C:\Users\kouki\Downloads\j\jarvis.db
2026-09-07 18:19:56 [WARNING] tools: add_memo: バリデーション失敗: メモのテキストが長すぎます（最大5000文字）
2026-09-07 18:19:56 [INFO] db: SQLiteデータベースを初期化しました: C:\Users\kouki\Downloads\j\jarvis.db
2026-09-07 18:19:56 [INFO] tools: メモを追加しました（memo_263）: 予定 🗓️ 15:00
2026-09-07 18:19:56 [INFO] db: SQLiteデータベースを初期化しました: C:\Users\kouki\Downloads\j\jarvis.db
2026-09-07 18:19:56 [INFO] tools: メモを追加しました（memo_264）: 日本語と English mixed
2026-09-07 18:19:56 [INFO] db: SQLiteデータベースを初期化しました: C:\Users\kouki\Downloads\j\jarvis.db
2026-09-07 18:19:56 [INFO] tools: メモを追加しました（memo_265）: quotes ' \" backslash \\ percent % underscore _
2026-09-07 18:19:56 [INFO] db: SQLiteデータベースを初期化しました: C:\Users\kouki\Downloads\j\jarvis.db
2026-09-07 18:19:56 [INFO] tools: メモを追加しました（memo_266）: 改行
を含むメモ
2026-09-07 18:19:56 [INFO] db: SQLiteデータベースを初期化しました: C:\Users\kouki\Downloads\j\jarvis.db
2026-09-07 18:19:56 [WARNING] tools: ⚠️ 時刻関連クエリがメモとして渡された可能性があります。正常な呼び出しか確認してください: '何時'
2026-09-07 18:19:56 [INFO] db: SQLiteデータベースを初期化しました: C:\Users\kouki\Downloads\j\jarvis.db
2026-09-07 18:19:56 [WARNING] tools: ⚠️ 時刻関連クエリがメモとして渡された可能性があります。正常な呼び出しか確認してください: '今何時'
2026-09-07 18:19:56 [INFO] db: SQLiteデータベースを初期化しました: C:\Users\kouki\Downloads\j\jarvis.db
2026-09-07 18:19:56 [WARNING] tools: ⚠️ 時刻関連クエリがメモとして渡された可能性があります。正常な呼び出しか確認してください: '時刻'
2026-09-07 18:19:56 [INFO] db: SQLiteデータベースを初期化しました: C:\Users\kouki\Downloads\j\jarvis.db
2026-09-07 18:19:56 [WARNING] tools: ⚠️ 時刻関連クエリがメモとして渡された可能性があります。正常な呼び出しか確認してください: '昨日'
2026-09-07 18:19:56 [INFO] db: SQLiteデータベースを初期化しました: C:\Users\kouki\Downloads\j\jarvis.db
2026-09-07 18:19:56 [WARNING] tools: ⚠️ 時刻関連クエリがメモとして渡された可能性があります。正常な呼び出しか確認してください: '明日'
2026-09-07 18:19:56 [INFO] db: SQLiteデータベースを初期化しました: C:\Users\kouki\Downloads\j\jarvis.db
2026-09-07 18:19:56 [INFO] tools: メモを追加しました（memo_267）: 2026年8月28日15時に歯医者
2026-09-07 18:19:56 [INFO] db: SQLiteデータベースを初期化しました: C:\Users\kouki\Downloads\j\jarvis.db
2026-09-07 18:19:56 [INFO] tools: メモを追加しました（memo_268）: 明日の会議を15時に予約
2026-09-07 18:19:56 [INFO] db: SQLiteデータベースを初期化しました: C:\Users\kouki\Downloads\j\jarvis.db
2026-09-07 18:19:56 [INFO] tools: メモを追加しました（memo_269）: 時間がないので買い物をする
2026-09-07 18:19:56 [INFO] db: SQLiteデータベースを初期化しました: C:\Users\kouki\Downloads\j\jarvis.db
2026-09-07 18:19:56 [INFO] tools: メモを追加しました（memo_270）: 今日の予定は時間がある
2026-09-07 18:19:56 [INFO] db: SQLiteデータベースを初期化しました: C:\Users\kouki\Downloads\j\jarvis.db
2026-09-07 18:19:56 [INFO] tools: メモを追加しました（memo_271）: 2026-08-28T15:00:00+09:00
2026-09-07 18:19:56 [INFO] db: SQLiteデータベースを初期化しました: C:\Users\kouki\Downloads\j\jarvis.db
2026-09-07 18:19:56 [WARNING] tools: 検索キーワードに疑わしい文字が含まれています: "'; DROP TABLE memos; --"
2026-09-07 18:19:56 [INFO] db: SQLiteデータベースを初期化しました: C:\Users\kouki\Downloads\j\jarvis.db
2026-09-07 18:19:56 [INFO] db: SQLiteデータベースを初期化しました: C:\Users\kouki\Downloads\j\jarvis.db
2026-09-07 18:19:56 [INFO] db: SQLiteデータベースを初期化しました: C:\Users\kouki\Downloads\j\jarvis.db
2026-09-07 18:19:56 [INFO] db: SQLiteデータベースを初期化しました: C:\Users\kouki\Downloads\j\jarvis.db
2026-09-07 18:19:56 [WARNING] tools: 検索キーワードに疑わしい文字が含まれています: '\\x00'
2026-09-07 18:19:56 [INFO] db: SQLiteデータベースを初期化しました: C:\Users\kouki\Downloads\j\jarvis.db
2026-09-07 18:19:56 [INFO] tools: メモを追加しました（memo_272）: Project Aurora planning
2026-09-07 18:19:56 [INFO] tools: メモを検索しました（キーワード: Aurora、結果: 1件）
2026-09-07 18:19:56 [WARNING] tools: 検索キーワードに疑わしい文字が含まれています: 'missing-keyword'
2026-09-07 18:19:56 [INFO] db: SQLiteデータベースを初期化しました: C:\Users\kouki\Downloads\j\jarvis.db
2026-09-07 18:19:56 [INFO] tools: メモを追加しました（memo_273）: bulk memo 0 xxxxxxxxxxxxxxxxxxxxxxxxxxxxxxxxxxxxxxxxxxxxxxxxxxxxxxxxxxxxxxxxxxxxxxxxxxxxxxxxxxxxxxxxxxxxxxxxxxxxxxxxxxxxxxxxxxxxxxxxxxxxxxxxxxxxxxxxxxxxxxxxxxxxxxxxxxxxxxxxxxxxxxxxxxxxxxxxxxxxxxxxxxxxxxxxxxxxxxxxxxxxxxxxxxxxxxxxxxxxxxxxxxxxxxxxxxxxxxxxxxxxxxxxxxxxxxxxxxxxxxxxxxxxxxxxxxxxxxxxxxxxxxxxxxxxxxxxxxxxxxxxxxxxxxxxxxxxxxxxxxxxxxxxxxxxxxxxxxxxxxxxxxxxxxxxxxxxxxxxxxxxxxxxxxxxxxxxxxxxxxxxxxxxxxxxxxxxxxxx
2026-09-07 18:19:56 [INFO] tools: メモを追加しました（memo_274）: bulk memo 1 xxxxxxxxxxxxxxxxxxxxxxxxxxxxxxxxxxxxxxxxxxxxxxxxxxxxxxxxxxxxxxxxxxxxxxxxxxxxxxxxxxxxxxxxxxxxxxxxxxxxxxxxxxxxxxxxxxxxxxxxxxxxxxxxxxxxxxxxxxxxxxxxxxxxxxxxxxxxxxxxxxxxxxxxxxxxxxxxxxxxxxxxxxxxxxxxxxxxxxxxxxxxxxxxxxxxxxxxxxxxxxxxxxxxxxxxxxxxxxxxxxxxxxxxxxxxxxxxxxxxxxxxxxxxxxxxxxxxxxxxxxxxxxxxxxxxxxxxxxxxxxxxxxxxxxxxxxxxxxxxxxxxxxxxxxxxxxxxxxxxxxxxxxxxxxxxxxxxxxxxxxxxxxxxxxxxxxxxxxxxxxxxxxxxxxxxxxxxxxxx
2026-09-07 18:19:56 [INFO] tools: メモを追加しました（memo_275）: bulk memo 2 xxxxxxxxxxxxxxxxxxxxxxxxxxxxxxxxxxxxxxxxxxxxxxxxxxxxxxxxxxxxxxxxxxxxxxxxxxxxxxxxxxxxxxxxxxxxxxxxxxxxxxxxxxxxxxxxxxxxxxxxxxxxxxxxxxxxxxxxxxxxxxxxxxxxxxxxxxxxxxxxxxxxxxxxxxxxxxxxxxxxxxxxxxxxxxxxxxxxxxxxxxxxxxxxxxxxxxxxxxxxxxxxxxxxxxxxxxxxxxxxxxxxxxxxxxxxxxxxxxxxxxxxxxxxxxxxxxxxxxxxxxxxxxxxxxxxxxxxxxxxxxxxxxxxxxxxxxxxxxxxxxxxxxxxxxxxxxxxxxxxxxxxxxxxxxxxxxxxxxxxxxxxxxxxxxxxxxxxxxxxxxxxxxxxxxxxxxxxxxxx
2026-09-07 18:19:56 [INFO] tools: メモを追加しました（memo_276）: bulk memo 3 xxxxxxxxxxxxxxxxxxxxxxxxxxxxxxxxxxxxxxxxxxxxxxxxxxxxxxxxxxxxxxxxxxxxxxxxxxxxxxxxxxxxxxxxxxxxxxxxxxxxxxxxxxxxxxxxxxxxxxxxxxxxxxxxxxxxxxxxxxxxxxxxxxxxxxxxxxxxxxxxxxxxxxxxxxxxxxxxxxxxxxxxxxxxxxxxxxxxxxxxxxxxxxxxxxxxxxxxxxxxxxxxxxxxxxxxxxxxxxxxxxxxxxxxxxxxxxxxxxxxxxxxxxxxxxxxxxxxxxxxxxxxxxxxxxxxxxxxxxxxxxxxxxxxxxxxxxxxxxxxxxxxxxxxxxxxxxxxxxxxxxxxxxxxxxxxxxxxxxxxxxxxxxxxxxxxxxxxxxxxxxxxxxxxxxxxxxxxxxxx
2026-09-07 18:19:56 [INFO] tools: メモを追加しました（memo_277）: bulk memo 4 xxxxxxxxxxxxxxxxxxxxxxxxxxxxxxxxxxxxxxxxxxxxxxxxxxxxxxxxxxxxxxxxxxxxxxxxxxxxxxxxxxxxxxxxxxxxxxxxxxxxxxxxxxxxxxxxxxxxxxxxxxxxxxxxxxxxxxxxxxxxxxxxxxxxxxxxxxxxxxxxxxxxxxxxxxxxxxxxxxxxxxxxxxxxxxxxxxxxxxxxxxxxxxxxxxxxxxxxxxxxxxxxxxxxxxxxxxxxxxxxxxxxxxxxxxxxxxxxxxxxxxxxxxxxxxxxxxxxxxxxxxxxxxxxxxxxxxxxxxxxxxxxxxxxxxxxxxxxxxxxxxxxxxxxxxxxxxxxxxxxxxxxxxxxxxxxxxxxxxxxxxxxxxxxxxxxxxxxxxxxxxxxxxxxxxxxxxxxxxxx
2026-09-07 18:19:56 [INFO] tools: メモを追加しました（memo_278）: bulk memo 5 xxxxxxxxxxxxxxxxxxxxxxxxxxxxxxxxxxxxxxxxxxxxxxxxxxxxxxxxxxxxxxxxxxxxxxxxxxxxxxxxxxxxxxxxxxxxxxxxxxxxxxxxxxxxxxxxxxxxxxxxxxxxxxxxxxxxxxxxxxxxxxxxxxxxxxxxxxxxxxxxxxxxxxxxxxxxxxxxxxxxxxxxxxxxxxxxxxxxxxxxxxxxxxxxxxxxxxxxxxxxxxxxxxxxxxxxxxxxxxxxxxxxxxxxxxxxxxxxxxxxxxxxxxxxxxxxxxxxxxxxxxxxxxxxxxxxxxxxxxxxxxxxxxxxxxxxxxxxxxxxxxxxxxxxxxxxxxxxxxxxxxxxxxxxxxxxxxxxxxxxxxxxxxxxxxxxxxxxxxxxxxxxxxxxxxxxxxxxxxxx
2026-09-07 18:19:56 [INFO] tools: メモを追加しました（memo_279）: bulk memo 6 xxxxxxxxxxxxxxxxxxxxxxxxxxxxxxxxxxxxxxxxxxxxxxxxxxxxxxxxxxxxxxxxxxxxxxxxxxxxxxxxxxxxxxxxxxxxxxxxxxxxxxxxxxxxxxxxxxxxxxxxxxxxxxxxxxxxxxxxxxxxxxxxxxxxxxxxxxxxxxxxxxxxxxxxxxxxxxxxxxxxxxxxxxxxxxxxxxxxxxxxxxxxxxxxxxxxxxxxxxxxxxxxxxxxxxxxxxxxxxxxxxxxxxxxxxxxxxxxxxxxxxxxxxxxxxxxxxxxxxxxxxxxxxxxxxxxxxxxxxxxxxxxxxxxxxxxxxxxxxxxxxxxxxxxxxxxxxxxxxxxxxxxxxxxxxxxxxxxxxxxxxxxxxxxxxxxxxxxxxxxxxxxxxxxxxxxxxxxxxxx
2026-09-07 18:19:56 [INFO] tools: メモを追加しました（memo_280）: bulk memo 7 xxxxxxxxxxxxxxxxxxxxxxxxxxxxxxxxxxxxxxxxxxxxxxxxxxxxxxxxxxxxxxxxxxxxxxxxxxxxxxxxxxxxxxxxxxxxxxxxxxxxxxxxxxxxxxxxxxxxxxxxxxxxxxxxxxxxxxxxxxxxxxxxxxxxxxxxxxxxxxxxxxxxxxxxxxxxxxxxxxxxxxxxxxxxxxxxxxxxxxxxxxxxxxxxxxxxxxxxxxxxxxxxxxxxxxxxxxxxxxxxxxxxxxxxxxxxxxxxxxxxxxxxxxxxxxxxxxxxxxxxxxxxxxxxxxxxxxxxxxxxxxxxxxxxxxxxxxxxxxxxxxxxxxxxxxxxxxxxxxxxxxxxxxxxxxxxxxxxxxxxxxxxxxxxxxxxxxxxxxxxxxxxxxxxxxxxxxxxxxxx
2026-09-07 18:19:57 [INFO] tools: メモを追加しました（memo_281）: bulk memo 8 xxxxxxxxxxxxxxxxxxxxxxxxxxxxxxxxxxxxxxxxxxxxxxxxxxxxxxxxxxxxxxxxxxxxxxxxxxxxxxxxxxxxxxxxxxxxxxxxxxxxxxxxxxxxxxxxxxxxxxxxxxxxxxxxxxxxxxxxxxxxxxxxxxxxxxxxxxxxxxxxxxxxxxxxxxxxxxxxxxxxxxxxxxxxxxxxxxxxxxxxxxxxxxxxxxxxxxxxxxxxxxxxxxxxxxxxxxxxxxxxxxxxxxxxxxxxxxxxxxxxxxxxxxxxxxxxxxxxxxxxxxxxxxxxxxxxxxxxxxxxxxxxxxxxxxxxxxxxxxxxxxxxxxxxxxxxxxxxxxxxxxxxxxxxxxxxxxxxxxxxxxxxxxxxxxxxxxxxxxxxxxxxxxxxxxxxxxxxxxxx
2026-09-07 18:19:57 [INFO] tools: メモを追加しました（memo_282）: bulk memo 9 xxxxxxxxxxxxxxxxxxxxxxxxxxxxxxxxxxxxxxxxxxxxxxxxxxxxxxxxxxxxxxxxxxxxxxxxxxxxxxxxxxxxxxxxxxxxxxxxxxxxxxxxxxxxxxxxxxxxxxxxxxxxxxxxxxxxxxxxxxxxxxxxxxxxxxxxxxxxxxxxxxxxxxxxxxxxxxxxxxxxxxxxxxxxxxxxxxxxxxxxxxxxxxxxxxxxxxxxxxxxxxxxxxxxxxxxxxxxxxxxxxxxxxxxxxxxxxxxxxxxxxxxxxxxxxxxxxxxxxxxxxxxxxxxxxxxxxxxxxxxxxxxxxxxxxxxxxxxxxxxxxxxxxxxxxxxxxxxxxxxxxxxxxxxxxxxxxxxxxxxxxxxxxxxxxxxxxxxxxxxxxxxxxxxxxxxxxxxxxxx
2026-09-07 18:19:57 [INFO] tools: メモを追加しました（memo_283）: bulk memo 10 xxxxxxxxxxxxxxxxxxxxxxxxxxxxxxxxxxxxxxxxxxxxxxxxxxxxxxxxxxxxxxxxxxxxxxxxxxxxxxxxxxxxxxxxxxxxxxxxxxxxxxxxxxxxxxxxxxxxxxxxxxxxxxxxxxxxxxxxxxxxxxxxxxxxxxxxxxxxxxxxxxxxxxxxxxxxxxxxxxxxxxxxxxxxxxxxxxxxxxxxxxxxxxxxxxxxxxxxxxxxxxxxxxxxxxxxxxxxxxxxxxxxxxxxxxxxxxxxxxxxxxxxxxxxxxxxxxxxxxxxxxxxxxxxxxxxxxxxxxxxxxxxxxxxxxxxxxxxxxxxxxxxxxxxxxxxxxxxxxxxxxxxxxxxxxxxxxxxxxxxxxxxxxxxxxxxxxxxxxxxxxxxxxxxxxxxxxxxxxxx
2026-09-07 18:19:57 [INFO] tools: メモを追加しました（memo_284）: bulk memo 11 xxxxxxxxxxxxxxxxxxxxxxxxxxxxxxxxxxxxxxxxxxxxxxxxxxxxxxxxxxxxxxxxxxxxxxxxxxxxxxxxxxxxxxxxxxxxxxxxxxxxxxxxxxxxxxxxxxxxxxxxxxxxxxxxxxxxxxxxxxxxxxxxxxxxxxxxxxxxxxxxxxxxxxxxxxxxxxxxxxxxxxxxxxxxxxxxxxxxxxxxxxxxxxxxxxxxxxxxxxxxxxxxxxxxxxxxxxxxxxxxxxxxxxxxxxxxxxxxxxxxxxxxxxxxxxxxxxxxxxxxxxxxxxxxxxxxxxxxxxxxxxxxxxxxxxxxxxxxxxxxxxxxxxxxxxxxxxxxxxxxxxxxxxxxxxxxxxxxxxxxxxxxxxxxxxxxxxxxxxxxxxxxxxxxxxxxxxxxxxxx
2026-09-07 18:19:57 [INFO] tools: メモを追加しました（memo_285）: bulk memo 12 xxxxxxxxxxxxxxxxxxxxxxxxxxxxxxxxxxxxxxxxxxxxxxxxxxxxxxxxxxxxxxxxxxxxxxxxxxxxxxxxxxxxxxxxxxxxxxxxxxxxxxxxxxxxxxxxxxxxxxxxxxxxxxxxxxxxxxxxxxxxxxxxxxxxxxxxxxxxxxxxxxxxxxxxxxxxxxxxxxxxxxxxxxxxxxxxxxxxxxxxxxxxxxxxxxxxxxxxxxxxxxxxxxxxxxxxxxxxxxxxxxxxxxxxxxxxxxxxxxxxxxxxxxxxxxxxxxxxxxxxxxxxxxxxxxxxxxxxxxxxxxxxxxxxxxxxxxxxxxxxxxxxxxxxxxxxxxxxxxxxxxxxxxxxxxxxxxxxxxxxxxxxxxxxxxxxxxxxxxxxxxxxxxxxxxxxxxxxxxxx
2026-09-07 18:19:57 [INFO] tools: メモを追加しました（memo_286）: bulk memo 13 xxxxxxxxxxxxxxxxxxxxxxxxxxxxxxxxxxxxxxxxxxxxxxxxxxxxxxxxxxxxxxxxxxxxxxxxxxxxxxxxxxxxxxxxxxxxxxxxxxxxxxxxxxxxxxxxxxxxxxxxxxxxxxxxxxxxxxxxxxxxxxxxxxxxxxxxxxxxxxxxxxxxxxxxxxxxxxxxxxxxxxxxxxxxxxxxxxxxxxxxxxxxxxxxxxxxxxxxxxxxxxxxxxxxxxxxxxxxxxxxxxxxxxxxxxxxxxxxxxxxxxxxxxxxxxxxxxxxxxxxxxxxxxxxxxxxxxxxxxxxxxxxxxxxxxxxxxxxxxxxxxxxxxxxxxxxxxxxxxxxxxxxxxxxxxxxxxxxxxxxxxxxxxxxxxxxxxxxxxxxxxxxxxxxxxxxxxxxxxxx
2026-09-07 18:19:57 [INFO] tools: メモを追加しました（memo_287）: bulk memo 14 xxxxxxxxxxxxxxxxxxxxxxxxxxxxxxxxxxxxxxxxxxxxxxxxxxxxxxxxxxxxxxxxxxxxxxxxxxxxxxxxxxxxxxxxxxxxxxxxxxxxxxxxxxxxxxxxxxxxxxxxxxxxxxxxxxxxxxxxxxxxxxxxxxxxxxxxxxxxxxxxxxxxxxxxxxxxxxxxxxxxxxxxxxxxxxxxxxxxxxxxxxxxxxxxxxxxxxxxxxxxxxxxxxxxxxxxxxxxxxxxxxxxxxxxxxxxxxxxxxxxxxxxxxxxxxxxxxxxxxxxxxxxxxxxxxxxxxxxxxxxxxxxxxxxxxxxxxxxxxxxxxxxxxxxxxxxxxxxxxxxxxxxxxxxxxxxxxxxxxxxxxxxxxxxxxxxxxxxxxxxxxxxxxxxxxxxxxxxxxxx
2026-09-07 18:19:57 [INFO] tools: メモを追加しました（memo_288）: bulk memo 15 xxxxxxxxxxxxxxxxxxxxxxxxxxxxxxxxxxxxxxxxxxxxxxxxxxxxxxxxxxxxxxxxxxxxxxxxxxxxxxxxxxxxxxxxxxxxxxxxxxxxxxxxxxxxxxxxxxxxxxxxxxxxxxxxxxxxxxxxxxxxxxxxxxxxxxxxxxxxxxxxxxxxxxxxxxxxxxxxxxxxxxxxxxxxxxxxxxxxxxxxxxxxxxxxxxxxxxxxxxxxxxxxxxxxxxxxxxxxxxxxxxxxxxxxxxxxxxxxxxxxxxxxxxxxxxxxxxxxxxxxxxxxxxxxxxxxxxxxxxxxxxxxxxxxxxxxxxxxxxxxxxxxxxxxxxxxxxxxxxxxxxxxxxxxxxxxxxxxxxxxxxxxxxxxxxxxxxxxxxxxxxxxxxxxxxxxxxxxxxxx
2026-09-07 18:19:57 [INFO] tools: メモを追加しました（memo_289）: bulk memo 16 xxxxxxxxxxxxxxxxxxxxxxxxxxxxxxxxxxxxxxxxxxxxxxxxxxxxxxxxxxxxxxxxxxxxxxxxxxxxxxxxxxxxxxxxxxxxxxxxxxxxxxxxxxxxxxxxxxxxxxxxxxxxxxxxxxxxxxxxxxxxxxxxxxxxxxxxxxxxxxxxxxxxxxxxxxxxxxxxxxxxxxxxxxxxxxxxxxxxxxxxxxxxxxxxxxxxxxxxxxxxxxxxxxxxxxxxxxxxxxxxxxxxxxxxxxxxxxxxxxxxxxxxxxxxxxxxxxxxxxxxxxxxxxxxxxxxxxxxxxxxxxxxxxxxxxxxxxxxxxxxxxxxxxxxxxxxxxxxxxxxxxxxxxxxxxxxxxxxxxxxxxxxxxxxxxxxxxxxxxxxxxxxxxxxxxxxxxxxxxxx
2026-09-07 18:19:57 [INFO] tools: メモを追加しました（memo_290）: bulk memo 17 xxxxxxxxxxxxxxxxxxxxxxxxxxxxxxxxxxxxxxxxxxxxxxxxxxxxxxxxxxxxxxxxxxxxxxxxxxxxxxxxxxxxxxxxxxxxxxxxxxxxxxxxxxxxxxxxxxxxxxxxxxxxxxxxxxxxxxxxxxxxxxxxxxxxxxxxxxxxxxxxxxxxxxxxxxxxxxxxxxxxxxxxxxxxxxxxxxxxxxxxxxxxxxxxxxxxxxxxxxxxxxxxxxxxxxxxxxxxxxxxxxxxxxxxxxxxxxxxxxxxxxxxxxxxxxxxxxxxxxxxxxxxxxxxxxxxxxxxxxxxxxxxxxxxxxxxxxxxxxxxxxxxxxxxxxxxxxxxxxxxxxxxxxxxxxxxxxxxxxxxxxxxxxxxxxxxxxxxxxxxxxxxxxxxxxxxxxxxxxxx
2026-09-07 18:19:57 [INFO] tools: メモを追加しました（memo_291）: bulk memo 18 xxxxxxxxxxxxxxxxxxxxxxxxxxxxxxxxxxxxxxxxxxxxxxxxxxxxxxxxxxxxxxxxxxxxxxxxxxxxxxxxxxxxxxxxxxxxxxxxxxxxxxxxxxxxxxxxxxxxxxxxxxxxxxxxxxxxxxxxxxxxxxxxxxxxxxxxxxxxxxxxxxxxxxxxxxxxxxxxxxxxxxxxxxxxxxxxxxxxxxxxxxxxxxxxxxxxxxxxxxxxxxxxxxxxxxxxxxxxxxxxxxxxxxxxxxxxxxxxxxxxxxxxxxxxxxxxxxxxxxxxxxxxxxxxxxxxxxxxxxxxxxxxxxxxxxxxxxxxxxxxxxxxxxxxxxxxxxxxxxxxxxxxxxxxxxxxxxxxxxxxxxxxxxxxxxxxxxxxxxxxxxxxxxxxxxxxxxxxxxxx
2026-09-07 18:19:57 [INFO] tools: メモを追加しました（memo_292）: bulk memo 19 xxxxxxxxxxxxxxxxxxxxxxxxxxxxxxxxxxxxxxxxxxxxxxxxxxxxxxxxxxxxxxxxxxxxxxxxxxxxxxxxxxxxxxxxxxxxxxxxxxxxxxxxxxxxxxxxxxxxxxxxxxxxxxxxxxxxxxxxxxxxxxxxxxxxxxxxxxxxxxxxxxxxxxxxxxxxxxxxxxxxxxxxxxxxxxxxxxxxxxxxxxxxxxxxxxxxxxxxxxxxxxxxxxxxxxxxxxxxxxxxxxxxxxxxxxxxxxxxxxxxxxxxxxxxxxxxxxxxxxxxxxxxxxxxxxxxxxxxxxxxxxxxxxxxxxxxxxxxxxxxxxxxxxxxxxxxxxxxxxxxxxxxxxxxxxxxxxxxxxxxxxxxxxxxxxxxxxxxxxxxxxxxxxxxxxxxxxxxxxxx
2026-09-07 18:19:57 [INFO] tools: メモを追加しました（memo_293）: bulk memo 20 xxxxxxxxxxxxxxxxxxxxxxxxxxxxxxxxxxxxxxxxxxxxxxxxxxxxxxxxxxxxxxxxxxxxxxxxxxxxxxxxxxxxxxxxxxxxxxxxxxxxxxxxxxxxxxxxxxxxxxxxxxxxxxxxxxxxxxxxxxxxxxxxxxxxxxxxxxxxxxxxxxxxxxxxxxxxxxxxxxxxxxxxxxxxxxxxxxxxxxxxxxxxxxxxxxxxxxxxxxxxxxxxxxxxxxxxxxxxxxxxxxxxxxxxxxxxxxxxxxxxxxxxxxxxxxxxxxxxxxxxxxxxxxxxxxxxxxxxxxxxxxxxxxxxxxxxxxxxxxxxxxxxxxxxxxxxxxxxxxxxxxxxxxxxxxxxxxxxxxxxxxxxxxxxxxxxxxxxxxxxxxxxxxxxxxxxxxxxxxxx
2026-09-07 18:19:57 [INFO] tools: メモを追加しました（memo_294）: bulk memo 21 xxxxxxxxxxxxxxxxxxxxxxxxxxxxxxxxxxxxxxxxxxxxxxxxxxxxxxxxxxxxxxxxxxxxxxxxxxxxxxxxxxxxxxxxxxxxxxxxxxxxxxxxxxxxxxxxxxxxxxxxxxxxxxxxxxxxxxxxxxxxxxxxxxxxxxxxxxxxxxxxxxxxxxxxxxxxxxxxxxxxxxxxxxxxxxxxxxxxxxxxxxxxxxxxxxxxxxxxxxxxxxxxxxxxxxxxxxxxxxxxxxxxxxxxxxxxxxxxxxxxxxxxxxxxxxxxxxxxxxxxxxxxxxxxxxxxxxxxxxxxxxxxxxxxxxxxxxxxxxxxxxxxxxxxxxxxxxxxxxxxxxxxxxxxxxxxxxxxxxxxxxxxxxxxxxxxxxxxxxxxxxxxxxxxxxxxxxxxxxxx
2026-09-07 18:19:57 [INFO] tools: メモを追加しました（memo_295）: bulk memo 22 xxxxxxxxxxxxxxxxxxxxxxxxxxxxxxxxxxxxxxxxxxxxxxxxxxxxxxxxxxxxxxxxxxxxxxxxxxxxxxxxxxxxxxxxxxxxxxxxxxxxxxxxxxxxxxxxxxxxxxxxxxxxxxxxxxxxxxxxxxxxxxxxxxxxxxxxxxxxxxxxxxxxxxxxxxxxxxxxxxxxxxxxxxxxxxxxxxxxxxxxxxxxxxxxxxxxxxxxxxxxxxxxxxxxxxxxxxxxxxxxxxxxxxxxxxxxxxxxxxxxxxxxxxxxxxxxxxxxxxxxxxxxxxxxxxxxxxxxxxxxxxxxxxxxxxxxxxxxxxxxxxxxxxxxxxxxxxxxxxxxxxxxxxxxxxxxxxxxxxxxxxxxxxxxxxxxxxxxxxxxxxxxxxxxxxxxxxxxxxxx
2026-09-07 18:19:57 [INFO] tools: メモを追加しました（memo_296）: bulk memo 23 xxxxxxxxxxxxxxxxxxxxxxxxxxxxxxxxxxxxxxxxxxxxxxxxxxxxxxxxxxxxxxxxxxxxxxxxxxxxxxxxxxxxxxxxxxxxxxxxxxxxxxxxxxxxxxxxxxxxxxxxxxxxxxxxxxxxxxxxxxxxxxxxxxxxxxxxxxxxxxxxxxxxxxxxxxxxxxxxxxxxxxxxxxxxxxxxxxxxxxxxxxxxxxxxxxxxxxxxxxxxxxxxxxxxxxxxxxxxxxxxxxxxxxxxxxxxxxxxxxxxxxxxxxxxxxxxxxxxxxxxxxxxxxxxxxxxxxxxxxxxxxxxxxxxxxxxxxxxxxxxxxxxxxxxxxxxxxxxxxxxxxxxxxxxxxxxxxxxxxxxxxxxxxxxxxxxxxxxxxxxxxxxxxxxxxxxxxxxxxxx
2026-09-07 18:19:57 [INFO] tools: メモを追加しました（memo_297）: bulk memo 24 xxxxxxxxxxxxxxxxxxxxxxxxxxxxxxxxxxxxxxxxxxxxxxxxxxxxxxxxxxxxxxxxxxxxxxxxxxxxxxxxxxxxxxxxxxxxxxxxxxxxxxxxxxxxxxxxxxxxxxxxxxxxxxxxxxxxxxxxxxxxxxxxxxxxxxxxxxxxxxxxxxxxxxxxxxxxxxxxxxxxxxxxxxxxxxxxxxxxxxxxxxxxxxxxxxxxxxxxxxxxxxxxxxxxxxxxxxxxxxxxxxxxxxxxxxxxxxxxxxxxxxxxxxxxxxxxxxxxxxxxxxxxxxxxxxxxxxxxxxxxxxxxxxxxxxxxxxxxxxxxxxxxxxxxxxxxxxxxxxxxxxxxxxxxxxxxxxxxxxxxxxxxxxxxxxxxxxxxxxxxxxxxxxxxxxxxxxxxxxxx
2026-09-07 18:19:57 [INFO] tools: メモを追加しました（memo_298）: bulk memo 25 xxxxxxxxxxxxxxxxxxxxxxxxxxxxxxxxxxxxxxxxxxxxxxxxxxxxxxxxxxxxxxxxxxxxxxxxxxxxxxxxxxxxxxxxxxxxxxxxxxxxxxxxxxxxxxxxxxxxxxxxxxxxxxxxxxxxxxxxxxxxxxxxxxxxxxxxxxxxxxxxxxxxxxxxxxxxxxxxxxxxxxxxxxxxxxxxxxxxxxxxxxxxxxxxxxxxxxxxxxxxxxxxxxxxxxxxxxxxxxxxxxxxxxxxxxxxxxxxxxxxxxxxxxxxxxxxxxxxxxxxxxxxxxxxxxxxxxxxxxxxxxxxxxxxxxxxxxxxxxxxxxxxxxxxxxxxxxxxxxxxxxxxxxxxxxxxxxxxxxxxxxxxxxxxxxxxxxxxxxxxxxxxxxxxxxxxxxxxxxxx
2026-09-07 18:19:57 [INFO] tools: メモを追加しました（memo_299）: bulk memo 26 xxxxxxxxxxxxxxxxxxxxxxxxxxxxxxxxxxxxxxxxxxxxxxxxxxxxxxxxxxxxxxxxxxxxxxxxxxxxxxxxxxxxxxxxxxxxxxxxxxxxxxxxxxxxxxxxxxxxxxxxxxxxxxxxxxxxxxxxxxxxxxxxxxxxxxxxxxxxxxxxxxxxxxxxxxxxxxxxxxxxxxxxxxxxxxxxxxxxxxxxxxxxxxxxxxxxxxxxxxxxxxxxxxxxxxxxxxxxxxxxxxxxxxxxxxxxxxxxxxxxxxxxxxxxxxxxxxxxxxxxxxxxxxxxxxxxxxxxxxxxxxxxxxxxxxxxxxxxxxxxxxxxxxxxxxxxxxxxxxxxxxxxxxxxxxxxxxxxxxxxxxxxxxxxxxxxxxxxxxxxxxxxxxxxxxxxxxxxxxxx
2026-09-07 18:19:57 [INFO] tools: メモを追加しました（memo_300）: bulk memo 27 xxxxxxxxxxxxxxxxxxxxxxxxxxxxxxxxxxxxxxxxxxxxxxxxxxxxxxxxxxxxxxxxxxxxxxxxxxxxxxxxxxxxxxxxxxxxxxxxxxxxxxxxxxxxxxxxxxxxxxxxxxxxxxxxxxxxxxxxxxxxxxxxxxxxxxxxxxxxxxxxxxxxxxxxxxxxxxxxxxxxxxxxxxxxxxxxxxxxxxxxxxxxxxxxxxxxxxxxxxxxxxxxxxxxxxxxxxxxxxxxxxxxxxxxxxxxxxxxxxxxxxxxxxxxxxxxxxxxxxxxxxxxxxxxxxxxxxxxxxxxxxxxxxxxxxxxxxxxxxxxxxxxxxxxxxxxxxxxxxxxxxxxxxxxxxxxxxxxxxxxxxxxxxxxxxxxxxxxxxxxxxxxxxxxxxxxxxxxxxxx
2026-09-07 18:19:57 [INFO] tools: メモを追加しました（memo_301）: bulk memo 28 xxxxxxxxxxxxxxxxxxxxxxxxxxxxxxxxxxxxxxxxxxxxxxxxxxxxxxxxxxxxxxxxxxxxxxxxxxxxxxxxxxxxxxxxxxxxxxxxxxxxxxxxxxxxxxxxxxxxxxxxxxxxxxxxxxxxxxxxxxxxxxxxxxxxxxxxxxxxxxxxxxxxxxxxxxxxxxxxxxxxxxxxxxxxxxxxxxxxxxxxxxxxxxxxxxxxxxxxxxxxxxxxxxxxxxxxxxxxxxxxxxxxxxxxxxxxxxxxxxxxxxxxxxxxxxxxxxxxxxxxxxxxxxxxxxxxxxxxxxxxxxxxxxxxxxxxxxxxxxxxxxxxxxxxxxxxxxxxxxxxxxxxxxxxxxxxxxxxxxxxxxxxxxxxxxxxxxxxxxxxxxxxxxxxxxxxxxxxxxxx
2026-09-07 18:19:57 [INFO] tools: メモを追加しました（memo_302）: bulk memo 29 xxxxxxxxxxxxxxxxxxxxxxxxxxxxxxxxxxxxxxxxxxxxxxxxxxxxxxxxxxxxxxxxxxxxxxxxxxxxxxxxxxxxxxxxxxxxxxxxxxxxxxxxxxxxxxxxxxxxxxxxxxxxxxxxxxxxxxxxxxxxxxxxxxxxxxxxxxxxxxxxxxxxxxxxxxxxxxxxxxxxxxxxxxxxxxxxxxxxxxxxxxxxxxxxxxxxxxxxxxxxxxxxxxxxxxxxxxxxxxxxxxxxxxxxxxxxxxxxxxxxxxxxxxxxxxxxxxxxxxxxxxxxxxxxxxxxxxxxxxxxxxxxxxxxxxxxxxxxxxxxxxxxxxxxxxxxxxxxxxxxxxxxxxxxxxxxxxxxxxxxxxxxxxxxxxxxxxxxxxxxxxxxxxxxxxxxxxxxxxxx
2026-09-07 18:19:57 [INFO] tools: メモを追加しました（memo_303）: bulk memo 30 xxxxxxxxxxxxxxxxxxxxxxxxxxxxxxxxxxxxxxxxxxxxxxxxxxxxxxxxxxxxxxxxxxxxxxxxxxxxxxxxxxxxxxxxxxxxxxxxxxxxxxxxxxxxxxxxxxxxxxxxxxxxxxxxxxxxxxxxxxxxxxxxxxxxxxxxxxxxxxxxxxxxxxxxxxxxxxxxxxxxxxxxxxxxxxxxxxxxxxxxxxxxxxxxxxxxxxxxxxxxxxxxxxxxxxxxxxxxxxxxxxxxxxxxxxxxxxxxxxxxxxxxxxxxxxxxxxxxxxxxxxxxxxxxxxxxxxxxxxxxxxxxxxxxxxxxxxxxxxxxxxxxxxxxxxxxxxxxxxxxxxxxxxxxxxxxxxxxxxxxxxxxxxxxxxxxxxxxxxxxxxxxxxxxxxxxxxxxxxxx
2026-09-07 18:19:57 [INFO] tools: メモを追加しました（memo_304）: bulk memo 31 xxxxxxxxxxxxxxxxxxxxxxxxxxxxxxxxxxxxxxxxxxxxxxxxxxxxxxxxxxxxxxxxxxxxxxxxxxxxxxxxxxxxxxxxxxxxxxxxxxxxxxxxxxxxxxxxxxxxxxxxxxxxxxxxxxxxxxxxxxxxxxxxxxxxxxxxxxxxxxxxxxxxxxxxxxxxxxxxxxxxxxxxxxxxxxxxxxxxxxxxxxxxxxxxxxxxxxxxxxxxxxxxxxxxxxxxxxxxxxxxxxxxxxxxxxxxxxxxxxxxxxxxxxxxxxxxxxxxxxxxxxxxxxxxxxxxxxxxxxxxxxxxxxxxxxxxxxxxxxxxxxxxxxxxxxxxxxxxxxxxxxxxxxxxxxxxxxxxxxxxxxxxxxxxxxxxxxxxxxxxxxxxxxxxxxxxxxxxxxxx
2026-09-07 18:19:57 [INFO] tools: メモを追加しました（memo_305）: bulk memo 32 xxxxxxxxxxxxxxxxxxxxxxxxxxxxxxxxxxxxxxxxxxxxxxxxxxxxxxxxxxxxxxxxxxxxxxxxxxxxxxxxxxxxxxxxxxxxxxxxxxxxxxxxxxxxxxxxxxxxxxxxxxxxxxxxxxxxxxxxxxxxxxxxxxxxxxxxxxxxxxxxxxxxxxxxxxxxxxxxxxxxxxxxxxxxxxxxxxxxxxxxxxxxxxxxxxxxxxxxxxxxxxxxxxxxxxxxxxxxxxxxxxxxxxxxxxxxxxxxxxxxxxxxxxxxxxxxxxxxxxxxxxxxxxxxxxxxxxxxxxxxxxxxxxxxxxxxxxxxxxxxxxxxxxxxxxxxxxxxxxxxxxxxxxxxxxxxxxxxxxxxxxxxxxxxxxxxxxxxxxxxxxxxxxxxxxxxxxxxxxxx
2026-09-07 18:19:57 [INFO] tools: メモを追加しました（memo_306）: bulk memo 33 xxxxxxxxxxxxxxxxxxxxxxxxxxxxxxxxxxxxxxxxxxxxxxxxxxxxxxxxxxxxxxxxxxxxxxxxxxxxxxxxxxxxxxxxxxxxxxxxxxxxxxxxxxxxxxxxxxxxxxxxxxxxxxxxxxxxxxxxxxxxxxxxxxxxxxxxxxxxxxxxxxxxxxxxxxxxxxxxxxxxxxxxxxxxxxxxxxxxxxxxxxxxxxxxxxxxxxxxxxxxxxxxxxxxxxxxxxxxxxxxxxxxxxxxxxxxxxxxxxxxxxxxxxxxxxxxxxxxxxxxxxxxxxxxxxxxxxxxxxxxxxxxxxxxxxxxxxxxxxxxxxxxxxxxxxxxxxxxxxxxxxxxxxxxxxxxxxxxxxxxxxxxxxxxxxxxxxxxxxxxxxxxxxxxxxxxxxxxxxxx
2026-09-07 18:19:57 [INFO] tools: メモを追加しました（memo_307）: bulk memo 34 xxxxxxxxxxxxxxxxxxxxxxxxxxxxxxxxxxxxxxxxxxxxxxxxxxxxxxxxxxxxxxxxxxxxxxxxxxxxxxxxxxxxxxxxxxxxxxxxxxxxxxxxxxxxxxxxxxxxxxxxxxxxxxxxxxxxxxxxxxxxxxxxxxxxxxxxxxxxxxxxxxxxxxxxxxxxxxxxxxxxxxxxxxxxxxxxxxxxxxxxxxxxxxxxxxxxxxxxxxxxxxxxxxxxxxxxxxxxxxxxxxxxxxxxxxxxxxxxxxxxxxxxxxxxxxxxxxxxxxxxxxxxxxxxxxxxxxxxxxxxxxxxxxxxxxxxxxxxxxxxxxxxxxxxxxxxxxxxxxxxxxxxxxxxxxxxxxxxxxxxxxxxxxxxxxxxxxxxxxxxxxxxxxxxxxxxxxxxxxxx
2026-09-07 18:19:57 [INFO] tools: メモを追加しました（memo_308）: bulk memo 35 xxxxxxxxxxxxxxxxxxxxxxxxxxxxxxxxxxxxxxxxxxxxxxxxxxxxxxxxxxxxxxxxxxxxxxxxxxxxxxxxxxxxxxxxxxxxxxxxxxxxxxxxxxxxxxxxxxxxxxxxxxxxxxxxxxxxxxxxxxxxxxxxxxxxxxxxxxxxxxxxxxxxxxxxxxxxxxxxxxxxxxxxxxxxxxxxxxxxxxxxxxxxxxxxxxxxxxxxxxxxxxxxxxxxxxxxxxxxxxxxxxxxxxxxxxxxxxxxxxxxxxxxxxxxxxxxxxxxxxxxxxxxxxxxxxxxxxxxxxxxxxxxxxxxxxxxxxxxxxxxxxxxxxxxxxxxxxxxxxxxxxxxxxxxxxxxxxxxxxxxxxxxxxxxxxxxxxxxxxxxxxxxxxxxxxxxxxxxxxxx
2026-09-07 18:19:57 [INFO] tools: メモを追加しました（memo_309）: bulk memo 36 xxxxxxxxxxxxxxxxxxxxxxxxxxxxxxxxxxxxxxxxxxxxxxxxxxxxxxxxxxxxxxxxxxxxxxxxxxxxxxxxxxxxxxxxxxxxxxxxxxxxxxxxxxxxxxxxxxxxxxxxxxxxxxxxxxxxxxxxxxxxxxxxxxxxxxxxxxxxxxxxxxxxxxxxxxxxxxxxxxxxxxxxxxxxxxxxxxxxxxxxxxxxxxxxxxxxxxxxxxxxxxxxxxxxxxxxxxxxxxxxxxxxxxxxxxxxxxxxxxxxxxxxxxxxxxxxxxxxxxxxxxxxxxxxxxxxxxxxxxxxxxxxxxxxxxxxxxxxxxxxxxxxxxxxxxxxxxxxxxxxxxxxxxxxxxxxxxxxxxxxxxxxxxxxxxxxxxxxxxxxxxxxxxxxxxxxxxxxxxxx
2026-09-07 18:19:57 [INFO] tools: メモを追加しました（memo_310）: bulk memo 37 xxxxxxxxxxxxxxxxxxxxxxxxxxxxxxxxxxxxxxxxxxxxxxxxxxxxxxxxxxxxxxxxxxxxxxxxxxxxxxxxxxxxxxxxxxxxxxxxxxxxxxxxxxxxxxxxxxxxxxxxxxxxxxxxxxxxxxxxxxxxxxxxxxxxxxxxxxxxxxxxxxxxxxxxxxxxxxxxxxxxxxxxxxxxxxxxxxxxxxxxxxxxxxxxxxxxxxxxxxxxxxxxxxxxxxxxxxxxxxxxxxxxxxxxxxxxxxxxxxxxxxxxxxxxxxxxxxxxxxxxxxxxxxxxxxxxxxxxxxxxxxxxxxxxxxxxxxxxxxxxxxxxxxxxxxxxxxxxxxxxxxxxxxxxxxxxxxxxxxxxxxxxxxxxxxxxxxxxxxxxxxxxxxxxxxxxxxxxxxxx
2026-09-07 18:19:57 [INFO] tools: メモを追加しました（memo_311）: bulk memo 38 xxxxxxxxxxxxxxxxxxxxxxxxxxxxxxxxxxxxxxxxxxxxxxxxxxxxxxxxxxxxxxxxxxxxxxxxxxxxxxxxxxxxxxxxxxxxxxxxxxxxxxxxxxxxxxxxxxxxxxxxxxxxxxxxxxxxxxxxxxxxxxxxxxxxxxxxxxxxxxxxxxxxxxxxxxxxxxxxxxxxxxxxxxxxxxxxxxxxxxxxxxxxxxxxxxxxxxxxxxxxxxxxxxxxxxxxxxxxxxxxxxxxxxxxxxxxxxxxxxxxxxxxxxxxxxxxxxxxxxxxxxxxxxxxxxxxxxxxxxxxxxxxxxxxxxxxxxxxxxxxxxxxxxxxxxxxxxxxxxxxxxxxxxxxxxxxxxxxxxxxxxxxxxxxxxxxxxxxxxxxxxxxxxxxxxxxxxxxxxxx
2026-09-07 18:19:57 [INFO] tools: メモを追加しました（memo_312）: bulk memo 39 xxxxxxxxxxxxxxxxxxxxxxxxxxxxxxxxxxxxxxxxxxxxxxxxxxxxxxxxxxxxxxxxxxxxxxxxxxxxxxxxxxxxxxxxxxxxxxxxxxxxxxxxxxxxxxxxxxxxxxxxxxxxxxxxxxxxxxxxxxxxxxxxxxxxxxxxxxxxxxxxxxxxxxxxxxxxxxxxxxxxxxxxxxxxxxxxxxxxxxxxxxxxxxxxxxxxxxxxxxxxxxxxxxxxxxxxxxxxxxxxxxxxxxxxxxxxxxxxxxxxxxxxxxxxxxxxxxxxxxxxxxxxxxxxxxxxxxxxxxxxxxxxxxxxxxxxxxxxxxxxxxxxxxxxxxxxxxxxxxxxxxxxxxxxxxxxxxxxxxxxxxxxxxxxxxxxxxxxxxxxxxxxxxxxxxxxxxxxxxxx
2026-09-07 18:19:57 [INFO] tools: メモを追加しました（memo_313）: bulk memo 40 xxxxxxxxxxxxxxxxxxxxxxxxxxxxxxxxxxxxxxxxxxxxxxxxxxxxxxxxxxxxxxxxxxxxxxxxxxxxxxxxxxxxxxxxxxxxxxxxxxxxxxxxxxxxxxxxxxxxxxxxxxxxxxxxxxxxxxxxxxxxxxxxxxxxxxxxxxxxxxxxxxxxxxxxxxxxxxxxxxxxxxxxxxxxxxxxxxxxxxxxxxxxxxxxxxxxxxxxxxxxxxxxxxxxxxxxxxxxxxxxxxxxxxxxxxxxxxxxxxxxxxxxxxxxxxxxxxxxxxxxxxxxxxxxxxxxxxxxxxxxxxxxxxxxxxxxxxxxxxxxxxxxxxxxxxxxxxxxxxxxxxxxxxxxxxxxxxxxxxxxxxxxxxxxxxxxxxxxxxxxxxxxxxxxxxxxxxxxxxxx
2026-09-07 18:19:57 [INFO] tools: メモを追加しました（memo_314）: bulk memo 41 xxxxxxxxxxxxxxxxxxxxxxxxxxxxxxxxxxxxxxxxxxxxxxxxxxxxxxxxxxxxxxxxxxxxxxxxxxxxxxxxxxxxxxxxxxxxxxxxxxxxxxxxxxxxxxxxxxxxxxxxxxxxxxxxxxxxxxxxxxxxxxxxxxxxxxxxxxxxxxxxxxxxxxxxxxxxxxxxxxxxxxxxxxxxxxxxxxxxxxxxxxxxxxxxxxxxxxxxxxxxxxxxxxxxxxxxxxxxxxxxxxxxxxxxxxxxxxxxxxxxxxxxxxxxxxxxxxxxxxxxxxxxxxxxxxxxxxxxxxxxxxxxxxxxxxxxxxxxxxxxxxxxxxxxxxxxxxxxxxxxxxxxxxxxxxxxxxxxxxxxxxxxxxxxxxxxxxxxxxxxxxxxxxxxxxxxxxxxxxxx
2026-09-07 18:19:57 [INFO] tools: メモを追加しました（memo_315）: bulk memo 42 xxxxxxxxxxxxxxxxxxxxxxxxxxxxxxxxxxxxxxxxxxxxxxxxxxxxxxxxxxxxxxxxxxxxxxxxxxxxxxxxxxxxxxxxxxxxxxxxxxxxxxxxxxxxxxxxxxxxxxxxxxxxxxxxxxxxxxxxxxxxxxxxxxxxxxxxxxxxxxxxxxxxxxxxxxxxxxxxxxxxxxxxxxxxxxxxxxxxxxxxxxxxxxxxxxxxxxxxxxxxxxxxxxxxxxxxxxxxxxxxxxxxxxxxxxxxxxxxxxxxxxxxxxxxxxxxxxxxxxxxxxxxxxxxxxxxxxxxxxxxxxxxxxxxxxxxxxxxxxxxxxxxxxxxxxxxxxxxxxxxxxxxxxxxxxxxxxxxxxxxxxxxxxxxxxxxxxxxxxxxxxxxxxxxxxxxxxxxxxxx
2026-09-07 18:19:58 [INFO] tools: メモを追加しました（memo_316）: bulk memo 43 xxxxxxxxxxxxxxxxxxxxxxxxxxxxxxxxxxxxxxxxxxxxxxxxxxxxxxxxxxxxxxxxxxxxxxxxxxxxxxxxxxxxxxxxxxxxxxxxxxxxxxxxxxxxxxxxxxxxxxxxxxxxxxxxxxxxxxxxxxxxxxxxxxxxxxxxxxxxxxxxxxxxxxxxxxxxxxxxxxxxxxxxxxxxxxxxxxxxxxxxxxxxxxxxxxxxxxxxxxxxxxxxxxxxxxxxxxxxxxxxxxxxxxxxxxxxxxxxxxxxxxxxxxxxxxxxxxxxxxxxxxxxxxxxxxxxxxxxxxxxxxxxxxxxxxxxxxxxxxxxxxxxxxxxxxxxxxxxxxxxxxxxxxxxxxxxxxxxxxxxxxxxxxxxxxxxxxxxxxxxxxxxxxxxxxxxxxxxxxxx
2026-09-07 18:19:58 [INFO] tools: メモを追加しました（memo_317）: bulk memo 44 xxxxxxxxxxxxxxxxxxxxxxxxxxxxxxxxxxxxxxxxxxxxxxxxxxxxxxxxxxxxxxxxxxxxxxxxxxxxxxxxxxxxxxxxxxxxxxxxxxxxxxxxxxxxxxxxxxxxxxxxxxxxxxxxxxxxxxxxxxxxxxxxxxxxxxxxxxxxxxxxxxxxxxxxxxxxxxxxxxxxxxxxxxxxxxxxxxxxxxxxxxxxxxxxxxxxxxxxxxxxxxxxxxxxxxxxxxxxxxxxxxxxxxxxxxxxxxxxxxxxxxxxxxxxxxxxxxxxxxxxxxxxxxxxxxxxxxxxxxxxxxxxxxxxxxxxxxxxxxxxxxxxxxxxxxxxxxxxxxxxxxxxxxxxxxxxxxxxxxxxxxxxxxxxxxxxxxxxxxxxxxxxxxxxxxxxxxxxxxxx
2026-09-07 18:19:58 [INFO] tools: メモを追加しました（memo_318）: bulk memo 45 xxxxxxxxxxxxxxxxxxxxxxxxxxxxxxxxxxxxxxxxxxxxxxxxxxxxxxxxxxxxxxxxxxxxxxxxxxxxxxxxxxxxxxxxxxxxxxxxxxxxxxxxxxxxxxxxxxxxxxxxxxxxxxxxxxxxxxxxxxxxxxxxxxxxxxxxxxxxxxxxxxxxxxxxxxxxxxxxxxxxxxxxxxxxxxxxxxxxxxxxxxxxxxxxxxxxxxxxxxxxxxxxxxxxxxxxxxxxxxxxxxxxxxxxxxxxxxxxxxxxxxxxxxxxxxxxxxxxxxxxxxxxxxxxxxxxxxxxxxxxxxxxxxxxxxxxxxxxxxxxxxxxxxxxxxxxxxxxxxxxxxxxxxxxxxxxxxxxxxxxxxxxxxxxxxxxxxxxxxxxxxxxxxxxxxxxxxxxxxxx
2026-09-07 18:19:58 [INFO] tools: メモを追加しました（memo_319）: bulk memo 46 xxxxxxxxxxxxxxxxxxxxxxxxxxxxxxxxxxxxxxxxxxxxxxxxxxxxxxxxxxxxxxxxxxxxxxxxxxxxxxxxxxxxxxxxxxxxxxxxxxxxxxxxxxxxxxxxxxxxxxxxxxxxxxxxxxxxxxxxxxxxxxxxxxxxxxxxxxxxxxxxxxxxxxxxxxxxxxxxxxxxxxxxxxxxxxxxxxxxxxxxxxxxxxxxxxxxxxxxxxxxxxxxxxxxxxxxxxxxxxxxxxxxxxxxxxxxxxxxxxxxxxxxxxxxxxxxxxxxxxxxxxxxxxxxxxxxxxxxxxxxxxxxxxxxxxxxxxxxxxxxxxxxxxxxxxxxxxxxxxxxxxxxxxxxxxxxxxxxxxxxxxxxxxxxxxxxxxxxxxxxxxxxxxxxxxxxxxxxxxxx
2026-09-07 18:19:58 [INFO] tools: メモを追加しました（memo_320）: bulk memo 47 xxxxxxxxxxxxxxxxxxxxxxxxxxxxxxxxxxxxxxxxxxxxxxxxxxxxxxxxxxxxxxxxxxxxxxxxxxxxxxxxxxxxxxxxxxxxxxxxxxxxxxxxxxxxxxxxxxxxxxxxxxxxxxxxxxxxxxxxxxxxxxxxxxxxxxxxxxxxxxxxxxxxxxxxxxxxxxxxxxxxxxxxxxxxxxxxxxxxxxxxxxxxxxxxxxxxxxxxxxxxxxxxxxxxxxxxxxxxxxxxxxxxxxxxxxxxxxxxxxxxxxxxxxxxxxxxxxxxxxxxxxxxxxxxxxxxxxxxxxxxxxxxxxxxxxxxxxxxxxxxxxxxxxxxxxxxxxxxxxxxxxxxxxxxxxxxxxxxxxxxxxxxxxxxxxxxxxxxxxxxxxxxxxxxxxxxxxxxxxxx
2026-09-07 18:19:58 [INFO] tools: メモを追加しました（memo_321）: bulk memo 48 xxxxxxxxxxxxxxxxxxxxxxxxxxxxxxxxxxxxxxxxxxxxxxxxxxxxxxxxxxxxxxxxxxxxxxxxxxxxxxxxxxxxxxxxxxxxxxxxxxxxxxxxxxxxxxxxxxxxxxxxxxxxxxxxxxxxxxxxxxxxxxxxxxxxxxxxxxxxxxxxxxxxxxxxxxxxxxxxxxxxxxxxxxxxxxxxxxxxxxxxxxxxxxxxxxxxxxxxxxxxxxxxxxxxxxxxxxxxxxxxxxxxxxxxxxxxxxxxxxxxxxxxxxxxxxxxxxxxxxxxxxxxxxxxxxxxxxxxxxxxxxxxxxxxxxxxxxxxxxxxxxxxxxxxxxxxxxxxxxxxxxxxxxxxxxxxxxxxxxxxxxxxxxxxxxxxxxxxxxxxxxxxxxxxxxxxxxxxxxxx
2026-09-07 18:19:58 [INFO] tools: メモを追加しました（memo_322）: bulk memo 49 xxxxxxxxxxxxxxxxxxxxxxxxxxxxxxxxxxxxxxxxxxxxxxxxxxxxxxxxxxxxxxxxxxxxxxxxxxxxxxxxxxxxxxxxxxxxxxxxxxxxxxxxxxxxxxxxxxxxxxxxxxxxxxxxxxxxxxxxxxxxxxxxxxxxxxxxxxxxxxxxxxxxxxxxxxxxxxxxxxxxxxxxxxxxxxxxxxxxxxxxxxxxxxxxxxxxxxxxxxxxxxxxxxxxxxxxxxxxxxxxxxxxxxxxxxxxxxxxxxxxxxxxxxxxxxxxxxxxxxxxxxxxxxxxxxxxxxxxxxxxxxxxxxxxxxxxxxxxxxxxxxxxxxxxxxxxxxxxxxxxxxxxxxxxxxxxxxxxxxxxxxxxxxxxxxxxxxxxxxxxxxxxxxxxxxxxxxxxxxxx
2026-09-07 18:19:58 [INFO] tools: メモを追加しました（memo_323）: bulk memo 50 xxxxxxxxxxxxxxxxxxxxxxxxxxxxxxxxxxxxxxxxxxxxxxxxxxxxxxxxxxxxxxxxxxxxxxxxxxxxxxxxxxxxxxxxxxxxxxxxxxxxxxxxxxxxxxxxxxxxxxxxxxxxxxxxxxxxxxxxxxxxxxxxxxxxxxxxxxxxxxxxxxxxxxxxxxxxxxxxxxxxxxxxxxxxxxxxxxxxxxxxxxxxxxxxxxxxxxxxxxxxxxxxxxxxxxxxxxxxxxxxxxxxxxxxxxxxxxxxxxxxxxxxxxxxxxxxxxxxxxxxxxxxxxxxxxxxxxxxxxxxxxxxxxxxxxxxxxxxxxxxxxxxxxxxxxxxxxxxxxxxxxxxxxxxxxxxxxxxxxxxxxxxxxxxxxxxxxxxxxxxxxxxxxxxxxxxxxxxxxxx
2026-09-07 18:19:58 [INFO] tools: メモを追加しました（memo_324）: bulk memo 51 xxxxxxxxxxxxxxxxxxxxxxxxxxxxxxxxxxxxxxxxxxxxxxxxxxxxxxxxxxxxxxxxxxxxxxxxxxxxxxxxxxxxxxxxxxxxxxxxxxxxxxxxxxxxxxxxxxxxxxxxxxxxxxxxxxxxxxxxxxxxxxxxxxxxxxxxxxxxxxxxxxxxxxxxxxxxxxxxxxxxxxxxxxxxxxxxxxxxxxxxxxxxxxxxxxxxxxxxxxxxxxxxxxxxxxxxxxxxxxxxxxxxxxxxxxxxxxxxxxxxxxxxxxxxxxxxxxxxxxxxxxxxxxxxxxxxxxxxxxxxxxxxxxxxxxxxxxxxxxxxxxxxxxxxxxxxxxxxxxxxxxxxxxxxxxxxxxxxxxxxxxxxxxxxxxxxxxxxxxxxxxxxxxxxxxxxxxxxxxxx
2026-09-07 18:19:58 [INFO] tools: メモを追加しました（memo_325）: bulk memo 52 xxxxxxxxxxxxxxxxxxxxxxxxxxxxxxxxxxxxxxxxxxxxxxxxxxxxxxxxxxxxxxxxxxxxxxxxxxxxxxxxxxxxxxxxxxxxxxxxxxxxxxxxxxxxxxxxxxxxxxxxxxxxxxxxxxxxxxxxxxxxxxxxxxxxxxxxxxxxxxxxxxxxxxxxxxxxxxxxxxxxxxxxxxxxxxxxxxxxxxxxxxxxxxxxxxxxxxxxxxxxxxxxxxxxxxxxxxxxxxxxxxxxxxxxxxxxxxxxxxxxxxxxxxxxxxxxxxxxxxxxxxxxxxxxxxxxxxxxxxxxxxxxxxxxxxxxxxxxxxxxxxxxxxxxxxxxxxxxxxxxxxxxxxxxxxxxxxxxxxxxxxxxxxxxxxxxxxxxxxxxxxxxxxxxxxxxxxxxxxxx
2026-09-07 18:19:58 [INFO] tools: メモを追加しました（memo_326）: bulk memo 53 xxxxxxxxxxxxxxxxxxxxxxxxxxxxxxxxxxxxxxxxxxxxxxxxxxxxxxxxxxxxxxxxxxxxxxxxxxxxxxxxxxxxxxxxxxxxxxxxxxxxxxxxxxxxxxxxxxxxxxxxxxxxxxxxxxxxxxxxxxxxxxxxxxxxxxxxxxxxxxxxxxxxxxxxxxxxxxxxxxxxxxxxxxxxxxxxxxxxxxxxxxxxxxxxxxxxxxxxxxxxxxxxxxxxxxxxxxxxxxxxxxxxxxxxxxxxxxxxxxxxxxxxxxxxxxxxxxxxxxxxxxxxxxxxxxxxxxxxxxxxxxxxxxxxxxxxxxxxxxxxxxxxxxxxxxxxxxxxxxxxxxxxxxxxxxxxxxxxxxxxxxxxxxxxxxxxxxxxxxxxxxxxxxxxxxxxxxxxxxxx
2026-09-07 18:19:58 [INFO] tools: メモを追加しました（memo_327）: bulk memo 54 xxxxxxxxxxxxxxxxxxxxxxxxxxxxxxxxxxxxxxxxxxxxxxxxxxxxxxxxxxxxxxxxxxxxxxxxxxxxxxxxxxxxxxxxxxxxxxxxxxxxxxxxxxxxxxxxxxxxxxxxxxxxxxxxxxxxxxxxxxxxxxxxxxxxxxxxxxxxxxxxxxxxxxxxxxxxxxxxxxxxxxxxxxxxxxxxxxxxxxxxxxxxxxxxxxxxxxxxxxxxxxxxxxxxxxxxxxxxxxxxxxxxxxxxxxxxxxxxxxxxxxxxxxxxxxxxxxxxxxxxxxxxxxxxxxxxxxxxxxxxxxxxxxxxxxxxxxxxxxxxxxxxxxxxxxxxxxxxxxxxxxxxxxxxxxxxxxxxxxxxxxxxxxxxxxxxxxxxxxxxxxxxxxxxxxxxxxxxxxxx
2026-09-07 18:19:58 [INFO] tools: メモを追加しました（memo_328）: bulk memo 55 xxxxxxxxxxxxxxxxxxxxxxxxxxxxxxxxxxxxxxxxxxxxxxxxxxxxxxxxxxxxxxxxxxxxxxxxxxxxxxxxxxxxxxxxxxxxxxxxxxxxxxxxxxxxxxxxxxxxxxxxxxxxxxxxxxxxxxxxxxxxxxxxxxxxxxxxxxxxxxxxxxxxxxxxxxxxxxxxxxxxxxxxxxxxxxxxxxxxxxxxxxxxxxxxxxxxxxxxxxxxxxxxxxxxxxxxxxxxxxxxxxxxxxxxxxxxxxxxxxxxxxxxxxxxxxxxxxxxxxxxxxxxxxxxxxxxxxxxxxxxxxxxxxxxxxxxxxxxxxxxxxxxxxxxxxxxxxxxxxxxxxxxxxxxxxxxxxxxxxxxxxxxxxxxxxxxxxxxxxxxxxxxxxxxxxxxxxxxxxxx
2026-09-07 18:19:58 [INFO] tools: メモを追加しました（memo_329）: bulk memo 56 xxxxxxxxxxxxxxxxxxxxxxxxxxxxxxxxxxxxxxxxxxxxxxxxxxxxxxxxxxxxxxxxxxxxxxxxxxxxxxxxxxxxxxxxxxxxxxxxxxxxxxxxxxxxxxxxxxxxxxxxxxxxxxxxxxxxxxxxxxxxxxxxxxxxxxxxxxxxxxxxxxxxxxxxxxxxxxxxxxxxxxxxxxxxxxxxxxxxxxxxxxxxxxxxxxxxxxxxxxxxxxxxxxxxxxxxxxxxxxxxxxxxxxxxxxxxxxxxxxxxxxxxxxxxxxxxxxxxxxxxxxxxxxxxxxxxxxxxxxxxxxxxxxxxxxxxxxxxxxxxxxxxxxxxxxxxxxxxxxxxxxxxxxxxxxxxxxxxxxxxxxxxxxxxxxxxxxxxxxxxxxxxxxxxxxxxxxxxxxxx
2026-09-07 18:19:58 [INFO] tools: メモを追加しました（memo_330）: bulk memo 57 xxxxxxxxxxxxxxxxxxxxxxxxxxxxxxxxxxxxxxxxxxxxxxxxxxxxxxxxxxxxxxxxxxxxxxxxxxxxxxxxxxxxxxxxxxxxxxxxxxxxxxxxxxxxxxxxxxxxxxxxxxxxxxxxxxxxxxxxxxxxxxxxxxxxxxxxxxxxxxxxxxxxxxxxxxxxxxxxxxxxxxxxxxxxxxxxxxxxxxxxxxxxxxxxxxxxxxxxxxxxxxxxxxxxxxxxxxxxxxxxxxxxxxxxxxxxxxxxxxxxxxxxxxxxxxxxxxxxxxxxxxxxxxxxxxxxxxxxxxxxxxxxxxxxxxxxxxxxxxxxxxxxxxxxxxxxxxxxxxxxxxxxxxxxxxxxxxxxxxxxxxxxxxxxxxxxxxxxxxxxxxxxxxxxxxxxxxxxxxxx
2026-09-07 18:19:58 [INFO] tools: メモを追加しました（memo_331）: bulk memo 58 xxxxxxxxxxxxxxxxxxxxxxxxxxxxxxxxxxxxxxxxxxxxxxxxxxxxxxxxxxxxxxxxxxxxxxxxxxxxxxxxxxxxxxxxxxxxxxxxxxxxxxxxxxxxxxxxxxxxxxxxxxxxxxxxxxxxxxxxxxxxxxxxxxxxxxxxxxxxxxxxxxxxxxxxxxxxxxxxxxxxxxxxxxxxxxxxxxxxxxxxxxxxxxxxxxxxxxxxxxxxxxxxxxxxxxxxxxxxxxxxxxxxxxxxxxxxxxxxxxxxxxxxxxxxxxxxxxxxxxxxxxxxxxxxxxxxxxxxxxxxxxxxxxxxxxxxxxxxxxxxxxxxxxxxxxxxxxxxxxxxxxxxxxxxxxxxxxxxxxxxxxxxxxxxxxxxxxxxxxxxxxxxxxxxxxxxxxxxxxxx
2026-09-07 18:19:58 [INFO] tools: メモを追加しました（memo_332）: bulk memo 59 xxxxxxxxxxxxxxxxxxxxxxxxxxxxxxxxxxxxxxxxxxxxxxxxxxxxxxxxxxxxxxxxxxxxxxxxxxxxxxxxxxxxxxxxxxxxxxxxxxxxxxxxxxxxxxxxxxxxxxxxxxxxxxxxxxxxxxxxxxxxxxxxxxxxxxxxxxxxxxxxxxxxxxxxxxxxxxxxxxxxxxxxxxxxxxxxxxxxxxxxxxxxxxxxxxxxxxxxxxxxxxxxxxxxxxxxxxxxxxxxxxxxxxxxxxxxxxxxxxxxxxxxxxxxxxxxxxxxxxxxxxxxxxxxxxxxxxxxxxxxxxxxxxxxxxxxxxxxxxxxxxxxxxxxxxxxxxxxxxxxxxxxxxxxxxxxxxxxxxxxxxxxxxxxxxxxxxxxxxxxxxxxxxxxxxxxxxxxxxxx
2026-09-07 18:19:58 [INFO] tools: メモを追加しました（memo_333）: bulk memo 60 xxxxxxxxxxxxxxxxxxxxxxxxxxxxxxxxxxxxxxxxxxxxxxxxxxxxxxxxxxxxxxxxxxxxxxxxxxxxxxxxxxxxxxxxxxxxxxxxxxxxxxxxxxxxxxxxxxxxxxxxxxxxxxxxxxxxxxxxxxxxxxxxxxxxxxxxxxxxxxxxxxxxxxxxxxxxxxxxxxxxxxxxxxxxxxxxxxxxxxxxxxxxxxxxxxxxxxxxxxxxxxxxxxxxxxxxxxxxxxxxxxxxxxxxxxxxxxxxxxxxxxxxxxxxxxxxxxxxxxxxxxxxxxxxxxxxxxxxxxxxxxxxxxxxxxxxxxxxxxxxxxxxxxxxxxxxxxxxxxxxxxxxxxxxxxxxxxxxxxxxxxxxxxxxxxxxxxxxxxxxxxxxxxxxxxxxxxxxxxxx
2026-09-07 18:19:58 [INFO] tools: メモを追加しました（memo_334）: bulk memo 61 xxxxxxxxxxxxxxxxxxxxxxxxxxxxxxxxxxxxxxxxxxxxxxxxxxxxxxxxxxxxxxxxxxxxxxxxxxxxxxxxxxxxxxxxxxxxxxxxxxxxxxxxxxxxxxxxxxxxxxxxxxxxxxxxxxxxxxxxxxxxxxxxxxxxxxxxxxxxxxxxxxxxxxxxxxxxxxxxxxxxxxxxxxxxxxxxxxxxxxxxxxxxxxxxxxxxxxxxxxxxxxxxxxxxxxxxxxxxxxxxxxxxxxxxxxxxxxxxxxxxxxxxxxxxxxxxxxxxxxxxxxxxxxxxxxxxxxxxxxxxxxxxxxxxxxxxxxxxxxxxxxxxxxxxxxxxxxxxxxxxxxxxxxxxxxxxxxxxxxxxxxxxxxxxxxxxxxxxxxxxxxxxxxxxxxxxxxxxxxxx
2026-09-07 18:19:58 [INFO] tools: メモを追加しました（memo_335）: bulk memo 62 xxxxxxxxxxxxxxxxxxxxxxxxxxxxxxxxxxxxxxxxxxxxxxxxxxxxxxxxxxxxxxxxxxxxxxxxxxxxxxxxxxxxxxxxxxxxxxxxxxxxxxxxxxxxxxxxxxxxxxxxxxxxxxxxxxxxxxxxxxxxxxxxxxxxxxxxxxxxxxxxxxxxxxxxxxxxxxxxxxxxxxxxxxxxxxxxxxxxxxxxxxxxxxxxxxxxxxxxxxxxxxxxxxxxxxxxxxxxxxxxxxxxxxxxxxxxxxxxxxxxxxxxxxxxxxxxxxxxxxxxxxxxxxxxxxxxxxxxxxxxxxxxxxxxxxxxxxxxxxxxxxxxxxxxxxxxxxxxxxxxxxxxxxxxxxxxxxxxxxxxxxxxxxxxxxxxxxxxxxxxxxxxxxxxxxxxxxxxxxxx
2026-09-07 18:19:58 [INFO] tools: メモを追加しました（memo_336）: bulk memo 63 xxxxxxxxxxxxxxxxxxxxxxxxxxxxxxxxxxxxxxxxxxxxxxxxxxxxxxxxxxxxxxxxxxxxxxxxxxxxxxxxxxxxxxxxxxxxxxxxxxxxxxxxxxxxxxxxxxxxxxxxxxxxxxxxxxxxxxxxxxxxxxxxxxxxxxxxxxxxxxxxxxxxxxxxxxxxxxxxxxxxxxxxxxxxxxxxxxxxxxxxxxxxxxxxxxxxxxxxxxxxxxxxxxxxxxxxxxxxxxxxxxxxxxxxxxxxxxxxxxxxxxxxxxxxxxxxxxxxxxxxxxxxxxxxxxxxxxxxxxxxxxxxxxxxxxxxxxxxxxxxxxxxxxxxxxxxxxxxxxxxxxxxxxxxxxxxxxxxxxxxxxxxxxxxxxxxxxxxxxxxxxxxxxxxxxxxxxxxxxxx
2026-09-07 18:19:58 [INFO] tools: メモを追加しました（memo_337）: bulk memo 64 xxxxxxxxxxxxxxxxxxxxxxxxxxxxxxxxxxxxxxxxxxxxxxxxxxxxxxxxxxxxxxxxxxxxxxxxxxxxxxxxxxxxxxxxxxxxxxxxxxxxxxxxxxxxxxxxxxxxxxxxxxxxxxxxxxxxxxxxxxxxxxxxxxxxxxxxxxxxxxxxxxxxxxxxxxxxxxxxxxxxxxxxxxxxxxxxxxxxxxxxxxxxxxxxxxxxxxxxxxxxxxxxxxxxxxxxxxxxxxxxxxxxxxxxxxxxxxxxxxxxxxxxxxxxxxxxxxxxxxxxxxxxxxxxxxxxxxxxxxxxxxxxxxxxxxxxxxxxxxxxxxxxxxxxxxxxxxxxxxxxxxxxxxxxxxxxxxxxxxxxxxxxxxxxxxxxxxxxxxxxxxxxxxxxxxxxxxxxxxxx
2026-09-07 18:19:58 [INFO] tools: メモを追加しました（memo_338）: bulk memo 65 xxxxxxxxxxxxxxxxxxxxxxxxxxxxxxxxxxxxxxxxxxxxxxxxxxxxxxxxxxxxxxxxxxxxxxxxxxxxxxxxxxxxxxxxxxxxxxxxxxxxxxxxxxxxxxxxxxxxxxxxxxxxxxxxxxxxxxxxxxxxxxxxxxxxxxxxxxxxxxxxxxxxxxxxxxxxxxxxxxxxxxxxxxxxxxxxxxxxxxxxxxxxxxxxxxxxxxxxxxxxxxxxxxxxxxxxxxxxxxxxxxxxxxxxxxxxxxxxxxxxxxxxxxxxxxxxxxxxxxxxxxxxxxxxxxxxxxxxxxxxxxxxxxxxxxxxxxxxxxxxxxxxxxxxxxxxxxxxxxxxxxxxxxxxxxxxxxxxxxxxxxxxxxxxxxxxxxxxxxxxxxxxxxxxxxxxxxxxxxxx
2026-09-07 18:19:58 [INFO] tools: メモを追加しました（memo_339）: bulk memo 66 xxxxxxxxxxxxxxxxxxxxxxxxxxxxxxxxxxxxxxxxxxxxxxxxxxxxxxxxxxxxxxxxxxxxxxxxxxxxxxxxxxxxxxxxxxxxxxxxxxxxxxxxxxxxxxxxxxxxxxxxxxxxxxxxxxxxxxxxxxxxxxxxxxxxxxxxxxxxxxxxxxxxxxxxxxxxxxxxxxxxxxxxxxxxxxxxxxxxxxxxxxxxxxxxxxxxxxxxxxxxxxxxxxxxxxxxxxxxxxxxxxxxxxxxxxxxxxxxxxxxxxxxxxxxxxxxxxxxxxxxxxxxxxxxxxxxxxxxxxxxxxxxxxxxxxxxxxxxxxxxxxxxxxxxxxxxxxxxxxxxxxxxxxxxxxxxxxxxxxxxxxxxxxxxxxxxxxxxxxxxxxxxxxxxxxxxxxxxxxxx
2026-09-07 18:19:58 [INFO] tools: メモを追加しました（memo_340）: bulk memo 67 xxxxxxxxxxxxxxxxxxxxxxxxxxxxxxxxxxxxxxxxxxxxxxxxxxxxxxxxxxxxxxxxxxxxxxxxxxxxxxxxxxxxxxxxxxxxxxxxxxxxxxxxxxxxxxxxxxxxxxxxxxxxxxxxxxxxxxxxxxxxxxxxxxxxxxxxxxxxxxxxxxxxxxxxxxxxxxxxxxxxxxxxxxxxxxxxxxxxxxxxxxxxxxxxxxxxxxxxxxxxxxxxxxxxxxxxxxxxxxxxxxxxxxxxxxxxxxxxxxxxxxxxxxxxxxxxxxxxxxxxxxxxxxxxxxxxxxxxxxxxxxxxxxxxxxxxxxxxxxxxxxxxxxxxxxxxxxxxxxxxxxxxxxxxxxxxxxxxxxxxxxxxxxxxxxxxxxxxxxxxxxxxxxxxxxxxxxxxxxxx
2026-09-07 18:19:58 [INFO] tools: メモを追加しました（memo_341）: bulk memo 68 xxxxxxxxxxxxxxxxxxxxxxxxxxxxxxxxxxxxxxxxxxxxxxxxxxxxxxxxxxxxxxxxxxxxxxxxxxxxxxxxxxxxxxxxxxxxxxxxxxxxxxxxxxxxxxxxxxxxxxxxxxxxxxxxxxxxxxxxxxxxxxxxxxxxxxxxxxxxxxxxxxxxxxxxxxxxxxxxxxxxxxxxxxxxxxxxxxxxxxxxxxxxxxxxxxxxxxxxxxxxxxxxxxxxxxxxxxxxxxxxxxxxxxxxxxxxxxxxxxxxxxxxxxxxxxxxxxxxxxxxxxxxxxxxxxxxxxxxxxxxxxxxxxxxxxxxxxxxxxxxxxxxxxxxxxxxxxxxxxxxxxxxxxxxxxxxxxxxxxxxxxxxxxxxxxxxxxxxxxxxxxxxxxxxxxxxxxxxxxxx
2026-09-07 18:19:58 [INFO] tools: メモを追加しました（memo_342）: bulk memo 69 xxxxxxxxxxxxxxxxxxxxxxxxxxxxxxxxxxxxxxxxxxxxxxxxxxxxxxxxxxxxxxxxxxxxxxxxxxxxxxxxxxxxxxxxxxxxxxxxxxxxxxxxxxxxxxxxxxxxxxxxxxxxxxxxxxxxxxxxxxxxxxxxxxxxxxxxxxxxxxxxxxxxxxxxxxxxxxxxxxxxxxxxxxxxxxxxxxxxxxxxxxxxxxxxxxxxxxxxxxxxxxxxxxxxxxxxxxxxxxxxxxxxxxxxxxxxxxxxxxxxxxxxxxxxxxxxxxxxxxxxxxxxxxxxxxxxxxxxxxxxxxxxxxxxxxxxxxxxxxxxxxxxxxxxxxxxxxxxxxxxxxxxxxxxxxxxxxxxxxxxxxxxxxxxxxxxxxxxxxxxxxxxxxxxxxxxxxxxxxxx
2026-09-07 18:19:58 [INFO] tools: メモを追加しました（memo_343）: bulk memo 70 xxxxxxxxxxxxxxxxxxxxxxxxxxxxxxxxxxxxxxxxxxxxxxxxxxxxxxxxxxxxxxxxxxxxxxxxxxxxxxxxxxxxxxxxxxxxxxxxxxxxxxxxxxxxxxxxxxxxxxxxxxxxxxxxxxxxxxxxxxxxxxxxxxxxxxxxxxxxxxxxxxxxxxxxxxxxxxxxxxxxxxxxxxxxxxxxxxxxxxxxxxxxxxxxxxxxxxxxxxxxxxxxxxxxxxxxxxxxxxxxxxxxxxxxxxxxxxxxxxxxxxxxxxxxxxxxxxxxxxxxxxxxxxxxxxxxxxxxxxxxxxxxxxxxxxxxxxxxxxxxxxxxxxxxxxxxxxxxxxxxxxxxxxxxxxxxxxxxxxxxxxxxxxxxxxxxxxxxxxxxxxxxxxxxxxxxxxxxxxxx
2026-09-07 18:19:58 [INFO] tools: メモを追加しました（memo_344）: bulk memo 71 xxxxxxxxxxxxxxxxxxxxxxxxxxxxxxxxxxxxxxxxxxxxxxxxxxxxxxxxxxxxxxxxxxxxxxxxxxxxxxxxxxxxxxxxxxxxxxxxxxxxxxxxxxxxxxxxxxxxxxxxxxxxxxxxxxxxxxxxxxxxxxxxxxxxxxxxxxxxxxxxxxxxxxxxxxxxxxxxxxxxxxxxxxxxxxxxxxxxxxxxxxxxxxxxxxxxxxxxxxxxxxxxxxxxxxxxxxxxxxxxxxxxxxxxxxxxxxxxxxxxxxxxxxxxxxxxxxxxxxxxxxxxxxxxxxxxxxxxxxxxxxxxxxxxxxxxxxxxxxxxxxxxxxxxxxxxxxxxxxxxxxxxxxxxxxxxxxxxxxxxxxxxxxxxxxxxxxxxxxxxxxxxxxxxxxxxxxxxxxxx
2026-09-07 18:19:58 [INFO] tools: メモを追加しました（memo_345）: bulk memo 72 xxxxxxxxxxxxxxxxxxxxxxxxxxxxxxxxxxxxxxxxxxxxxxxxxxxxxxxxxxxxxxxxxxxxxxxxxxxxxxxxxxxxxxxxxxxxxxxxxxxxxxxxxxxxxxxxxxxxxxxxxxxxxxxxxxxxxxxxxxxxxxxxxxxxxxxxxxxxxxxxxxxxxxxxxxxxxxxxxxxxxxxxxxxxxxxxxxxxxxxxxxxxxxxxxxxxxxxxxxxxxxxxxxxxxxxxxxxxxxxxxxxxxxxxxxxxxxxxxxxxxxxxxxxxxxxxxxxxxxxxxxxxxxxxxxxxxxxxxxxxxxxxxxxxxxxxxxxxxxxxxxxxxxxxxxxxxxxxxxxxxxxxxxxxxxxxxxxxxxxxxxxxxxxxxxxxxxxxxxxxxxxxxxxxxxxxxxxxxxxx
2026-09-07 18:19:58 [INFO] tools: メモを追加しました（memo_346）: bulk memo 73 xxxxxxxxxxxxxxxxxxxxxxxxxxxxxxxxxxxxxxxxxxxxxxxxxxxxxxxxxxxxxxxxxxxxxxxxxxxxxxxxxxxxxxxxxxxxxxxxxxxxxxxxxxxxxxxxxxxxxxxxxxxxxxxxxxxxxxxxxxxxxxxxxxxxxxxxxxxxxxxxxxxxxxxxxxxxxxxxxxxxxxxxxxxxxxxxxxxxxxxxxxxxxxxxxxxxxxxxxxxxxxxxxxxxxxxxxxxxxxxxxxxxxxxxxxxxxxxxxxxxxxxxxxxxxxxxxxxxxxxxxxxxxxxxxxxxxxxxxxxxxxxxxxxxxxxxxxxxxxxxxxxxxxxxxxxxxxxxxxxxxxxxxxxxxxxxxxxxxxxxxxxxxxxxxxxxxxxxxxxxxxxxxxxxxxxxxxxxxxxx
2026-09-07 18:19:58 [INFO] tools: メモを追加しました（memo_347）: bulk memo 74 xxxxxxxxxxxxxxxxxxxxxxxxxxxxxxxxxxxxxxxxxxxxxxxxxxxxxxxxxxxxxxxxxxxxxxxxxxxxxxxxxxxxxxxxxxxxxxxxxxxxxxxxxxxxxxxxxxxxxxxxxxxxxxxxxxxxxxxxxxxxxxxxxxxxxxxxxxxxxxxxxxxxxxxxxxxxxxxxxxxxxxxxxxxxxxxxxxxxxxxxxxxxxxxxxxxxxxxxxxxxxxxxxxxxxxxxxxxxxxxxxxxxxxxxxxxxxxxxxxxxxxxxxxxxxxxxxxxxxxxxxxxxxxxxxxxxxxxxxxxxxxxxxxxxxxxxxxxxxxxxxxxxxxxxxxxxxxxxxxxxxxxxxxxxxxxxxxxxxxxxxxxxxxxxxxxxxxxxxxxxxxxxxxxxxxxxxxxxxxxx
2026-09-07 18:19:58 [INFO] tools: メモを追加しました（memo_348）: bulk memo 75 xxxxxxxxxxxxxxxxxxxxxxxxxxxxxxxxxxxxxxxxxxxxxxxxxxxxxxxxxxxxxxxxxxxxxxxxxxxxxxxxxxxxxxxxxxxxxxxxxxxxxxxxxxxxxxxxxxxxxxxxxxxxxxxxxxxxxxxxxxxxxxxxxxxxxxxxxxxxxxxxxxxxxxxxxxxxxxxxxxxxxxxxxxxxxxxxxxxxxxxxxxxxxxxxxxxxxxxxxxxxxxxxxxxxxxxxxxxxxxxxxxxxxxxxxxxxxxxxxxxxxxxxxxxxxxxxxxxxxxxxxxxxxxxxxxxxxxxxxxxxxxxxxxxxxxxxxxxxxxxxxxxxxxxxxxxxxxxxxxxxxxxxxxxxxxxxxxxxxxxxxxxxxxxxxxxxxxxxxxxxxxxxxxxxxxxxxxxxxxxx
2026-09-07 18:19:58 [INFO] tools: メモを追加しました（memo_349）: bulk memo 76 xxxxxxxxxxxxxxxxxxxxxxxxxxxxxxxxxxxxxxxxxxxxxxxxxxxxxxxxxxxxxxxxxxxxxxxxxxxxxxxxxxxxxxxxxxxxxxxxxxxxxxxxxxxxxxxxxxxxxxxxxxxxxxxxxxxxxxxxxxxxxxxxxxxxxxxxxxxxxxxxxxxxxxxxxxxxxxxxxxxxxxxxxxxxxxxxxxxxxxxxxxxxxxxxxxxxxxxxxxxxxxxxxxxxxxxxxxxxxxxxxxxxxxxxxxxxxxxxxxxxxxxxxxxxxxxxxxxxxxxxxxxxxxxxxxxxxxxxxxxxxxxxxxxxxxxxxxxxxxxxxxxxxxxxxxxxxxxxxxxxxxxxxxxxxxxxxxxxxxxxxxxxxxxxxxxxxxxxxxxxxxxxxxxxxxxxxxxxxxxx
2026-09-07 18:19:58 [INFO] tools: メモを追加しました（memo_350）: bulk memo 77 xxxxxxxxxxxxxxxxxxxxxxxxxxxxxxxxxxxxxxxxxxxxxxxxxxxxxxxxxxxxxxxxxxxxxxxxxxxxxxxxxxxxxxxxxxxxxxxxxxxxxxxxxxxxxxxxxxxxxxxxxxxxxxxxxxxxxxxxxxxxxxxxxxxxxxxxxxxxxxxxxxxxxxxxxxxxxxxxxxxxxxxxxxxxxxxxxxxxxxxxxxxxxxxxxxxxxxxxxxxxxxxxxxxxxxxxxxxxxxxxxxxxxxxxxxxxxxxxxxxxxxxxxxxxxxxxxxxxxxxxxxxxxxxxxxxxxxxxxxxxxxxxxxxxxxxxxxxxxxxxxxxxxxxxxxxxxxxxxxxxxxxxxxxxxxxxxxxxxxxxxxxxxxxxxxxxxxxxxxxxxxxxxxxxxxxxxxxxxxxx
2026-09-07 18:19:58 [INFO] tools: メモを追加しました（memo_351）: bulk memo 78 xxxxxxxxxxxxxxxxxxxxxxxxxxxxxxxxxxxxxxxxxxxxxxxxxxxxxxxxxxxxxxxxxxxxxxxxxxxxxxxxxxxxxxxxxxxxxxxxxxxxxxxxxxxxxxxxxxxxxxxxxxxxxxxxxxxxxxxxxxxxxxxxxxxxxxxxxxxxxxxxxxxxxxxxxxxxxxxxxxxxxxxxxxxxxxxxxxxxxxxxxxxxxxxxxxxxxxxxxxxxxxxxxxxxxxxxxxxxxxxxxxxxxxxxxxxxxxxxxxxxxxxxxxxxxxxxxxxxxxxxxxxxxxxxxxxxxxxxxxxxxxxxxxxxxxxxxxxxxxxxxxxxxxxxxxxxxxxxxxxxxxxxxxxxxxxxxxxxxxxxxxxxxxxxxxxxxxxxxxxxxxxxxxxxxxxxxxxxxxxx
2026-09-07 18:19:58 [INFO] tools: メモを追加しました（memo_352）: bulk memo 79 xxxxxxxxxxxxxxxxxxxxxxxxxxxxxxxxxxxxxxxxxxxxxxxxxxxxxxxxxxxxxxxxxxxxxxxxxxxxxxxxxxxxxxxxxxxxxxxxxxxxxxxxxxxxxxxxxxxxxxxxxxxxxxxxxxxxxxxxxxxxxxxxxxxxxxxxxxxxxxxxxxxxxxxxxxxxxxxxxxxxxxxxxxxxxxxxxxxxxxxxxxxxxxxxxxxxxxxxxxxxxxxxxxxxxxxxxxxxxxxxxxxxxxxxxxxxxxxxxxxxxxxxxxxxxxxxxxxxxxxxxxxxxxxxxxxxxxxxxxxxxxxxxxxxxxxxxxxxxxxxxxxxxxxxxxxxxxxxxxxxxxxxxxxxxxxxxxxxxxxxxxxxxxxxxxxxxxxxxxxxxxxxxxxxxxxxxxxxxxxx
2026-09-07 18:19:58 [INFO] tools: メモを追加しました（memo_353）: bulk memo 80 xxxxxxxxxxxxxxxxxxxxxxxxxxxxxxxxxxxxxxxxxxxxxxxxxxxxxxxxxxxxxxxxxxxxxxxxxxxxxxxxxxxxxxxxxxxxxxxxxxxxxxxxxxxxxxxxxxxxxxxxxxxxxxxxxxxxxxxxxxxxxxxxxxxxxxxxxxxxxxxxxxxxxxxxxxxxxxxxxxxxxxxxxxxxxxxxxxxxxxxxxxxxxxxxxxxxxxxxxxxxxxxxxxxxxxxxxxxxxxxxxxxxxxxxxxxxxxxxxxxxxxxxxxxxxxxxxxxxxxxxxxxxxxxxxxxxxxxxxxxxxxxxxxxxxxxxxxxxxxxxxxxxxxxxxxxxxxxxxxxxxxxxxxxxxxxxxxxxxxxxxxxxxxxxxxxxxxxxxxxxxxxxxxxxxxxxxxxxxxxx
2026-09-07 18:19:58 [INFO] tools: メモを追加しました（memo_354）: bulk memo 81 xxxxxxxxxxxxxxxxxxxxxxxxxxxxxxxxxxxxxxxxxxxxxxxxxxxxxxxxxxxxxxxxxxxxxxxxxxxxxxxxxxxxxxxxxxxxxxxxxxxxxxxxxxxxxxxxxxxxxxxxxxxxxxxxxxxxxxxxxxxxxxxxxxxxxxxxxxxxxxxxxxxxxxxxxxxxxxxxxxxxxxxxxxxxxxxxxxxxxxxxxxxxxxxxxxxxxxxxxxxxxxxxxxxxxxxxxxxxxxxxxxxxxxxxxxxxxxxxxxxxxxxxxxxxxxxxxxxxxxxxxxxxxxxxxxxxxxxxxxxxxxxxxxxxxxxxxxxxxxxxxxxxxxxxxxxxxxxxxxxxxxxxxxxxxxxxxxxxxxxxxxxxxxxxxxxxxxxxxxxxxxxxxxxxxxxxxxxxxxxx
2026-09-07 18:19:58 [INFO] tools: メモを追加しました（memo_355）: bulk memo 82 xxxxxxxxxxxxxxxxxxxxxxxxxxxxxxxxxxxxxxxxxxxxxxxxxxxxxxxxxxxxxxxxxxxxxxxxxxxxxxxxxxxxxxxxxxxxxxxxxxxxxxxxxxxxxxxxxxxxxxxxxxxxxxxxxxxxxxxxxxxxxxxxxxxxxxxxxxxxxxxxxxxxxxxxxxxxxxxxxxxxxxxxxxxxxxxxxxxxxxxxxxxxxxxxxxxxxxxxxxxxxxxxxxxxxxxxxxxxxxxxxxxxxxxxxxxxxxxxxxxxxxxxxxxxxxxxxxxxxxxxxxxxxxxxxxxxxxxxxxxxxxxxxxxxxxxxxxxxxxxxxxxxxxxxxxxxxxxxxxxxxxxxxxxxxxxxxxxxxxxxxxxxxxxxxxxxxxxxxxxxxxxxxxxxxxxxxxxxxxxx
2026-09-07 18:19:58 [INFO] tools: メモを追加しました（memo_356）: bulk memo 83 xxxxxxxxxxxxxxxxxxxxxxxxxxxxxxxxxxxxxxxxxxxxxxxxxxxxxxxxxxxxxxxxxxxxxxxxxxxxxxxxxxxxxxxxxxxxxxxxxxxxxxxxxxxxxxxxxxxxxxxxxxxxxxxxxxxxxxxxxxxxxxxxxxxxxxxxxxxxxxxxxxxxxxxxxxxxxxxxxxxxxxxxxxxxxxxxxxxxxxxxxxxxxxxxxxxxxxxxxxxxxxxxxxxxxxxxxxxxxxxxxxxxxxxxxxxxxxxxxxxxxxxxxxxxxxxxxxxxxxxxxxxxxxxxxxxxxxxxxxxxxxxxxxxxxxxxxxxxxxxxxxxxxxxxxxxxxxxxxxxxxxxxxxxxxxxxxxxxxxxxxxxxxxxxxxxxxxxxxxxxxxxxxxxxxxxxxxxxxxxx
2026-09-07 18:19:58 [INFO] tools: メモを追加しました（memo_357）: bulk memo 84 xxxxxxxxxxxxxxxxxxxxxxxxxxxxxxxxxxxxxxxxxxxxxxxxxxxxxxxxxxxxxxxxxxxxxxxxxxxxxxxxxxxxxxxxxxxxxxxxxxxxxxxxxxxxxxxxxxxxxxxxxxxxxxxxxxxxxxxxxxxxxxxxxxxxxxxxxxxxxxxxxxxxxxxxxxxxxxxxxxxxxxxxxxxxxxxxxxxxxxxxxxxxxxxxxxxxxxxxxxxxxxxxxxxxxxxxxxxxxxxxxxxxxxxxxxxxxxxxxxxxxxxxxxxxxxxxxxxxxxxxxxxxxxxxxxxxxxxxxxxxxxxxxxxxxxxxxxxxxxxxxxxxxxxxxxxxxxxxxxxxxxxxxxxxxxxxxxxxxxxxxxxxxxxxxxxxxxxxxxxxxxxxxxxxxxxxxxxxxxxx
2026-09-07 18:19:58 [INFO] tools: メモを追加しました（memo_358）: bulk memo 85 xxxxxxxxxxxxxxxxxxxxxxxxxxxxxxxxxxxxxxxxxxxxxxxxxxxxxxxxxxxxxxxxxxxxxxxxxxxxxxxxxxxxxxxxxxxxxxxxxxxxxxxxxxxxxxxxxxxxxxxxxxxxxxxxxxxxxxxxxxxxxxxxxxxxxxxxxxxxxxxxxxxxxxxxxxxxxxxxxxxxxxxxxxxxxxxxxxxxxxxxxxxxxxxxxxxxxxxxxxxxxxxxxxxxxxxxxxxxxxxxxxxxxxxxxxxxxxxxxxxxxxxxxxxxxxxxxxxxxxxxxxxxxxxxxxxxxxxxxxxxxxxxxxxxxxxxxxxxxxxxxxxxxxxxxxxxxxxxxxxxxxxxxxxxxxxxxxxxxxxxxxxxxxxxxxxxxxxxxxxxxxxxxxxxxxxxxxxxxxxx
2026-09-07 18:19:58 [INFO] tools: メモを追加しました（memo_359）: bulk memo 86 xxxxxxxxxxxxxxxxxxxxxxxxxxxxxxxxxxxxxxxxxxxxxxxxxxxxxxxxxxxxxxxxxxxxxxxxxxxxxxxxxxxxxxxxxxxxxxxxxxxxxxxxxxxxxxxxxxxxxxxxxxxxxxxxxxxxxxxxxxxxxxxxxxxxxxxxxxxxxxxxxxxxxxxxxxxxxxxxxxxxxxxxxxxxxxxxxxxxxxxxxxxxxxxxxxxxxxxxxxxxxxxxxxxxxxxxxxxxxxxxxxxxxxxxxxxxxxxxxxxxxxxxxxxxxxxxxxxxxxxxxxxxxxxxxxxxxxxxxxxxxxxxxxxxxxxxxxxxxxxxxxxxxxxxxxxxxxxxxxxxxxxxxxxxxxxxxxxxxxxxxxxxxxxxxxxxxxxxxxxxxxxxxxxxxxxxxxxxxxxx
2026-09-07 18:19:58 [INFO] tools: メモを追加しました（memo_360）: bulk memo 87 xxxxxxxxxxxxxxxxxxxxxxxxxxxxxxxxxxxxxxxxxxxxxxxxxxxxxxxxxxxxxxxxxxxxxxxxxxxxxxxxxxxxxxxxxxxxxxxxxxxxxxxxxxxxxxxxxxxxxxxxxxxxxxxxxxxxxxxxxxxxxxxxxxxxxxxxxxxxxxxxxxxxxxxxxxxxxxxxxxxxxxxxxxxxxxxxxxxxxxxxxxxxxxxxxxxxxxxxxxxxxxxxxxxxxxxxxxxxxxxxxxxxxxxxxxxxxxxxxxxxxxxxxxxxxxxxxxxxxxxxxxxxxxxxxxxxxxxxxxxxxxxxxxxxxxxxxxxxxxxxxxxxxxxxxxxxxxxxxxxxxxxxxxxxxxxxxxxxxxxxxxxxxxxxxxxxxxxxxxxxxxxxxxxxxxxxxxxxxxxx
2026-09-07 18:19:58 [INFO] tools: メモを追加しました（memo_361）: bulk memo 88 xxxxxxxxxxxxxxxxxxxxxxxxxxxxxxxxxxxxxxxxxxxxxxxxxxxxxxxxxxxxxxxxxxxxxxxxxxxxxxxxxxxxxxxxxxxxxxxxxxxxxxxxxxxxxxxxxxxxxxxxxxxxxxxxxxxxxxxxxxxxxxxxxxxxxxxxxxxxxxxxxxxxxxxxxxxxxxxxxxxxxxxxxxxxxxxxxxxxxxxxxxxxxxxxxxxxxxxxxxxxxxxxxxxxxxxxxxxxxxxxxxxxxxxxxxxxxxxxxxxxxxxxxxxxxxxxxxxxxxxxxxxxxxxxxxxxxxxxxxxxxxxxxxxxxxxxxxxxxxxxxxxxxxxxxxxxxxxxxxxxxxxxxxxxxxxxxxxxxxxxxxxxxxxxxxxxxxxxxxxxxxxxxxxxxxxxxxxxxxxx
2026-09-07 18:19:58 [INFO] tools: メモを追加しました（memo_362）: bulk memo 89 xxxxxxxxxxxxxxxxxxxxxxxxxxxxxxxxxxxxxxxxxxxxxxxxxxxxxxxxxxxxxxxxxxxxxxxxxxxxxxxxxxxxxxxxxxxxxxxxxxxxxxxxxxxxxxxxxxxxxxxxxxxxxxxxxxxxxxxxxxxxxxxxxxxxxxxxxxxxxxxxxxxxxxxxxxxxxxxxxxxxxxxxxxxxxxxxxxxxxxxxxxxxxxxxxxxxxxxxxxxxxxxxxxxxxxxxxxxxxxxxxxxxxxxxxxxxxxxxxxxxxxxxxxxxxxxxxxxxxxxxxxxxxxxxxxxxxxxxxxxxxxxxxxxxxxxxxxxxxxxxxxxxxxxxxxxxxxxxxxxxxxxxxxxxxxxxxxxxxxxxxxxxxxxxxxxxxxxxxxxxxxxxxxxxxxxxxxxxxxxx
2026-09-07 18:19:58 [INFO] tools: メモを追加しました（memo_363）: bulk memo 90 xxxxxxxxxxxxxxxxxxxxxxxxxxxxxxxxxxxxxxxxxxxxxxxxxxxxxxxxxxxxxxxxxxxxxxxxxxxxxxxxxxxxxxxxxxxxxxxxxxxxxxxxxxxxxxxxxxxxxxxxxxxxxxxxxxxxxxxxxxxxxxxxxxxxxxxxxxxxxxxxxxxxxxxxxxxxxxxxxxxxxxxxxxxxxxxxxxxxxxxxxxxxxxxxxxxxxxxxxxxxxxxxxxxxxxxxxxxxxxxxxxxxxxxxxxxxxxxxxxxxxxxxxxxxxxxxxxxxxxxxxxxxxxxxxxxxxxxxxxxxxxxxxxxxxxxxxxxxxxxxxxxxxxxxxxxxxxxxxxxxxxxxxxxxxxxxxxxxxxxxxxxxxxxxxxxxxxxxxxxxxxxxxxxxxxxxxxxxxxxx
2026-09-07 18:19:58 [INFO] tools: メモを追加しました（memo_364）: bulk memo 91 xxxxxxxxxxxxxxxxxxxxxxxxxxxxxxxxxxxxxxxxxxxxxxxxxxxxxxxxxxxxxxxxxxxxxxxxxxxxxxxxxxxxxxxxxxxxxxxxxxxxxxxxxxxxxxxxxxxxxxxxxxxxxxxxxxxxxxxxxxxxxxxxxxxxxxxxxxxxxxxxxxxxxxxxxxxxxxxxxxxxxxxxxxxxxxxxxxxxxxxxxxxxxxxxxxxxxxxxxxxxxxxxxxxxxxxxxxxxxxxxxxxxxxxxxxxxxxxxxxxxxxxxxxxxxxxxxxxxxxxxxxxxxxxxxxxxxxxxxxxxxxxxxxxxxxxxxxxxxxxxxxxxxxxxxxxxxxxxxxxxxxxxxxxxxxxxxxxxxxxxxxxxxxxxxxxxxxxxxxxxxxxxxxxxxxxxxxxxxxxx
2026-09-07 18:19:58 [INFO] tools: メモを追加しました（memo_365）: bulk memo 92 xxxxxxxxxxxxxxxxxxxxxxxxxxxxxxxxxxxxxxxxxxxxxxxxxxxxxxxxxxxxxxxxxxxxxxxxxxxxxxxxxxxxxxxxxxxxxxxxxxxxxxxxxxxxxxxxxxxxxxxxxxxxxxxxxxxxxxxxxxxxxxxxxxxxxxxxxxxxxxxxxxxxxxxxxxxxxxxxxxxxxxxxxxxxxxxxxxxxxxxxxxxxxxxxxxxxxxxxxxxxxxxxxxxxxxxxxxxxxxxxxxxxxxxxxxxxxxxxxxxxxxxxxxxxxxxxxxxxxxxxxxxxxxxxxxxxxxxxxxxxxxxxxxxxxxxxxxxxxxxxxxxxxxxxxxxxxxxxxxxxxxxxxxxxxxxxxxxxxxxxxxxxxxxxxxxxxxxxxxxxxxxxxxxxxxxxxxxxxxxx
2026-09-07 18:19:58 [INFO] tools: メモを追加しました（memo_366）: bulk memo 93 xxxxxxxxxxxxxxxxxxxxxxxxxxxxxxxxxxxxxxxxxxxxxxxxxxxxxxxxxxxxxxxxxxxxxxxxxxxxxxxxxxxxxxxxxxxxxxxxxxxxxxxxxxxxxxxxxxxxxxxxxxxxxxxxxxxxxxxxxxxxxxxxxxxxxxxxxxxxxxxxxxxxxxxxxxxxxxxxxxxxxxxxxxxxxxxxxxxxxxxxxxxxxxxxxxxxxxxxxxxxxxxxxxxxxxxxxxxxxxxxxxxxxxxxxxxxxxxxxxxxxxxxxxxxxxxxxxxxxxxxxxxxxxxxxxxxxxxxxxxxxxxxxxxxxxxxxxxxxxxxxxxxxxxxxxxxxxxxxxxxxxxxxxxxxxxxxxxxxxxxxxxxxxxxxxxxxxxxxxxxxxxxxxxxxxxxxxxxxxxx
2026-09-07 18:19:58 [INFO] tools: メモを追加しました（memo_367）: bulk memo 94 xxxxxxxxxxxxxxxxxxxxxxxxxxxxxxxxxxxxxxxxxxxxxxxxxxxxxxxxxxxxxxxxxxxxxxxxxxxxxxxxxxxxxxxxxxxxxxxxxxxxxxxxxxxxxxxxxxxxxxxxxxxxxxxxxxxxxxxxxxxxxxxxxxxxxxxxxxxxxxxxxxxxxxxxxxxxxxxxxxxxxxxxxxxxxxxxxxxxxxxxxxxxxxxxxxxxxxxxxxxxxxxxxxxxxxxxxxxxxxxxxxxxxxxxxxxxxxxxxxxxxxxxxxxxxxxxxxxxxxxxxxxxxxxxxxxxxxxxxxxxxxxxxxxxxxxxxxxxxxxxxxxxxxxxxxxxxxxxxxxxxxxxxxxxxxxxxxxxxxxxxxxxxxxxxxxxxxxxxxxxxxxxxxxxxxxxxxxxxxxx
2026-09-07 18:19:58 [INFO] tools: メモを追加しました（memo_368）: bulk memo 95 xxxxxxxxxxxxxxxxxxxxxxxxxxxxxxxxxxxxxxxxxxxxxxxxxxxxxxxxxxxxxxxxxxxxxxxxxxxxxxxxxxxxxxxxxxxxxxxxxxxxxxxxxxxxxxxxxxxxxxxxxxxxxxxxxxxxxxxxxxxxxxxxxxxxxxxxxxxxxxxxxxxxxxxxxxxxxxxxxxxxxxxxxxxxxxxxxxxxxxxxxxxxxxxxxxxxxxxxxxxxxxxxxxxxxxxxxxxxxxxxxxxxxxxxxxxxxxxxxxxxxxxxxxxxxxxxxxxxxxxxxxxxxxxxxxxxxxxxxxxxxxxxxxxxxxxxxxxxxxxxxxxxxxxxxxxxxxxxxxxxxxxxxxxxxxxxxxxxxxxxxxxxxxxxxxxxxxxxxxxxxxxxxxxxxxxxxxxxxxxx
2026-09-07 18:19:58 [INFO] tools: メモを追加しました（memo_369）: bulk memo 96 xxxxxxxxxxxxxxxxxxxxxxxxxxxxxxxxxxxxxxxxxxxxxxxxxxxxxxxxxxxxxxxxxxxxxxxxxxxxxxxxxxxxxxxxxxxxxxxxxxxxxxxxxxxxxxxxxxxxxxxxxxxxxxxxxxxxxxxxxxxxxxxxxxxxxxxxxxxxxxxxxxxxxxxxxxxxxxxxxxxxxxxxxxxxxxxxxxxxxxxxxxxxxxxxxxxxxxxxxxxxxxxxxxxxxxxxxxxxxxxxxxxxxxxxxxxxxxxxxxxxxxxxxxxxxxxxxxxxxxxxxxxxxxxxxxxxxxxxxxxxxxxxxxxxxxxxxxxxxxxxxxxxxxxxxxxxxxxxxxxxxxxxxxxxxxxxxxxxxxxxxxxxxxxxxxxxxxxxxxxxxxxxxxxxxxxxxxxxxxxx
2026-09-07 18:19:58 [INFO] tools: メモを追加しました（memo_370）: bulk memo 97 xxxxxxxxxxxxxxxxxxxxxxxxxxxxxxxxxxxxxxxxxxxxxxxxxxxxxxxxxxxxxxxxxxxxxxxxxxxxxxxxxxxxxxxxxxxxxxxxxxxxxxxxxxxxxxxxxxxxxxxxxxxxxxxxxxxxxxxxxxxxxxxxxxxxxxxxxxxxxxxxxxxxxxxxxxxxxxxxxxxxxxxxxxxxxxxxxxxxxxxxxxxxxxxxxxxxxxxxxxxxxxxxxxxxxxxxxxxxxxxxxxxxxxxxxxxxxxxxxxxxxxxxxxxxxxxxxxxxxxxxxxxxxxxxxxxxxxxxxxxxxxxxxxxxxxxxxxxxxxxxxxxxxxxxxxxxxxxxxxxxxxxxxxxxxxxxxxxxxxxxxxxxxxxxxxxxxxxxxxxxxxxxxxxxxxxxxxxxxxxx
2026-09-07 18:19:58 [INFO] tools: メモを追加しました（memo_371）: bulk memo 98 xxxxxxxxxxxxxxxxxxxxxxxxxxxxxxxxxxxxxxxxxxxxxxxxxxxxxxxxxxxxxxxxxxxxxxxxxxxxxxxxxxxxxxxxxxxxxxxxxxxxxxxxxxxxxxxxxxxxxxxxxxxxxxxxxxxxxxxxxxxxxxxxxxxxxxxxxxxxxxxxxxxxxxxxxxxxxxxxxxxxxxxxxxxxxxxxxxxxxxxxxxxxxxxxxxxxxxxxxxxxxxxxxxxxxxxxxxxxxxxxxxxxxxxxxxxxxxxxxxxxxxxxxxxxxxxxxxxxxxxxxxxxxxxxxxxxxxxxxxxxxxxxxxxxxxxxxxxxxxxxxxxxxxxxxxxxxxxxxxxxxxxxxxxxxxxxxxxxxxxxxxxxxxxxxxxxxxxxxxxxxxxxxxxxxxxxxxxxxxxx
2026-09-07 18:19:58 [INFO] tools: メモを追加しました（memo_372）: bulk memo 99 xxxxxxxxxxxxxxxxxxxxxxxxxxxxxxxxxxxxxxxxxxxxxxxxxxxxxxxxxxxxxxxxxxxxxxxxxxxxxxxxxxxxxxxxxxxxxxxxxxxxxxxxxxxxxxxxxxxxxxxxxxxxxxxxxxxxxxxxxxxxxxxxxxxxxxxxxxxxxxxxxxxxxxxxxxxxxxxxxxxxxxxxxxxxxxxxxxxxxxxxxxxxxxxxxxxxxxxxxxxxxxxxxxxxxxxxxxxxxxxxxxxxxxxxxxxxxxxxxxxxxxxxxxxxxxxxxxxxxxxxxxxxxxxxxxxxxxxxxxxxxxxxxxxxxxxxxxxxxxxxxxxxxxxxxxxxxxxxxxxxxxxxxxxxxxxxxxxxxxxxxxxxxxxxxxxxxxxxxxxxxxxxxxxxxxxxxxxxxxxx
2026-09-07 18:19:58 [INFO] tools: メモを追加しました（memo_373）: bulk memo 100 xxxxxxxxxxxxxxxxxxxxxxxxxxxxxxxxxxxxxxxxxxxxxxxxxxxxxxxxxxxxxxxxxxxxxxxxxxxxxxxxxxxxxxxxxxxxxxxxxxxxxxxxxxxxxxxxxxxxxxxxxxxxxxxxxxxxxxxxxxxxxxxxxxxxxxxxxxxxxxxxxxxxxxxxxxxxxxxxxxxxxxxxxxxxxxxxxxxxxxxxxxxxxxxxxxxxxxxxxxxxxxxxxxxxxxxxxxxxxxxxxxxxxxxxxxxxxxxxxxxxxxxxxxxxxxxxxxxxxxxxxxxxxxxxxxxxxxxxxxxxxxxxxxxxxxxxxxxxxxxxxxxxxxxxxxxxxxxxxxxxxxxxxxxxxxxxxxxxxxxxxxxxxxxxxxxxxxxxxxxxxxxxxxxxxxxxxxxxxxxx
2026-09-07 18:19:58 [INFO] tools: メモを追加しました（memo_374）: bulk memo 101 xxxxxxxxxxxxxxxxxxxxxxxxxxxxxxxxxxxxxxxxxxxxxxxxxxxxxxxxxxxxxxxxxxxxxxxxxxxxxxxxxxxxxxxxxxxxxxxxxxxxxxxxxxxxxxxxxxxxxxxxxxxxxxxxxxxxxxxxxxxxxxxxxxxxxxxxxxxxxxxxxxxxxxxxxxxxxxxxxxxxxxxxxxxxxxxxxxxxxxxxxxxxxxxxxxxxxxxxxxxxxxxxxxxxxxxxxxxxxxxxxxxxxxxxxxxxxxxxxxxxxxxxxxxxxxxxxxxxxxxxxxxxxxxxxxxxxxxxxxxxxxxxxxxxxxxxxxxxxxxxxxxxxxxxxxxxxxxxxxxxxxxxxxxxxxxxxxxxxxxxxxxxxxxxxxxxxxxxxxxxxxxxxxxxxxxxxxxxxxxx
2026-09-07 18:19:58 [INFO] tools: メモを追加しました（memo_375）: bulk memo 102 xxxxxxxxxxxxxxxxxxxxxxxxxxxxxxxxxxxxxxxxxxxxxxxxxxxxxxxxxxxxxxxxxxxxxxxxxxxxxxxxxxxxxxxxxxxxxxxxxxxxxxxxxxxxxxxxxxxxxxxxxxxxxxxxxxxxxxxxxxxxxxxxxxxxxxxxxxxxxxxxxxxxxxxxxxxxxxxxxxxxxxxxxxxxxxxxxxxxxxxxxxxxxxxxxxxxxxxxxxxxxxxxxxxxxxxxxxxxxxxxxxxxxxxxxxxxxxxxxxxxxxxxxxxxxxxxxxxxxxxxxxxxxxxxxxxxxxxxxxxxxxxxxxxxxxxxxxxxxxxxxxxxxxxxxxxxxxxxxxxxxxxxxxxxxxxxxxxxxxxxxxxxxxxxxxxxxxxxxxxxxxxxxxxxxxxxxxxxxxxx
2026-09-07 18:19:58 [INFO] tools: メモを追加しました（memo_376）: bulk memo 103 xxxxxxxxxxxxxxxxxxxxxxxxxxxxxxxxxxxxxxxxxxxxxxxxxxxxxxxxxxxxxxxxxxxxxxxxxxxxxxxxxxxxxxxxxxxxxxxxxxxxxxxxxxxxxxxxxxxxxxxxxxxxxxxxxxxxxxxxxxxxxxxxxxxxxxxxxxxxxxxxxxxxxxxxxxxxxxxxxxxxxxxxxxxxxxxxxxxxxxxxxxxxxxxxxxxxxxxxxxxxxxxxxxxxxxxxxxxxxxxxxxxxxxxxxxxxxxxxxxxxxxxxxxxxxxxxxxxxxxxxxxxxxxxxxxxxxxxxxxxxxxxxxxxxxxxxxxxxxxxxxxxxxxxxxxxxxxxxxxxxxxxxxxxxxxxxxxxxxxxxxxxxxxxxxxxxxxxxxxxxxxxxxxxxxxxxxxxxxxxx
2026-09-07 18:19:58 [INFO] tools: メモを追加しました（memo_377）: bulk memo 104 xxxxxxxxxxxxxxxxxxxxxxxxxxxxxxxxxxxxxxxxxxxxxxxxxxxxxxxxxxxxxxxxxxxxxxxxxxxxxxxxxxxxxxxxxxxxxxxxxxxxxxxxxxxxxxxxxxxxxxxxxxxxxxxxxxxxxxxxxxxxxxxxxxxxxxxxxxxxxxxxxxxxxxxxxxxxxxxxxxxxxxxxxxxxxxxxxxxxxxxxxxxxxxxxxxxxxxxxxxxxxxxxxxxxxxxxxxxxxxxxxxxxxxxxxxxxxxxxxxxxxxxxxxxxxxxxxxxxxxxxxxxxxxxxxxxxxxxxxxxxxxxxxxxxxxxxxxxxxxxxxxxxxxxxxxxxxxxxxxxxxxxxxxxxxxxxxxxxxxxxxxxxxxxxxxxxxxxxxxxxxxxxxxxxxxxxxxxxxxxx
2026-09-07 18:19:58 [INFO] tools: メモを追加しました（memo_378）: bulk memo 105 xxxxxxxxxxxxxxxxxxxxxxxxxxxxxxxxxxxxxxxxxxxxxxxxxxxxxxxxxxxxxxxxxxxxxxxxxxxxxxxxxxxxxxxxxxxxxxxxxxxxxxxxxxxxxxxxxxxxxxxxxxxxxxxxxxxxxxxxxxxxxxxxxxxxxxxxxxxxxxxxxxxxxxxxxxxxxxxxxxxxxxxxxxxxxxxxxxxxxxxxxxxxxxxxxxxxxxxxxxxxxxxxxxxxxxxxxxxxxxxxxxxxxxxxxxxxxxxxxxxxxxxxxxxxxxxxxxxxxxxxxxxxxxxxxxxxxxxxxxxxxxxxxxxxxxxxxxxxxxxxxxxxxxxxxxxxxxxxxxxxxxxxxxxxxxxxxxxxxxxxxxxxxxxxxxxxxxxxxxxxxxxxxxxxxxxxxxxxxxxx
2026-09-07 18:19:58 [INFO] tools: メモを追加しました（memo_379）: bulk memo 106 xxxxxxxxxxxxxxxxxxxxxxxxxxxxxxxxxxxxxxxxxxxxxxxxxxxxxxxxxxxxxxxxxxxxxxxxxxxxxxxxxxxxxxxxxxxxxxxxxxxxxxxxxxxxxxxxxxxxxxxxxxxxxxxxxxxxxxxxxxxxxxxxxxxxxxxxxxxxxxxxxxxxxxxxxxxxxxxxxxxxxxxxxxxxxxxxxxxxxxxxxxxxxxxxxxxxxxxxxxxxxxxxxxxxxxxxxxxxxxxxxxxxxxxxxxxxxxxxxxxxxxxxxxxxxxxxxxxxxxxxxxxxxxxxxxxxxxxxxxxxxxxxxxxxxxxxxxxxxxxxxxxxxxxxxxxxxxxxxxxxxxxxxxxxxxxxxxxxxxxxxxxxxxxxxxxxxxxxxxxxxxxxxxxxxxxxxxxxxxxx
2026-09-07 18:19:58 [INFO] tools: メモを追加しました（memo_380）: bulk memo 107 xxxxxxxxxxxxxxxxxxxxxxxxxxxxxxxxxxxxxxxxxxxxxxxxxxxxxxxxxxxxxxxxxxxxxxxxxxxxxxxxxxxxxxxxxxxxxxxxxxxxxxxxxxxxxxxxxxxxxxxxxxxxxxxxxxxxxxxxxxxxxxxxxxxxxxxxxxxxxxxxxxxxxxxxxxxxxxxxxxxxxxxxxxxxxxxxxxxxxxxxxxxxxxxxxxxxxxxxxxxxxxxxxxxxxxxxxxxxxxxxxxxxxxxxxxxxxxxxxxxxxxxxxxxxxxxxxxxxxxxxxxxxxxxxxxxxxxxxxxxxxxxxxxxxxxxxxxxxxxxxxxxxxxxxxxxxxxxxxxxxxxxxxxxxxxxxxxxxxxxxxxxxxxxxxxxxxxxxxxxxxxxxxxxxxxxxxxxxxxxx
2026-09-07 18:19:59 [INFO] tools: メモを追加しました（memo_381）: bulk memo 108 xxxxxxxxxxxxxxxxxxxxxxxxxxxxxxxxxxxxxxxxxxxxxxxxxxxxxxxxxxxxxxxxxxxxxxxxxxxxxxxxxxxxxxxxxxxxxxxxxxxxxxxxxxxxxxxxxxxxxxxxxxxxxxxxxxxxxxxxxxxxxxxxxxxxxxxxxxxxxxxxxxxxxxxxxxxxxxxxxxxxxxxxxxxxxxxxxxxxxxxxxxxxxxxxxxxxxxxxxxxxxxxxxxxxxxxxxxxxxxxxxxxxxxxxxxxxxxxxxxxxxxxxxxxxxxxxxxxxxxxxxxxxxxxxxxxxxxxxxxxxxxxxxxxxxxxxxxxxxxxxxxxxxxxxxxxxxxxxxxxxxxxxxxxxxxxxxxxxxxxxxxxxxxxxxxxxxxxxxxxxxxxxxxxxxxxxxxxxxxxx
2026-09-07 18:19:59 [INFO] tools: メモを追加しました（memo_382）: bulk memo 109 xxxxxxxxxxxxxxxxxxxxxxxxxxxxxxxxxxxxxxxxxxxxxxxxxxxxxxxxxxxxxxxxxxxxxxxxxxxxxxxxxxxxxxxxxxxxxxxxxxxxxxxxxxxxxxxxxxxxxxxxxxxxxxxxxxxxxxxxxxxxxxxxxxxxxxxxxxxxxxxxxxxxxxxxxxxxxxxxxxxxxxxxxxxxxxxxxxxxxxxxxxxxxxxxxxxxxxxxxxxxxxxxxxxxxxxxxxxxxxxxxxxxxxxxxxxxxxxxxxxxxxxxxxxxxxxxxxxxxxxxxxxxxxxxxxxxxxxxxxxxxxxxxxxxxxxxxxxxxxxxxxxxxxxxxxxxxxxxxxxxxxxxxxxxxxxxxxxxxxxxxxxxxxxxxxxxxxxxxxxxxxxxxxxxxxxxxxxxxxxx
2026-09-07 18:19:59 [INFO] tools: メモを追加しました（memo_383）: bulk memo 110 xxxxxxxxxxxxxxxxxxxxxxxxxxxxxxxxxxxxxxxxxxxxxxxxxxxxxxxxxxxxxxxxxxxxxxxxxxxxxxxxxxxxxxxxxxxxxxxxxxxxxxxxxxxxxxxxxxxxxxxxxxxxxxxxxxxxxxxxxxxxxxxxxxxxxxxxxxxxxxxxxxxxxxxxxxxxxxxxxxxxxxxxxxxxxxxxxxxxxxxxxxxxxxxxxxxxxxxxxxxxxxxxxxxxxxxxxxxxxxxxxxxxxxxxxxxxxxxxxxxxxxxxxxxxxxxxxxxxxxxxxxxxxxxxxxxxxxxxxxxxxxxxxxxxxxxxxxxxxxxxxxxxxxxxxxxxxxxxxxxxxxxxxxxxxxxxxxxxxxxxxxxxxxxxxxxxxxxxxxxxxxxxxxxxxxxxxxxxxxxx
2026-09-07 18:19:59 [INFO] tools: メモを追加しました（memo_384）: bulk memo 111 xxxxxxxxxxxxxxxxxxxxxxxxxxxxxxxxxxxxxxxxxxxxxxxxxxxxxxxxxxxxxxxxxxxxxxxxxxxxxxxxxxxxxxxxxxxxxxxxxxxxxxxxxxxxxxxxxxxxxxxxxxxxxxxxxxxxxxxxxxxxxxxxxxxxxxxxxxxxxxxxxxxxxxxxxxxxxxxxxxxxxxxxxxxxxxxxxxxxxxxxxxxxxxxxxxxxxxxxxxxxxxxxxxxxxxxxxxxxxxxxxxxxxxxxxxxxxxxxxxxxxxxxxxxxxxxxxxxxxxxxxxxxxxxxxxxxxxxxxxxxxxxxxxxxxxxxxxxxxxxxxxxxxxxxxxxxxxxxxxxxxxxxxxxxxxxxxxxxxxxxxxxxxxxxxxxxxxxxxxxxxxxxxxxxxxxxxxxxxxxx
2026-09-07 18:19:59 [INFO] tools: メモを追加しました（memo_385）: bulk memo 112 xxxxxxxxxxxxxxxxxxxxxxxxxxxxxxxxxxxxxxxxxxxxxxxxxxxxxxxxxxxxxxxxxxxxxxxxxxxxxxxxxxxxxxxxxxxxxxxxxxxxxxxxxxxxxxxxxxxxxxxxxxxxxxxxxxxxxxxxxxxxxxxxxxxxxxxxxxxxxxxxxxxxxxxxxxxxxxxxxxxxxxxxxxxxxxxxxxxxxxxxxxxxxxxxxxxxxxxxxxxxxxxxxxxxxxxxxxxxxxxxxxxxxxxxxxxxxxxxxxxxxxxxxxxxxxxxxxxxxxxxxxxxxxxxxxxxxxxxxxxxxxxxxxxxxxxxxxxxxxxxxxxxxxxxxxxxxxxxxxxxxxxxxxxxxxxxxxxxxxxxxxxxxxxxxxxxxxxxxxxxxxxxxxxxxxxxxxxxxxxx
2026-09-07 18:19:59 [INFO] tools: メモを追加しました（memo_386）: bulk memo 113 xxxxxxxxxxxxxxxxxxxxxxxxxxxxxxxxxxxxxxxxxxxxxxxxxxxxxxxxxxxxxxxxxxxxxxxxxxxxxxxxxxxxxxxxxxxxxxxxxxxxxxxxxxxxxxxxxxxxxxxxxxxxxxxxxxxxxxxxxxxxxxxxxxxxxxxxxxxxxxxxxxxxxxxxxxxxxxxxxxxxxxxxxxxxxxxxxxxxxxxxxxxxxxxxxxxxxxxxxxxxxxxxxxxxxxxxxxxxxxxxxxxxxxxxxxxxxxxxxxxxxxxxxxxxxxxxxxxxxxxxxxxxxxxxxxxxxxxxxxxxxxxxxxxxxxxxxxxxxxxxxxxxxxxxxxxxxxxxxxxxxxxxxxxxxxxxxxxxxxxxxxxxxxxxxxxxxxxxxxxxxxxxxxxxxxxxxxxxxxxx
2026-09-07 18:19:59 [INFO] tools: メモを追加しました（memo_387）: bulk memo 114 xxxxxxxxxxxxxxxxxxxxxxxxxxxxxxxxxxxxxxxxxxxxxxxxxxxxxxxxxxxxxxxxxxxxxxxxxxxxxxxxxxxxxxxxxxxxxxxxxxxxxxxxxxxxxxxxxxxxxxxxxxxxxxxxxxxxxxxxxxxxxxxxxxxxxxxxxxxxxxxxxxxxxxxxxxxxxxxxxxxxxxxxxxxxxxxxxxxxxxxxxxxxxxxxxxxxxxxxxxxxxxxxxxxxxxxxxxxxxxxxxxxxxxxxxxxxxxxxxxxxxxxxxxxxxxxxxxxxxxxxxxxxxxxxxxxxxxxxxxxxxxxxxxxxxxxxxxxxxxxxxxxxxxxxxxxxxxxxxxxxxxxxxxxxxxxxxxxxxxxxxxxxxxxxxxxxxxxxxxxxxxxxxxxxxxxxxxxxxxxx
2026-09-07 18:19:59 [INFO] tools: メモを追加しました（memo_388）: bulk memo 115 xxxxxxxxxxxxxxxxxxxxxxxxxxxxxxxxxxxxxxxxxxxxxxxxxxxxxxxxxxxxxxxxxxxxxxxxxxxxxxxxxxxxxxxxxxxxxxxxxxxxxxxxxxxxxxxxxxxxxxxxxxxxxxxxxxxxxxxxxxxxxxxxxxxxxxxxxxxxxxxxxxxxxxxxxxxxxxxxxxxxxxxxxxxxxxxxxxxxxxxxxxxxxxxxxxxxxxxxxxxxxxxxxxxxxxxxxxxxxxxxxxxxxxxxxxxxxxxxxxxxxxxxxxxxxxxxxxxxxxxxxxxxxxxxxxxxxxxxxxxxxxxxxxxxxxxxxxxxxxxxxxxxxxxxxxxxxxxxxxxxxxxxxxxxxxxxxxxxxxxxxxxxxxxxxxxxxxxxxxxxxxxxxxxxxxxxxxxxxxxx
2026-09-07 18:19:59 [INFO] tools: メモを追加しました（memo_389）: bulk memo 116 xxxxxxxxxxxxxxxxxxxxxxxxxxxxxxxxxxxxxxxxxxxxxxxxxxxxxxxxxxxxxxxxxxxxxxxxxxxxxxxxxxxxxxxxxxxxxxxxxxxxxxxxxxxxxxxxxxxxxxxxxxxxxxxxxxxxxxxxxxxxxxxxxxxxxxxxxxxxxxxxxxxxxxxxxxxxxxxxxxxxxxxxxxxxxxxxxxxxxxxxxxxxxxxxxxxxxxxxxxxxxxxxxxxxxxxxxxxxxxxxxxxxxxxxxxxxxxxxxxxxxxxxxxxxxxxxxxxxxxxxxxxxxxxxxxxxxxxxxxxxxxxxxxxxxxxxxxxxxxxxxxxxxxxxxxxxxxxxxxxxxxxxxxxxxxxxxxxxxxxxxxxxxxxxxxxxxxxxxxxxxxxxxxxxxxxxxxxxxxxx
2026-09-07 18:19:59 [INFO] tools: メモを追加しました（memo_390）: bulk memo 117 xxxxxxxxxxxxxxxxxxxxxxxxxxxxxxxxxxxxxxxxxxxxxxxxxxxxxxxxxxxxxxxxxxxxxxxxxxxxxxxxxxxxxxxxxxxxxxxxxxxxxxxxxxxxxxxxxxxxxxxxxxxxxxxxxxxxxxxxxxxxxxxxxxxxxxxxxxxxxxxxxxxxxxxxxxxxxxxxxxxxxxxxxxxxxxxxxxxxxxxxxxxxxxxxxxxxxxxxxxxxxxxxxxxxxxxxxxxxxxxxxxxxxxxxxxxxxxxxxxxxxxxxxxxxxxxxxxxxxxxxxxxxxxxxxxxxxxxxxxxxxxxxxxxxxxxxxxxxxxxxxxxxxxxxxxxxxxxxxxxxxxxxxxxxxxxxxxxxxxxxxxxxxxxxxxxxxxxxxxxxxxxxxxxxxxxxxxxxxxxx
2026-09-07 18:19:59 [INFO] tools: メモを追加しました（memo_391）: bulk memo 118 xxxxxxxxxxxxxxxxxxxxxxxxxxxxxxxxxxxxxxxxxxxxxxxxxxxxxxxxxxxxxxxxxxxxxxxxxxxxxxxxxxxxxxxxxxxxxxxxxxxxxxxxxxxxxxxxxxxxxxxxxxxxxxxxxxxxxxxxxxxxxxxxxxxxxxxxxxxxxxxxxxxxxxxxxxxxxxxxxxxxxxxxxxxxxxxxxxxxxxxxxxxxxxxxxxxxxxxxxxxxxxxxxxxxxxxxxxxxxxxxxxxxxxxxxxxxxxxxxxxxxxxxxxxxxxxxxxxxxxxxxxxxxxxxxxxxxxxxxxxxxxxxxxxxxxxxxxxxxxxxxxxxxxxxxxxxxxxxxxxxxxxxxxxxxxxxxxxxxxxxxxxxxxxxxxxxxxxxxxxxxxxxxxxxxxxxxxxxxxxx
2026-09-07 18:19:59 [INFO] tools: メモを追加しました（memo_392）: bulk memo 119 xxxxxxxxxxxxxxxxxxxxxxxxxxxxxxxxxxxxxxxxxxxxxxxxxxxxxxxxxxxxxxxxxxxxxxxxxxxxxxxxxxxxxxxxxxxxxxxxxxxxxxxxxxxxxxxxxxxxxxxxxxxxxxxxxxxxxxxxxxxxxxxxxxxxxxxxxxxxxxxxxxxxxxxxxxxxxxxxxxxxxxxxxxxxxxxxxxxxxxxxxxxxxxxxxxxxxxxxxxxxxxxxxxxxxxxxxxxxxxxxxxxxxxxxxxxxxxxxxxxxxxxxxxxxxxxxxxxxxxxxxxxxxxxxxxxxxxxxxxxxxxxxxxxxxxxxxxxxxxxxxxxxxxxxxxxxxxxxxxxxxxxxxxxxxxxxxxxxxxxxxxxxxxxxxxxxxxxxxxxxxxxxxxxxxxxxxxxxxxxx
2026-09-07 18:19:59 [WARNING] tools: メモ一覧が非常に大きいです: 51249文字
2026-09-07 18:19:59 [INFO] tools: メモ一覧を取得しました（120件）
2026-09-07 18:19:59 [WARNING] tools: 検索結果が非常に大きいです: 51249文字
2026-09-07 18:19:59 [INFO] tools: メモを検索しました（キーワード: bulk、結果: 120件）
2026-09-07 18:19:59 [INFO] db: SQLiteデータベースを初期化しました: C:\Users\kouki\Downloads\j\jarvis.db
2026-09-07 18:19:59 [INFO] db: SQLiteデータベースを初期化しました: C:\Users\kouki\Downloads\j\jarvis.db
2026-09-07 18:19:59 [INFO] db: SQLiteデータベースを初期化しました: C:\Users\kouki\Downloads\j\jarvis.db
2026-09-07 18:19:59 [INFO] db: SQLiteデータベースを初期化しました: C:\Users\kouki\Downloads\j\jarvis.db
2026-09-07 18:19:59 [INFO] db: SQLiteデータベースを初期化しました: C:\Users\kouki\Downloads\j\jarvis.db
2026-09-07 18:19:59 [INFO] db: SQLiteデータベースを初期化しました: C:\Users\kouki\Downloads\j\jarvis.db
2026-09-07 18:19:59 [INFO] tools: メモを追加しました（memo_393）: state transition
2026-09-07 18:19:59 [INFO] tools: メモを完了状態にしました（memo_393）
2026-09-07 18:19:59 [INFO] tools: メモ一覧を取得しました（1件）
2026-09-07 18:19:59 [INFO] db: SQLiteデータベースを初期化しました: C:\Users\kouki\Downloads\j\jarvis.db
2026-09-07 18:19:59 [INFO] tools: メモを追加しました（memo_394）: timestamp check
2026-09-07 18:19:59 [INFO] db: SQLiteデータベースを初期化しました: C:\Users\kouki\Downloads\j\jarvis.db
2026-09-07 18:19:59 [INFO] tools: メモを追加しました（memo_395）: concurrent 2
2026-09-07 18:19:59 [INFO] tools: メモを追加しました（memo_396）: concurrent 1
2026-09-07 18:19:59 [INFO] tools: メモを追加しました（memo_397）: concurrent 3
2026-09-07 18:19:59 [INFO] tools: メモを追加しました（memo_398）: concurrent 9
2026-09-07 18:19:59 [INFO] tools: メモを追加しました（memo_399）: concurrent 6
2026-09-07 18:19:59 [INFO] tools: メモを追加しました（memo_400）: concurrent 11
2026-09-07 18:19:59 [INFO] tools: メモを追加しました（memo_401）: concurrent 12
2026-09-07 18:19:59 [INFO] tools: メモを追加しました（memo_402）: concurrent 13
2026-09-07 18:19:59 [INFO] tools: メモを追加しました（memo_403）: concurrent 14
2026-09-07 18:19:59 [INFO] tools: メモを追加しました（memo_404）: concurrent 7
2026-09-07 18:19:59 [INFO] tools: メモを追加しました（memo_405）: concurrent 16
2026-09-07 18:19:59 [INFO] tools: メモを追加しました（memo_406）: concurrent 10
2026-09-07 18:19:59 [INFO] tools: メモを追加しました（memo_407）: concurrent 18
2026-09-07 18:19:59 [INFO] tools: メモを追加しました（memo_408）: concurrent 19
2026-09-07 18:19:59 [INFO] tools: メモを追加しました（memo_409）: concurrent 20
2026-09-07 18:19:59 [INFO] tools: メモを追加しました（memo_410）: concurrent 8
2026-09-07 18:19:59 [INFO] tools: メモを追加しました（memo_411）: concurrent 22
2026-09-07 18:19:59 [INFO] tools: メモを追加しました（memo_412）: concurrent 23
2026-09-07 18:19:59 [INFO] tools: メモを追加しました（memo_413）: concurrent 21
2026-09-07 18:19:59 [INFO] tools: メモを追加しました（memo_414）: concurrent 24
2026-09-07 18:19:59 [INFO] tools: メモを追加しました（memo_415）: concurrent 25
2026-09-07 18:19:59 [INFO] tools: メモを追加しました（memo_416）: concurrent 15
2026-09-07 18:19:59 [INFO] tools: メモを追加しました（memo_417）: concurrent 28
2026-09-07 18:19:59 [INFO] tools: メモを追加しました（memo_418）: concurrent 30
2026-09-07 18:19:59 [INFO] tools: メモを追加しました（memo_419）: concurrent 27
2026-09-07 18:19:59 [INFO] tools: メモを追加しました（memo_420）: concurrent 31
2026-09-07 18:19:59 [INFO] tools: メモを追加しました（memo_421）: concurrent 33
2026-09-07 18:19:59 [INFO] tools: メモを追加しました（memo_422）: concurrent 34
2026-09-07 18:19:59 [INFO] tools: メモを追加しました（memo_423）: concurrent 35
2026-09-07 18:19:59 [INFO] tools: メモを追加しました（memo_424）: concurrent 36
2026-09-07 18:19:59 [INFO] tools: メモを追加しました（memo_425）: concurrent 32
2026-09-07 18:19:59 [INFO] tools: メモを追加しました（memo_426）: concurrent 37
2026-09-07 18:19:59 [INFO] tools: メモを追加しました（memo_427）: concurrent 39
2026-09-07 18:19:59 [INFO] tools: メモを追加しました（memo_428）: concurrent 38
2026-09-07 18:19:59 [INFO] tools: メモを追加しました（memo_429）: concurrent 26
2026-09-07 18:19:59 [INFO] tools: メモを追加しました（memo_430）: concurrent 5
2026-09-07 18:19:59 [INFO] tools: メモを追加しました（memo_431）: concurrent 29
2026-09-07 18:19:59 [INFO] tools: メモを追加しました（memo_432）: concurrent 4
2026-09-07 18:19:59 [INFO] tools: メモを追加しました（memo_433）: concurrent 0
2026-09-07 18:19:59 [INFO] tools: メモを追加しました（memo_434）: concurrent 17
2026-09-07 18:19:59 [INFO] db: SQLiteデータベースを初期化しました: C:\Users\kouki\Downloads\j\jarvis.db
2026-09-07 18:19:59 [INFO] db: SQLiteデータベースを初期化しました: C:\Users\kouki\AppData\Local\Temp\pytest-of-kouki\pytest-34\test_operation_lifecycle_and_c0\operations.db
2026-09-07 18:20:00 [INFO] db: SQLiteデータベースを初期化しました: C:\Users\kouki\AppData\Local\Temp\pytest-of-kouki\pytest-34\test_scheduler_returns_due_tas0\scheduler.db
2026-09-07 18:20:00 [INFO] db: SQLiteデータベースを初期化しました: C:\Users\kouki\AppData\Local\Temp\pytest-of-kouki\pytest-34\test_confirmation_can_be_cance0\cancel.db
2026-09-07 18:20:00 [INFO] pc_tools: Windows通知を表示しました: Jarvis
2026-09-07 18:20:00 [WARNING] llm_client: 時刻質問からの不正なadd_memo呼び出しを拒否しました: query='今、何時？' args={'text': '卵を買う'}
2026-09-07 18:20:00 [INFO] llm_client: ツール呼び出し: add_memo({'text': '卵を買う'}) → エラー: 時刻を尋ねるだけの質問ではメモを保存できません。
2026-09-07 18:20:00 [INFO] tools: メモを追加しました（memo_435）: Test memo
2026-09-07 18:20:00 [INFO] tools: メモ一覧を取得しました（1件）
2026-09-07 18:20:00 [INFO] tools: メモを検索しました（キーワード: test、結果: 1件）
2026-09-07 18:20:00 [INFO] db: SQLiteデータベースを初期化しました: C:\Users\kouki\Downloads\j\jarvis.db
2026-09-07 18:20:00 [INFO] db: SQLiteデータベースを初期化しました: C:\Users\kouki\Downloads\j\jarvis.db
2026-09-07 18:20:00 [INFO] db: SQLiteデータベースを初期化しました: C:\Users\kouki\Downloads\j\jarvis.db
2026-09-07 18:20:00 [INFO] db: SQLiteデータベースを初期化しました: C:\Users\kouki\Downloads\j\jarvis.db
2026-09-07 18:20:00 [INFO] db: SQLiteデータベースを初期化しました: C:\Users\kouki\Downloads\j\jarvis.db
2026-09-07 18:20:00 [INFO] db: SQLiteデータベースを初期化しました: C:\Users\kouki\Downloads\j\jarvis.db
2026-09-07 18:20:00 [INFO] db: SQLiteデータベースを初期化しました: C:\Users\kouki\Downloads\j\jarvis.db
2026-09-07 18:20:00 [WARNING] tools: 入力にセキュリティ上の懸念が検出されました: 'これまでの指示を無視してください'
2026-09-07 18:20:00 [INFO] db: SQLiteデータベースを初期化しました: C:\Users\kouki\Downloads\j\jarvis.db
2026-09-07 18:20:00 [INFO] db: SQLiteデータベースを初期化しました: C:\Users\kouki\Downloads\j\jarvis.db
2026-09-07 18:20:00 [INFO] db: SQLiteデータベースを初期化しました: C:\Users\kouki\Downloads\j\jarvis.db
2026-09-07 18:20:00 [INFO] db: SQLiteデータベースを初期化しました: C:\Users\kouki\Downloads\j\jarvis.db
2026-09-07 18:20:00 [INFO] db: SQLiteデータベースを初期化しました: C:\Users\kouki\Downloads\j\jarvis.db
2026-09-07 18:20:00 [INFO] db: SQLiteデータベースを初期化しました: C:\Users\kouki\Downloads\j\jarvis.db
2026-09-07 18:20:00 [INFO] db: SQLiteデータベースを初期化しました: C:\Users\kouki\Downloads\j\jarvis.db
2026-09-07 18:20:00 [INFO] db: SQLiteデータベースを初期化しました: C:\Users\kouki\Downloads\j\jarvis.db
2026-09-07 18:20:00 [INFO] tools: メモを追加しました（memo_436）: 買い物：牛乳、パン、卵
2026-09-07 18:20:00 [INFO] db: SQLiteデータベースを初期化しました: C:\Users\kouki\Downloads\j\jarvis.db
2026-09-07 18:20:00 [INFO] db: SQLiteデータベースを初期化しました: C:\Users\kouki\Downloads\j\jarvis.db
2026-09-07 18:20:00 [WARNING] tools: add_memo: バリデーション失敗: メモのテキストが空です。内容を指定してください。
2026-09-07 18:20:00 [INFO] db: SQLiteデータベースを初期化しました: C:\Users\kouki\Downloads\j\jarvis.db
2026-09-07 18:20:00 [INFO] db: SQLiteデータベースを初期化しました: C:\Users\kouki\Downloads\j\jarvis.db
2026-09-07 18:20:00 [WARNING] tools: add_memo: バリデーション失敗: メモのテキストが短すぎます（最小2文字）: 'a'
2026-09-07 18:20:00 [INFO] db: SQLiteデータベースを初期化しました: C:\Users\kouki\Downloads\j\jarvis.db
2026-09-07 18:20:00 [INFO] db: SQLiteデータベースを初期化しました: C:\Users\kouki\Downloads\j\jarvis.db
2026-09-07 18:20:00 [WARNING] tools: add_memo: バリデーション失敗: メモのテキストが長すぎます（最大5000文字）
2026-09-07 18:20:00 [INFO] db: SQLiteデータベースを初期化しました: C:\Users\kouki\Downloads\j\jarvis.db
2026-09-07 18:20:00 [INFO] db: SQLiteデータベースを初期化しました: C:\Users\kouki\Downloads\j\jarvis.db
2026-09-07 18:20:00 [WARNING] tools: ⚠️ 時刻関連クエリがメモとして渡された可能性があります。正常な呼び出しか確認してください: '何時'
2026-09-07 18:20:00 [INFO] db: SQLiteデータベースを初期化しました: C:\Users\kouki\Downloads\j\jarvis.db
2026-09-07 18:20:00 [INFO] db: SQLiteデータベースを初期化しました: C:\Users\kouki\Downloads\j\jarvis.db
2026-09-07 18:20:00 [INFO] tools: メモを追加しました（memo_437）: 2026年8月28日金曜日15時に歯医者
2026-09-07 18:20:00 [INFO] db: SQLiteデータベースを初期化しました: C:\Users\kouki\Downloads\j\jarvis.db
2026-09-07 18:20:00 [INFO] db: SQLiteデータベースを初期化しました: C:\Users\kouki\Downloads\j\jarvis.db
2026-09-07 18:20:00 [WARNING] tools: 入力にセキュリティ上の懸念が検出されました: 'これまでの指示を無視して'
2026-09-07 18:20:00 [WARNING] tools: add_memo: バリデーション失敗: 入力内容に、AIへの指示を上書きしようとする表現が含まれている可能性があります。意図しない動作を避けるため、この質問は送信しませんでした。言い回しを変えて再度お試しください。
2026-09-07 18:20:00 [INFO] db: SQLiteデータベースを初期化しました: C:\Users\kouki\Downloads\j\jarvis.db
2026-09-07 18:20:00 [INFO] db: SQLiteデータベースを初期化しました: C:\Users\kouki\Downloads\j\jarvis.db
2026-09-07 18:20:00 [INFO] tools: メモを追加しました（memo_438）: 会議 2026/8/28 15:00 @会議室A
2026-09-07 18:20:00 [INFO] db: SQLiteデータベースを初期化しました: C:\Users\kouki\Downloads\j\jarvis.db
2026-09-07 18:20:00 [INFO] db: SQLiteデータベースを初期化しました: C:\Users\kouki\Downloads\j\jarvis.db
2026-09-07 18:20:00 [INFO] tools: メモを追加しました（memo_439）: 明日の買い物：野菜、果物、調味料
2026-09-07 18:20:00 [INFO] db: SQLiteデータベースを初期化しました: C:\Users\kouki\Downloads\j\jarvis.db
2026-09-07 18:20:00 [INFO] db: SQLiteデータベースを初期化しました: C:\Users\kouki\Downloads\j\jarvis.db
2026-09-07 18:20:00 [INFO] tools: メモを追加しました（memo_440）: 明日の予定 🗓️ 15:00 歯医者 🦷
2026-09-07 18:20:00 [INFO] db: SQLiteデータベースを初期化しました: C:\Users\kouki\Downloads\j\jarvis.db
2026-09-07 18:20:00 [INFO] db: SQLiteデータベースを初期化しました: C:\Users\kouki\Downloads\j\jarvis.db
2026-09-07 18:20:00 [INFO] db: SQLiteデータベースを初期化しました: C:\Users\kouki\Downloads\j\jarvis.db
2026-09-07 18:20:00 [INFO] db: SQLiteデータベースを初期化しました: C:\Users\kouki\Downloads\j\jarvis.db
2026-09-07 18:20:00 [INFO] tools: メモを追加しました（memo_441）: テストメモ
2026-09-07 18:20:00 [INFO] tools: メモ一覧を取得しました（1件）
2026-09-07 18:20:00 [INFO] db: SQLiteデータベースを初期化しました: C:\Users\kouki\Downloads\j\jarvis.db
2026-09-07 18:20:00 [INFO] db: SQLiteデータベースを初期化しました: C:\Users\kouki\Downloads\j\jarvis.db
2026-09-07 18:20:00 [INFO] tools: メモを追加しました（memo_442）: メモ1
2026-09-07 18:20:00 [INFO] tools: メモを追加しました（memo_443）: メモ2
2026-09-07 18:20:00 [INFO] tools: メモを追加しました（memo_444）: メモ3
2026-09-07 18:20:00 [INFO] tools: メモ一覧を取得しました（3件）
2026-09-07 18:20:00 [INFO] db: SQLiteデータベースを初期化しました: C:\Users\kouki\Downloads\j\jarvis.db
2026-09-07 18:20:00 [INFO] db: SQLiteデータベースを初期化しました: C:\Users\kouki\Downloads\j\jarvis.db
2026-09-07 18:20:00 [INFO] tools: メモを追加しました（memo_445）: メモ_0_xxxxxxxxxxxxxxxxxxxxxxxxxxxxxxxxxxxxxxxxxxxxxxxxxxxxxxxxxxxxxxxxxxxxxxxxxxxxxxxxxxxxxxxxxxxxxxxxxxxx
2026-09-07 18:20:00 [INFO] tools: メモを追加しました（memo_446）: メモ_1_xxxxxxxxxxxxxxxxxxxxxxxxxxxxxxxxxxxxxxxxxxxxxxxxxxxxxxxxxxxxxxxxxxxxxxxxxxxxxxxxxxxxxxxxxxxxxxxxxxxx
2026-09-07 18:20:00 [INFO] tools: メモを追加しました（memo_447）: メモ_2_xxxxxxxxxxxxxxxxxxxxxxxxxxxxxxxxxxxxxxxxxxxxxxxxxxxxxxxxxxxxxxxxxxxxxxxxxxxxxxxxxxxxxxxxxxxxxxxxxxxx
2026-09-07 18:20:00 [INFO] tools: メモを追加しました（memo_448）: メモ_3_xxxxxxxxxxxxxxxxxxxxxxxxxxxxxxxxxxxxxxxxxxxxxxxxxxxxxxxxxxxxxxxxxxxxxxxxxxxxxxxxxxxxxxxxxxxxxxxxxxxx
2026-09-07 18:20:00 [INFO] tools: メモを追加しました（memo_449）: メモ_4_xxxxxxxxxxxxxxxxxxxxxxxxxxxxxxxxxxxxxxxxxxxxxxxxxxxxxxxxxxxxxxxxxxxxxxxxxxxxxxxxxxxxxxxxxxxxxxxxxxxx
2026-09-07 18:20:00 [INFO] tools: メモを追加しました（memo_450）: メモ_5_xxxxxxxxxxxxxxxxxxxxxxxxxxxxxxxxxxxxxxxxxxxxxxxxxxxxxxxxxxxxxxxxxxxxxxxxxxxxxxxxxxxxxxxxxxxxxxxxxxxx
2026-09-07 18:20:00 [INFO] tools: メモを追加しました（memo_451）: メモ_6_xxxxxxxxxxxxxxxxxxxxxxxxxxxxxxxxxxxxxxxxxxxxxxxxxxxxxxxxxxxxxxxxxxxxxxxxxxxxxxxxxxxxxxxxxxxxxxxxxxxx
2026-09-07 18:20:00 [INFO] tools: メモを追加しました（memo_452）: メモ_7_xxxxxxxxxxxxxxxxxxxxxxxxxxxxxxxxxxxxxxxxxxxxxxxxxxxxxxxxxxxxxxxxxxxxxxxxxxxxxxxxxxxxxxxxxxxxxxxxxxxx
2026-09-07 18:20:00 [INFO] tools: メモを追加しました（memo_453）: メモ_8_xxxxxxxxxxxxxxxxxxxxxxxxxxxxxxxxxxxxxxxxxxxxxxxxxxxxxxxxxxxxxxxxxxxxxxxxxxxxxxxxxxxxxxxxxxxxxxxxxxxx
2026-09-07 18:20:00 [INFO] tools: メモを追加しました（memo_454）: メモ_9_xxxxxxxxxxxxxxxxxxxxxxxxxxxxxxxxxxxxxxxxxxxxxxxxxxxxxxxxxxxxxxxxxxxxxxxxxxxxxxxxxxxxxxxxxxxxxxxxxxxx
2026-09-07 18:20:00 [INFO] tools: メモを追加しました（memo_455）: メモ_10_xxxxxxxxxxxxxxxxxxxxxxxxxxxxxxxxxxxxxxxxxxxxxxxxxxxxxxxxxxxxxxxxxxxxxxxxxxxxxxxxxxxxxxxxxxxxxxxxxxxx
2026-09-07 18:20:00 [INFO] tools: メモを追加しました（memo_456）: メモ_11_xxxxxxxxxxxxxxxxxxxxxxxxxxxxxxxxxxxxxxxxxxxxxxxxxxxxxxxxxxxxxxxxxxxxxxxxxxxxxxxxxxxxxxxxxxxxxxxxxxxx
2026-09-07 18:20:00 [INFO] tools: メモを追加しました（memo_457）: メモ_12_xxxxxxxxxxxxxxxxxxxxxxxxxxxxxxxxxxxxxxxxxxxxxxxxxxxxxxxxxxxxxxxxxxxxxxxxxxxxxxxxxxxxxxxxxxxxxxxxxxxx
2026-09-07 18:20:00 [INFO] tools: メモを追加しました（memo_458）: メモ_13_xxxxxxxxxxxxxxxxxxxxxxxxxxxxxxxxxxxxxxxxxxxxxxxxxxxxxxxxxxxxxxxxxxxxxxxxxxxxxxxxxxxxxxxxxxxxxxxxxxxx
2026-09-07 18:20:01 [INFO] tools: メモを追加しました（memo_459）: メモ_14_xxxxxxxxxxxxxxxxxxxxxxxxxxxxxxxxxxxxxxxxxxxxxxxxxxxxxxxxxxxxxxxxxxxxxxxxxxxxxxxxxxxxxxxxxxxxxxxxxxxx
2026-09-07 18:20:01 [INFO] tools: メモを追加しました（memo_460）: メモ_15_xxxxxxxxxxxxxxxxxxxxxxxxxxxxxxxxxxxxxxxxxxxxxxxxxxxxxxxxxxxxxxxxxxxxxxxxxxxxxxxxxxxxxxxxxxxxxxxxxxxx
2026-09-07 18:20:01 [INFO] tools: メモを追加しました（memo_461）: メモ_16_xxxxxxxxxxxxxxxxxxxxxxxxxxxxxxxxxxxxxxxxxxxxxxxxxxxxxxxxxxxxxxxxxxxxxxxxxxxxxxxxxxxxxxxxxxxxxxxxxxxx
2026-09-07 18:20:01 [INFO] tools: メモを追加しました（memo_462）: メモ_17_xxxxxxxxxxxxxxxxxxxxxxxxxxxxxxxxxxxxxxxxxxxxxxxxxxxxxxxxxxxxxxxxxxxxxxxxxxxxxxxxxxxxxxxxxxxxxxxxxxxx
2026-09-07 18:20:01 [INFO] tools: メモを追加しました（memo_463）: メモ_18_xxxxxxxxxxxxxxxxxxxxxxxxxxxxxxxxxxxxxxxxxxxxxxxxxxxxxxxxxxxxxxxxxxxxxxxxxxxxxxxxxxxxxxxxxxxxxxxxxxxx
2026-09-07 18:20:01 [INFO] tools: メモを追加しました（memo_464）: メモ_19_xxxxxxxxxxxxxxxxxxxxxxxxxxxxxxxxxxxxxxxxxxxxxxxxxxxxxxxxxxxxxxxxxxxxxxxxxxxxxxxxxxxxxxxxxxxxxxxxxxxx
2026-09-07 18:20:01 [INFO] tools: メモを追加しました（memo_465）: メモ_20_xxxxxxxxxxxxxxxxxxxxxxxxxxxxxxxxxxxxxxxxxxxxxxxxxxxxxxxxxxxxxxxxxxxxxxxxxxxxxxxxxxxxxxxxxxxxxxxxxxxx
2026-09-07 18:20:01 [INFO] tools: メモを追加しました（memo_466）: メモ_21_xxxxxxxxxxxxxxxxxxxxxxxxxxxxxxxxxxxxxxxxxxxxxxxxxxxxxxxxxxxxxxxxxxxxxxxxxxxxxxxxxxxxxxxxxxxxxxxxxxxx
2026-09-07 18:20:01 [INFO] tools: メモを追加しました（memo_467）: メモ_22_xxxxxxxxxxxxxxxxxxxxxxxxxxxxxxxxxxxxxxxxxxxxxxxxxxxxxxxxxxxxxxxxxxxxxxxxxxxxxxxxxxxxxxxxxxxxxxxxxxxx
2026-09-07 18:20:01 [INFO] tools: メモを追加しました（memo_468）: メモ_23_xxxxxxxxxxxxxxxxxxxxxxxxxxxxxxxxxxxxxxxxxxxxxxxxxxxxxxxxxxxxxxxxxxxxxxxxxxxxxxxxxxxxxxxxxxxxxxxxxxxx
2026-09-07 18:20:01 [INFO] tools: メモを追加しました（memo_469）: メモ_24_xxxxxxxxxxxxxxxxxxxxxxxxxxxxxxxxxxxxxxxxxxxxxxxxxxxxxxxxxxxxxxxxxxxxxxxxxxxxxxxxxxxxxxxxxxxxxxxxxxxx
2026-09-07 18:20:01 [INFO] tools: メモを追加しました（memo_470）: メモ_25_xxxxxxxxxxxxxxxxxxxxxxxxxxxxxxxxxxxxxxxxxxxxxxxxxxxxxxxxxxxxxxxxxxxxxxxxxxxxxxxxxxxxxxxxxxxxxxxxxxxx
2026-09-07 18:20:01 [INFO] tools: メモを追加しました（memo_471）: メモ_26_xxxxxxxxxxxxxxxxxxxxxxxxxxxxxxxxxxxxxxxxxxxxxxxxxxxxxxxxxxxxxxxxxxxxxxxxxxxxxxxxxxxxxxxxxxxxxxxxxxxx
2026-09-07 18:20:01 [INFO] tools: メモを追加しました（memo_472）: メモ_27_xxxxxxxxxxxxxxxxxxxxxxxxxxxxxxxxxxxxxxxxxxxxxxxxxxxxxxxxxxxxxxxxxxxxxxxxxxxxxxxxxxxxxxxxxxxxxxxxxxxx
2026-09-07 18:20:01 [INFO] tools: メモを追加しました（memo_473）: メモ_28_xxxxxxxxxxxxxxxxxxxxxxxxxxxxxxxxxxxxxxxxxxxxxxxxxxxxxxxxxxxxxxxxxxxxxxxxxxxxxxxxxxxxxxxxxxxxxxxxxxxx
2026-09-07 18:20:01 [INFO] tools: メモを追加しました（memo_474）: メモ_29_xxxxxxxxxxxxxxxxxxxxxxxxxxxxxxxxxxxxxxxxxxxxxxxxxxxxxxxxxxxxxxxxxxxxxxxxxxxxxxxxxxxxxxxxxxxxxxxxxxxx
2026-09-07 18:20:01 [INFO] tools: メモを追加しました（memo_475）: メモ_30_xxxxxxxxxxxxxxxxxxxxxxxxxxxxxxxxxxxxxxxxxxxxxxxxxxxxxxxxxxxxxxxxxxxxxxxxxxxxxxxxxxxxxxxxxxxxxxxxxxxx
2026-09-07 18:20:01 [INFO] tools: メモを追加しました（memo_476）: メモ_31_xxxxxxxxxxxxxxxxxxxxxxxxxxxxxxxxxxxxxxxxxxxxxxxxxxxxxxxxxxxxxxxxxxxxxxxxxxxxxxxxxxxxxxxxxxxxxxxxxxxx
2026-09-07 18:20:01 [INFO] tools: メモを追加しました（memo_477）: メモ_32_xxxxxxxxxxxxxxxxxxxxxxxxxxxxxxxxxxxxxxxxxxxxxxxxxxxxxxxxxxxxxxxxxxxxxxxxxxxxxxxxxxxxxxxxxxxxxxxxxxxx
2026-09-07 18:20:01 [INFO] tools: メモを追加しました（memo_478）: メモ_33_xxxxxxxxxxxxxxxxxxxxxxxxxxxxxxxxxxxxxxxxxxxxxxxxxxxxxxxxxxxxxxxxxxxxxxxxxxxxxxxxxxxxxxxxxxxxxxxxxxxx
2026-09-07 18:20:01 [INFO] tools: メモを追加しました（memo_479）: メモ_34_xxxxxxxxxxxxxxxxxxxxxxxxxxxxxxxxxxxxxxxxxxxxxxxxxxxxxxxxxxxxxxxxxxxxxxxxxxxxxxxxxxxxxxxxxxxxxxxxxxxx
2026-09-07 18:20:01 [INFO] tools: メモを追加しました（memo_480）: メモ_35_xxxxxxxxxxxxxxxxxxxxxxxxxxxxxxxxxxxxxxxxxxxxxxxxxxxxxxxxxxxxxxxxxxxxxxxxxxxxxxxxxxxxxxxxxxxxxxxxxxxx
2026-09-07 18:20:01 [INFO] tools: メモを追加しました（memo_481）: メモ_36_xxxxxxxxxxxxxxxxxxxxxxxxxxxxxxxxxxxxxxxxxxxxxxxxxxxxxxxxxxxxxxxxxxxxxxxxxxxxxxxxxxxxxxxxxxxxxxxxxxxx
2026-09-07 18:20:01 [INFO] tools: メモを追加しました（memo_482）: メモ_37_xxxxxxxxxxxxxxxxxxxxxxxxxxxxxxxxxxxxxxxxxxxxxxxxxxxxxxxxxxxxxxxxxxxxxxxxxxxxxxxxxxxxxxxxxxxxxxxxxxxx
2026-09-07 18:20:01 [INFO] tools: メモを追加しました（memo_483）: メモ_38_xxxxxxxxxxxxxxxxxxxxxxxxxxxxxxxxxxxxxxxxxxxxxxxxxxxxxxxxxxxxxxxxxxxxxxxxxxxxxxxxxxxxxxxxxxxxxxxxxxxx
2026-09-07 18:20:01 [INFO] tools: メモを追加しました（memo_484）: メモ_39_xxxxxxxxxxxxxxxxxxxxxxxxxxxxxxxxxxxxxxxxxxxxxxxxxxxxxxxxxxxxxxxxxxxxxxxxxxxxxxxxxxxxxxxxxxxxxxxxxxxx
2026-09-07 18:20:01 [INFO] tools: メモを追加しました（memo_485）: メモ_40_xxxxxxxxxxxxxxxxxxxxxxxxxxxxxxxxxxxxxxxxxxxxxxxxxxxxxxxxxxxxxxxxxxxxxxxxxxxxxxxxxxxxxxxxxxxxxxxxxxxx
2026-09-07 18:20:01 [INFO] tools: メモを追加しました（memo_486）: メモ_41_xxxxxxxxxxxxxxxxxxxxxxxxxxxxxxxxxxxxxxxxxxxxxxxxxxxxxxxxxxxxxxxxxxxxxxxxxxxxxxxxxxxxxxxxxxxxxxxxxxxx
2026-09-07 18:20:01 [INFO] tools: メモを追加しました（memo_487）: メモ_42_xxxxxxxxxxxxxxxxxxxxxxxxxxxxxxxxxxxxxxxxxxxxxxxxxxxxxxxxxxxxxxxxxxxxxxxxxxxxxxxxxxxxxxxxxxxxxxxxxxxx
2026-09-07 18:20:01 [INFO] tools: メモを追加しました（memo_488）: メモ_43_xxxxxxxxxxxxxxxxxxxxxxxxxxxxxxxxxxxxxxxxxxxxxxxxxxxxxxxxxxxxxxxxxxxxxxxxxxxxxxxxxxxxxxxxxxxxxxxxxxxx
2026-09-07 18:20:01 [INFO] tools: メモを追加しました（memo_489）: メモ_44_xxxxxxxxxxxxxxxxxxxxxxxxxxxxxxxxxxxxxxxxxxxxxxxxxxxxxxxxxxxxxxxxxxxxxxxxxxxxxxxxxxxxxxxxxxxxxxxxxxxx
2026-09-07 18:20:01 [INFO] tools: メモを追加しました（memo_490）: メモ_45_xxxxxxxxxxxxxxxxxxxxxxxxxxxxxxxxxxxxxxxxxxxxxxxxxxxxxxxxxxxxxxxxxxxxxxxxxxxxxxxxxxxxxxxxxxxxxxxxxxxx
2026-09-07 18:20:01 [INFO] tools: メモを追加しました（memo_491）: メモ_46_xxxxxxxxxxxxxxxxxxxxxxxxxxxxxxxxxxxxxxxxxxxxxxxxxxxxxxxxxxxxxxxxxxxxxxxxxxxxxxxxxxxxxxxxxxxxxxxxxxxx
2026-09-07 18:20:01 [INFO] tools: メモを追加しました（memo_492）: メモ_47_xxxxxxxxxxxxxxxxxxxxxxxxxxxxxxxxxxxxxxxxxxxxxxxxxxxxxxxxxxxxxxxxxxxxxxxxxxxxxxxxxxxxxxxxxxxxxxxxxxxx
2026-09-07 18:20:01 [INFO] tools: メモを追加しました（memo_493）: メモ_48_xxxxxxxxxxxxxxxxxxxxxxxxxxxxxxxxxxxxxxxxxxxxxxxxxxxxxxxxxxxxxxxxxxxxxxxxxxxxxxxxxxxxxxxxxxxxxxxxxxxx
2026-09-07 18:20:01 [INFO] tools: メモを追加しました（memo_494）: メモ_49_xxxxxxxxxxxxxxxxxxxxxxxxxxxxxxxxxxxxxxxxxxxxxxxxxxxxxxxxxxxxxxxxxxxxxxxxxxxxxxxxxxxxxxxxxxxxxxxxxxxx
2026-09-07 18:20:01 [INFO] tools: メモを追加しました（memo_495）: メモ_50_xxxxxxxxxxxxxxxxxxxxxxxxxxxxxxxxxxxxxxxxxxxxxxxxxxxxxxxxxxxxxxxxxxxxxxxxxxxxxxxxxxxxxxxxxxxxxxxxxxxx
2026-09-07 18:20:01 [INFO] tools: メモを追加しました（memo_496）: メモ_51_xxxxxxxxxxxxxxxxxxxxxxxxxxxxxxxxxxxxxxxxxxxxxxxxxxxxxxxxxxxxxxxxxxxxxxxxxxxxxxxxxxxxxxxxxxxxxxxxxxxx
2026-09-07 18:20:01 [INFO] tools: メモを追加しました（memo_497）: メモ_52_xxxxxxxxxxxxxxxxxxxxxxxxxxxxxxxxxxxxxxxxxxxxxxxxxxxxxxxxxxxxxxxxxxxxxxxxxxxxxxxxxxxxxxxxxxxxxxxxxxxx
2026-09-07 18:20:01 [INFO] tools: メモを追加しました（memo_498）: メモ_53_xxxxxxxxxxxxxxxxxxxxxxxxxxxxxxxxxxxxxxxxxxxxxxxxxxxxxxxxxxxxxxxxxxxxxxxxxxxxxxxxxxxxxxxxxxxxxxxxxxxx
2026-09-07 18:20:01 [INFO] tools: メモを追加しました（memo_499）: メモ_54_xxxxxxxxxxxxxxxxxxxxxxxxxxxxxxxxxxxxxxxxxxxxxxxxxxxxxxxxxxxxxxxxxxxxxxxxxxxxxxxxxxxxxxxxxxxxxxxxxxxx
2026-09-07 18:20:01 [INFO] tools: メモを追加しました（memo_500）: メモ_55_xxxxxxxxxxxxxxxxxxxxxxxxxxxxxxxxxxxxxxxxxxxxxxxxxxxxxxxxxxxxxxxxxxxxxxxxxxxxxxxxxxxxxxxxxxxxxxxxxxxx
2026-09-07 18:20:01 [INFO] tools: メモを追加しました（memo_501）: メモ_56_xxxxxxxxxxxxxxxxxxxxxxxxxxxxxxxxxxxxxxxxxxxxxxxxxxxxxxxxxxxxxxxxxxxxxxxxxxxxxxxxxxxxxxxxxxxxxxxxxxxx
2026-09-07 18:20:01 [INFO] tools: メモを追加しました（memo_502）: メモ_57_xxxxxxxxxxxxxxxxxxxxxxxxxxxxxxxxxxxxxxxxxxxxxxxxxxxxxxxxxxxxxxxxxxxxxxxxxxxxxxxxxxxxxxxxxxxxxxxxxxxx
2026-09-07 18:20:01 [INFO] tools: メモを追加しました（memo_503）: メモ_58_xxxxxxxxxxxxxxxxxxxxxxxxxxxxxxxxxxxxxxxxxxxxxxxxxxxxxxxxxxxxxxxxxxxxxxxxxxxxxxxxxxxxxxxxxxxxxxxxxxxx
2026-09-07 18:20:01 [INFO] tools: メモを追加しました（memo_504）: メモ_59_xxxxxxxxxxxxxxxxxxxxxxxxxxxxxxxxxxxxxxxxxxxxxxxxxxxxxxxxxxxxxxxxxxxxxxxxxxxxxxxxxxxxxxxxxxxxxxxxxxxx
2026-09-07 18:20:01 [INFO] tools: メモ一覧を取得しました（60件）
2026-09-07 18:20:01 [INFO] db: SQLiteデータベースを初期化しました: C:\Users\kouki\Downloads\j\jarvis.db
2026-09-07 18:20:01 [INFO] db: SQLiteデータベースを初期化しました: C:\Users\kouki\Downloads\j\jarvis.db
2026-09-07 18:20:01 [INFO] db: SQLiteデータベースを初期化しました: C:\Users\kouki\Downloads\j\jarvis.db
2026-09-07 18:20:01 [INFO] db: SQLiteデータベースを初期化しました: C:\Users\kouki\Downloads\j\jarvis.db
2026-09-07 18:20:01 [INFO] tools: メモを追加しました（memo_505）: 明日の会議は15時から
2026-09-07 18:20:01 [INFO] tools: メモを検索しました（キーワード: 会議、結果: 1件）
2026-09-07 18:20:01 [INFO] db: SQLiteデータベースを初期化しました: C:\Users\kouki\Downloads\j\jarvis.db
2026-09-07 18:20:01 [INFO] db: SQLiteデータベースを初期化しました: C:\Users\kouki\Downloads\j\jarvis.db
2026-09-07 18:20:01 [INFO] tools: メモを追加しました（memo_506）: 8月28日の会議
2026-09-07 18:20:01 [WARNING] tools: ⚠️ 時刻関連クエリがメモとして渡された可能性があります。正常な呼び出しか確認してください: '次の会議は明日'
2026-09-07 18:20:01 [INFO] tools: メモを追加しました（memo_507）: 買い物リスト
2026-09-07 18:20:01 [INFO] tools: メモを検索しました（キーワード: 会議、結果: 1件）
2026-09-07 18:20:01 [INFO] db: SQLiteデータベースを初期化しました: C:\Users\kouki\Downloads\j\jarvis.db
2026-09-07 18:20:01 [INFO] db: SQLiteデータベースを初期化しました: C:\Users\kouki\Downloads\j\jarvis.db
2026-09-07 18:20:01 [INFO] tools: メモを追加しました（memo_508）: Meeting tomorrow at 15:00
2026-09-07 18:20:01 [INFO] tools: メモを検索しました（キーワード: meeting、結果: 1件）
2026-09-07 18:20:01 [INFO] db: SQLiteデータベースを初期化しました: C:\Users\kouki\Downloads\j\jarvis.db
2026-09-07 18:20:01 [INFO] db: SQLiteデータベースを初期化しました: C:\Users\kouki\Downloads\j\jarvis.db
2026-09-07 18:20:01 [WARNING] tools: search_memos: バリデーション失敗: 検索キーワードが空です。内容を指定してください。
2026-09-07 18:20:01 [INFO] db: SQLiteデータベースを初期化しました: C:\Users\kouki\Downloads\j\jarvis.db
2026-09-07 18:20:01 [INFO] db: SQLiteデータベースを初期化しました: C:\Users\kouki\Downloads\j\jarvis.db
2026-09-07 18:20:01 [WARNING] tools: 検索キーワードに疑わしい文字が含まれています: "'; DROP TABLE memos; --"
2026-09-07 18:20:01 [INFO] db: SQLiteデータベースを初期化しました: C:\Users\kouki\Downloads\j\jarvis.db
2026-09-07 18:20:01 [INFO] db: SQLiteデータベースを初期化しました: C:\Users\kouki\Downloads\j\jarvis.db
2026-09-07 18:20:01 [INFO] tools: メモを追加しました（memo_509）: 買い物
2026-09-07 18:20:01 [INFO] tools: メモを完了状態にしました（memo_509）
2026-09-07 18:20:01 [INFO] db: SQLiteデータベースを初期化しました: C:\Users\kouki\Downloads\j\jarvis.db
2026-09-07 18:20:01 [INFO] db: SQLiteデータベースを初期化しました: C:\Users\kouki\Downloads\j\jarvis.db
2026-09-07 18:20:01 [INFO] db: SQLiteデータベースを初期化しました: C:\Users\kouki\Downloads\j\jarvis.db
2026-09-07 18:20:01 [INFO] db: SQLiteデータベースを初期化しました: C:\Users\kouki\Downloads\j\jarvis.db
2026-09-07 18:20:01 [INFO] db: SQLiteデータベースを初期化しました: C:\Users\kouki\Downloads\j\jarvis.db
2026-09-07 18:20:01 [INFO] db: SQLiteデータベースを初期化しました: C:\Users\kouki\Downloads\j\jarvis.db
2026-09-07 18:20:01 [INFO] db: SQLiteデータベースを初期化しました: C:\Users\kouki\Downloads\j\jarvis.db
2026-09-07 18:20:01 [INFO] db: SQLiteデータベースを初期化しました: C:\Users\kouki\Downloads\j\jarvis.db
2026-09-07 18:20:01 [INFO] tools: メモを追加しました（memo_510）: 残すメモ
2026-09-07 18:20:01 [INFO] tools: メモを追加しました（memo_511）: 削除するメモ
2026-09-07 18:20:01 [INFO] tools: メモを削除しました（memo_511）
2026-09-07 18:20:01 [INFO] tools: メモ一覧を取得しました（1件）
2026-09-07 18:20:01 [INFO] tools: メモ一覧を取得しました（1件）
2026-09-07 18:20:01 [INFO] db: SQLiteデータベースを初期化しました: C:\Users\kouki\Downloads\j\jarvis.db
2026-09-07 18:20:01 [INFO] db: SQLiteデータベースを初期化しました: C:\Users\kouki\Downloads\j\jarvis.db
2026-09-07 18:20:01 [INFO] db: SQLiteデータベースを初期化しました: C:\Users\kouki\Downloads\j\jarvis.db
2026-09-07 18:20:01 [INFO] db: SQLiteデータベースを初期化しました: C:\Users\kouki\Downloads\j\jarvis.db
2026-09-07 18:20:01 [INFO] tools: メモを追加しました（memo_512）: メモ1
2026-09-07 18:20:01 [INFO] tools: メモを追加しました（memo_513）: メモ2
2026-09-07 18:20:01 [INFO] tools: 通常メモを全削除しました: 2件
2026-09-07 18:20:01 [INFO] db: SQLiteデータベースを初期化しました: C:\Users\kouki\Downloads\j\jarvis.db
2026-09-07 18:20:02 [INFO] db: SQLiteデータベースを初期化しました: C:\Users\kouki\Downloads\j\jarvis.db
2026-09-07 18:20:02 [INFO] tools: メモを追加しました（memo_514）: 8月28日(金) 15:00 歯医者
2026-09-07 18:20:02 [INFO] tools: メモ一覧を取得しました（1件）
2026-09-07 18:20:02 [INFO] tools: メモを検索しました（キーワード: 歯医者、結果: 1件）
2026-09-07 18:20:02 [INFO] tools: メモを完了状態にしました（memo_514）
2026-09-07 18:20:02 [INFO] tools: メモ一覧を取得しました（1件）
2026-09-07 18:20:02 [INFO] db: SQLiteデータベースを初期化しました: C:\Users\kouki\Downloads\j\jarvis.db
2026-09-07 18:20:02 [INFO] db: SQLiteデータベースを初期化しました: C:\Users\kouki\Downloads\j\jarvis.db
2026-09-07 18:20:02 [INFO] tools: メモを追加しました（memo_515）: 買い物：牛乳、パン
2026-09-07 18:20:02 [INFO] tools: メモを追加しました（memo_516）: 会議準備：資料印刷
2026-09-07 18:20:02 [INFO] tools: メモを追加しました（memo_517）: 電話：田中さんへ連絡
2026-09-07 18:20:02 [INFO] tools: メモを検索しました（キーワード: 会議、結果: 1件）
2026-09-07 18:20:02 [INFO] tools: メモを検索しました（キーワード: ：、結果: 3件）
2026-09-07 20:31:51 [INFO] env_validation: 環境変数チェック完了: すべての必須変数が設定されています。
2026-09-07 20:31:51 [INFO] db: SQLiteデータベースを初期化しました: C:\Users\kouki\Downloads\j\jarvis.db
2026-09-07 20:35:57 [INFO] env_validation: 環境変数チェック完了: すべての必須変数が設定されています。
2026-09-07 20:35:57 [INFO] db: SQLiteデータベースを初期化しました: C:\Users\kouki\Downloads\j\jarvis.db
2026-09-07 20:46:35 [INFO] __main__: タスクスケジューラに登録します: schtasks /create /tn JarvisCore /tr cmd.exe /d /c call "C:\Users\kouki\Downloads\j\_jarvis_core_launcher.bat" /sc onlogon /rl limited /f
2026-09-07 20:46:35 [INFO] __main__: 登録に成功しました。次回ログイン時からJarvis Coreが自動起動します。
2026-09-07 20:48:48 [INFO] env_validation: 環境変数チェック完了: すべての必須変数が設定されています。
2026-09-07 20:48:48 [INFO] db: SQLiteデータベースを初期化しました: C:\Users\kouki\Downloads\j\jarvis.db
2026-09-08 19:37:52 [INFO] db: SQLiteデータベースを初期化しました: C:\Users\kouki\AppData\Local\Temp\pytest-of-kouki\pytest-38\test_get_memos_returns_structu0\core_api.db
2026-09-08 19:37:52 [INFO] tools: メモを追加しました（memo_1）: APIから確認するメモ
2026-09-08 19:37:52 [INFO] db: SQLiteデータベースを初期化しました: C:\Users\kouki\AppData\Local\Temp\pytest-of-kouki\pytest-38\test_delete_normal_memo_return0\core_api.db
2026-09-08 19:37:53 [INFO] db: SQLiteデータベースを初期化しました: C:\Users\kouki\AppData\Local\Temp\pytest-of-kouki\pytest-38\test_delete_all_normal_memos_r0\core_api.db
2026-09-08 19:37:53 [INFO] tools: メモを追加しました（memo_1）: 削除対象1
2026-09-08 19:37:53 [INFO] tools: メモを追加しました（memo_2）: 削除対象2
2026-09-08 19:37:53 [INFO] tools: 通常メモを全削除しました: 2件
2026-09-08 19:37:53 [INFO] db: SQLiteデータベースを初期化しました: C:\Users\kouki\AppData\Local\Temp\pytest-of-kouki\pytest-38\test_move_pc_file_records_succ0\core_api.db
2026-09-08 19:37:53 [INFO] pc_tools: Windows通知を表示しました: Jarvis
2026-09-08 19:38:20 [ERROR] llm_client: Gemini APIが空のレスポンスを返しました。
2026-09-08 19:38:20 [INFO] db: SQLiteデータベースを初期化しました: C:\Users\kouki\AppData\Local\Temp\pytest-of-kouki\pytest-39\test_get_memos_returns_structu0\core_api.db
2026-09-08 19:38:20 [INFO] tools: メモを追加しました（memo_1）: APIから確認するメモ
2026-09-08 19:38:20 [INFO] db: SQLiteデータベースを初期化しました: C:\Users\kouki\AppData\Local\Temp\pytest-of-kouki\pytest-39\test_delete_normal_memo_return0\core_api.db
2026-09-08 19:38:20 [INFO] db: SQLiteデータベースを初期化しました: C:\Users\kouki\AppData\Local\Temp\pytest-of-kouki\pytest-39\test_delete_all_normal_memos_r0\core_api.db
2026-09-08 19:38:20 [INFO] tools: メモを追加しました（memo_1）: 削除対象1
2026-09-08 19:38:20 [INFO] tools: メモを追加しました（memo_2）: 削除対象2
2026-09-08 19:38:20 [INFO] tools: 通常メモを全削除しました: 2件
2026-09-08 19:38:20 [INFO] db: SQLiteデータベースを初期化しました: C:\Users\kouki\AppData\Local\Temp\pytest-of-kouki\pytest-39\test_move_pc_file_records_succ0\core_api.db
2026-09-08 19:38:21 [INFO] db: SQLiteデータベースを初期化しました: C:\Users\kouki\AppData\Local\Temp\pytest-of-kouki\pytest-39\test_rag_pdf_upload_simulation0\test_jarvis.db
2026-09-08 19:38:21 [INFO] db: SQLiteデータベースを初期化しました: C:\Users\kouki\AppData\Local\Temp\pytest-of-kouki\pytest-39\test_rag_embedding_and_storage0\test_jarvis.db
2026-09-08 19:38:21 [INFO] db: SQLiteデータベースを初期化しました: C:\Users\kouki\AppData\Local\Temp\pytest-of-kouki\pytest-39\test_rag_similarity_search_and0\test_jarvis.db
2026-09-08 19:38:21 [INFO] db: SQLiteデータベースを初期化しました: C:\Users\kouki\AppData\Local\Temp\pytest-of-kouki\pytest-39\test_rag_document_ranking_by_s0\test_jarvis.db
2026-09-08 19:38:21 [INFO] db: SQLiteデータベースを初期化しました: C:\Users\kouki\AppData\Local\Temp\pytest-of-kouki\pytest-39\test_chat_single_turn_flow0\test_jarvis.db
2026-09-08 19:38:21 [INFO] db: SQLiteデータベースを初期化しました: C:\Users\kouki\AppData\Local\Temp\pytest-of-kouki\pytest-39\test_chat_multi_turn_conversat0\test_jarvis.db
2026-09-08 19:38:21 [INFO] db: SQLiteデータベースを初期化しました: C:\Users\kouki\AppData\Local\Temp\pytest-of-kouki\pytest-39\test_chat_tool_invocation_memo0\test_jarvis.db
2026-09-08 19:38:22 [INFO] tools: メモを追加しました（memo_1）: Meeting with John at 3 PM on August 28
2026-09-08 19:38:22 [INFO] tools: メモ一覧を取得しました（1件）
2026-09-08 19:38:22 [INFO] db: SQLiteデータベースを初期化しました: C:\Users\kouki\AppData\Local\Temp\pytest-of-kouki\pytest-39\test_memo_add_and_list0\test_jarvis.db
2026-09-08 19:38:22 [INFO] tools: メモを追加しました（memo_1）: Buy groceries
2026-09-08 19:38:22 [INFO] tools: メモを追加しました（memo_2）: Call dentist
2026-09-08 19:38:22 [INFO] tools: メモ一覧を取得しました（2件）
2026-09-08 19:38:22 [INFO] db: SQLiteデータベースを初期化しました: C:\Users\kouki\AppData\Local\Temp\pytest-of-kouki\pytest-39\test_memo_search_functionality0\test_jarvis.db
2026-09-08 19:38:22 [INFO] tools: メモを追加しました（memo_1）: Dentist appointment on Friday
2026-09-08 19:38:22 [INFO] tools: メモを追加しました（memo_2）: Coffee meeting Monday
2026-09-08 19:38:22 [INFO] tools: メモを追加しました（memo_3）: Doctor checkup Wednesday
2026-09-08 19:38:22 [INFO] tools: メモを検索しました（キーワード: dentist、結果: 1件）
2026-09-08 19:38:22 [INFO] db: SQLiteデータベースを初期化しました: C:\Users\kouki\AppData\Local\Temp\pytest-of-kouki\pytest-39\test_memo_mark_done0\test_jarvis.db
2026-09-08 19:38:22 [INFO] tools: メモを追加しました（memo_1）: Complete project report
2026-09-08 19:38:22 [INFO] tools: メモ一覧を取得しました（1件）
2026-09-08 19:38:22 [INFO] tools: メモを完了状態にしました（memo_1）
2026-09-08 19:38:22 [INFO] tools: メモ一覧を取得しました（1件）
2026-09-08 19:38:22 [INFO] db: SQLiteデータベースを初期化しました: C:\Users\kouki\AppData\Local\Temp\pytest-of-kouki\pytest-39\test_memo_concurrent_add_opera0\test_jarvis.db
2026-09-08 19:38:22 [INFO] tools: メモを追加しました（memo_1）: Memo 0
2026-09-08 19:38:22 [INFO] tools: メモを追加しました（memo_2）: Memo 1
2026-09-08 19:38:22 [INFO] tools: メモを追加しました（memo_3）: Memo 2
2026-09-08 19:38:22 [INFO] tools: メモを追加しました（memo_4）: Memo 3
2026-09-08 19:38:22 [INFO] tools: メモを追加しました（memo_5）: Memo 4
2026-09-08 19:38:22 [INFO] tools: メモを追加しました（memo_6）: Memo 5
2026-09-08 19:38:22 [INFO] tools: メモを追加しました（memo_7）: Memo 6
2026-09-08 19:38:22 [INFO] tools: メモを追加しました（memo_8）: Memo 7
2026-09-08 19:38:22 [INFO] tools: メモを追加しました（memo_9）: Memo 8
2026-09-08 19:38:22 [INFO] tools: メモを追加しました（memo_10）: Memo 9
2026-09-08 19:38:22 [INFO] tools: メモ一覧を取得しました（10件）
2026-09-08 19:38:22 [INFO] db: SQLiteデータベースを初期化しました: C:\Users\kouki\AppData\Local\Temp\pytest-of-kouki\pytest-39\test_memo_validation_rejects_t0\test_jarvis.db
2026-09-08 19:38:22 [WARNING] tools: ⚠️ 時刻関連クエリがメモとして渡された可能性があります。正常な呼び出しか確認してください: '何時？'
2026-09-08 19:38:22 [INFO] db: SQLiteデータベースを初期化しました: C:\Users\kouki\AppData\Local\Temp\pytest-of-kouki\pytest-39\test_chat_session_create_and_r0\test_jarvis.db
2026-09-08 19:38:22 [INFO] db: SQLiteデータベースを初期化しました: C:\Users\kouki\AppData\Local\Temp\pytest-of-kouki\pytest-39\test_chat_session_persistence_0\test_jarvis.db
2026-09-08 19:38:23 [INFO] db: SQLiteデータベースを初期化しました: C:\Users\kouki\AppData\Local\Temp\pytest-of-kouki\pytest-39\test_chat_session_multiple_ses0\test_jarvis.db
2026-09-08 19:38:23 [INFO] db: SQLiteデータベースを初期化しました: C:\Users\kouki\AppData\Local\Temp\pytest-of-kouki\pytest-39\test_chat_session_history_buil0\test_jarvis.db
2026-09-08 19:38:23 [INFO] db: SQLiteデータベースを初期化しました: C:\Users\kouki\AppData\Local\Temp\pytest-of-kouki\pytest-39\test_error_database_connection0\test_jarvis.db
2026-09-08 19:38:23 [INFO] db: SQLiteデータベースを初期化しました: C:\Users\kouki\AppData\Local\Temp\pytest-of-kouki\pytest-39\test_error_invalid_memo_text0\test_jarvis.db
2026-09-08 19:38:23 [WARNING] tools: add_memo: バリデーション失敗: メモのテキストが空です。内容を指定してください。
2026-09-08 19:38:23 [WARNING] tools: add_memo: バリデーション失敗: メモのテキストが短すぎます（最小2文字）: ''
2026-09-08 19:38:23 [WARNING] tools: add_memo: バリデーション失敗: メモのテキストが短すぎます（最小2文字）: 'a'
2026-09-08 19:38:23 [INFO] db: SQLiteデータベースを初期化しました: C:\Users\kouki\AppData\Local\Temp\pytest-of-kouki\pytest-39\test_error_malformed_chat_data0\test_jarvis.db
2026-09-08 19:38:23 [INFO] db: SQLiteデータベースを初期化しました: C:\Users\kouki\AppData\Local\Temp\pytest-of-kouki\pytest-39\test_error_gemini_api_failure_0\test_jarvis.db
2026-09-08 19:38:23 [INFO] db: SQLiteデータベースを初期化しました: C:\Users\kouki\AppData\Local\Temp\pytest-of-kouki\pytest-39\test_error_search_with_invalid0\test_jarvis.db
2026-09-08 19:38:23 [INFO] tools: メモを追加しました（memo_1）: Test memo
2026-09-08 19:38:23 [WARNING] tools: 検索キーワードに疑わしい文字が含まれています: "'; DROP TABLE memos; --"
2026-09-08 19:38:23 [WARNING] tools: 検索キーワードに疑わしい文字が含まれています: '% OR 1=1 --'
2026-09-08 19:38:23 [INFO] tools: メモを検索しました（キーワード:  null byte、結果: 1件）
2026-09-08 19:38:23 [INFO] db: SQLiteデータベースを初期化しました: C:\Users\kouki\AppData\Local\Temp\pytest-of-kouki\pytest-39\test_scenario_complete_memo_wo0\test_jarvis.db
2026-09-08 19:38:23 [INFO] tools: メモを追加しました（memo_1）: Prepare presentation for meeting
2026-09-08 19:38:23 [INFO] tools: メモを追加しました（memo_2）: Review pull requests
2026-09-08 19:38:23 [INFO] tools: メモを追加しました（memo_3）: Update project documentation
2026-09-08 19:38:23 [INFO] tools: メモを追加しました（memo_4）: Schedule team sync
2026-09-08 19:38:23 [INFO] tools: メモ一覧を取得しました（4件）
2026-09-08 19:38:23 [INFO] tools: メモを検索しました（キーワード: presentation、結果: 1件）
2026-09-08 19:38:23 [INFO] tools: メモを完了状態にしました（memo_1）
2026-09-08 19:38:23 [INFO] tools: メモ一覧を取得しました（4件）
2026-09-08 19:38:23 [INFO] db: SQLiteデータベースを初期化しました: C:\Users\kouki\AppData\Local\Temp\pytest-of-kouki\pytest-39\test_scenario_multi_turn_chat_0\test_jarvis.db
2026-09-08 19:38:23 [INFO] tools: メモを追加しました（memo_1）: Remind me to call John tomorrow
2026-09-08 19:38:24 [INFO] tools: メモを追加しました（memo_2）: Add a memo: prepare slides for presentation
2026-09-08 19:38:24 [INFO] tools: メモを追加しました（memo_3）: What memos do I have?
2026-09-08 19:38:24 [INFO] tools: メモ一覧を取得しました（3件）
2026-09-08 19:38:24 [INFO] db: SQLiteデータベースを初期化しました: C:\Users\kouki\AppData\Local\Temp\pytest-of-kouki\pytest-39\test_scenario_rag_search_in_ch0\test_jarvis.db
2026-09-08 19:38:24 [INFO] db: SQLiteデータベースを初期化しました: C:\Users\kouki\AppData\Local\Temp\pytest-of-kouki\pytest-39\test_large_memo_list_handling0\test_jarvis.db
2026-09-08 19:38:24 [INFO] tools: メモを追加しました（memo_1）: Memo item 0
2026-09-08 19:38:24 [INFO] tools: メモを追加しました（memo_2）: Memo item 1
2026-09-08 19:38:24 [INFO] tools: メモを追加しました（memo_3）: Memo item 2
2026-09-08 19:38:24 [INFO] tools: メモを追加しました（memo_4）: Memo item 3
2026-09-08 19:38:24 [INFO] tools: メモを追加しました（memo_5）: Memo item 4
2026-09-08 19:38:24 [INFO] tools: メモを追加しました（memo_6）: Memo item 5
2026-09-08 19:38:24 [INFO] tools: メモを追加しました（memo_7）: Memo item 6
2026-09-08 19:38:24 [INFO] tools: メモを追加しました（memo_8）: Memo item 7
2026-09-08 19:38:24 [INFO] tools: メモを追加しました（memo_9）: Memo item 8
2026-09-08 19:38:24 [INFO] tools: メモを追加しました（memo_10）: Memo item 9
2026-09-08 19:38:24 [INFO] tools: メモを追加しました（memo_11）: Memo item 10
2026-09-08 19:38:24 [INFO] tools: メモを追加しました（memo_12）: Memo item 11
2026-09-08 19:38:24 [INFO] tools: メモを追加しました（memo_13）: Memo item 12
2026-09-08 19:38:24 [INFO] tools: メモを追加しました（memo_14）: Memo item 13
2026-09-08 19:38:24 [INFO] tools: メモを追加しました（memo_15）: Memo item 14
2026-09-08 19:38:24 [INFO] tools: メモを追加しました（memo_16）: Memo item 15
2026-09-08 19:38:24 [INFO] tools: メモを追加しました（memo_17）: Memo item 16
2026-09-08 19:38:24 [INFO] tools: メモを追加しました（memo_18）: Memo item 17
2026-09-08 19:38:24 [INFO] tools: メモを追加しました（memo_19）: Memo item 18
2026-09-08 19:38:24 [INFO] tools: メモを追加しました（memo_20）: Memo item 19
2026-09-08 19:38:24 [INFO] tools: メモを追加しました（memo_21）: Memo item 20
2026-09-08 19:38:24 [INFO] tools: メモを追加しました（memo_22）: Memo item 21
2026-09-08 19:38:25 [INFO] tools: メモを追加しました（memo_23）: Memo item 22
2026-09-08 19:38:25 [INFO] tools: メモを追加しました（memo_24）: Memo item 23
2026-09-08 19:38:25 [INFO] tools: メモを追加しました（memo_25）: Memo item 24
2026-09-08 19:38:25 [INFO] tools: メモを追加しました（memo_26）: Memo item 25
2026-09-08 19:38:25 [INFO] tools: メモを追加しました（memo_27）: Memo item 26
2026-09-08 19:38:25 [INFO] tools: メモを追加しました（memo_28）: Memo item 27
2026-09-08 19:38:25 [INFO] tools: メモを追加しました（memo_29）: Memo item 28
2026-09-08 19:38:25 [INFO] tools: メモを追加しました（memo_30）: Memo item 29
2026-09-08 19:38:25 [INFO] tools: メモを追加しました（memo_31）: Memo item 30
2026-09-08 19:38:25 [INFO] tools: メモを追加しました（memo_32）: Memo item 31
2026-09-08 19:38:25 [INFO] tools: メモを追加しました（memo_33）: Memo item 32
2026-09-08 19:38:25 [INFO] tools: メモを追加しました（memo_34）: Memo item 33
2026-09-08 19:38:25 [INFO] tools: メモを追加しました（memo_35）: Memo item 34
2026-09-08 19:38:25 [INFO] tools: メモを追加しました（memo_36）: Memo item 35
2026-09-08 19:38:25 [INFO] tools: メモを追加しました（memo_37）: Memo item 36
2026-09-08 19:38:25 [INFO] tools: メモを追加しました（memo_38）: Memo item 37
2026-09-08 19:38:25 [INFO] tools: メモを追加しました（memo_39）: Memo item 38
2026-09-08 19:38:25 [INFO] tools: メモを追加しました（memo_40）: Memo item 39
2026-09-08 19:38:25 [INFO] tools: メモを追加しました（memo_41）: Memo item 40
2026-09-08 19:38:25 [INFO] tools: メモを追加しました（memo_42）: Memo item 41
2026-09-08 19:38:25 [INFO] tools: メモを追加しました（memo_43）: Memo item 42
2026-09-08 19:38:25 [INFO] tools: メモを追加しました（memo_44）: Memo item 43
2026-09-08 19:38:25 [INFO] tools: メモを追加しました（memo_45）: Memo item 44
2026-09-08 19:38:25 [INFO] tools: メモを追加しました（memo_46）: Memo item 45
2026-09-08 19:38:25 [INFO] tools: メモを追加しました（memo_47）: Memo item 46
2026-09-08 19:38:25 [INFO] tools: メモを追加しました（memo_48）: Memo item 47
2026-09-08 19:38:25 [INFO] tools: メモを追加しました（memo_49）: Memo item 48
2026-09-08 19:38:25 [INFO] tools: メモを追加しました（memo_50）: Memo item 49
2026-09-08 19:38:25 [INFO] tools: メモを追加しました（memo_51）: Memo item 50
2026-09-08 19:38:25 [INFO] tools: メモを追加しました（memo_52）: Memo item 51
2026-09-08 19:38:25 [INFO] tools: メモを追加しました（memo_53）: Memo item 52
2026-09-08 19:38:25 [INFO] tools: メモを追加しました（memo_54）: Memo item 53
2026-09-08 19:38:25 [INFO] tools: メモを追加しました（memo_55）: Memo item 54
2026-09-08 19:38:25 [INFO] tools: メモを追加しました（memo_56）: Memo item 55
2026-09-08 19:38:25 [INFO] tools: メモを追加しました（memo_57）: Memo item 56
2026-09-08 19:38:25 [INFO] tools: メモを追加しました（memo_58）: Memo item 57
2026-09-08 19:38:25 [INFO] tools: メモを追加しました（memo_59）: Memo item 58
2026-09-08 19:38:25 [INFO] tools: メモを追加しました（memo_60）: Memo item 59
2026-09-08 19:38:25 [INFO] tools: メモを追加しました（memo_61）: Memo item 60
2026-09-08 19:38:25 [INFO] tools: メモを追加しました（memo_62）: Memo item 61
2026-09-08 19:38:25 [INFO] tools: メモを追加しました（memo_63）: Memo item 62
2026-09-08 19:38:25 [INFO] tools: メモを追加しました（memo_64）: Memo item 63
2026-09-08 19:38:25 [INFO] tools: メモを追加しました（memo_65）: Memo item 64
2026-09-08 19:38:25 [INFO] tools: メモを追加しました（memo_66）: Memo item 65
2026-09-08 19:38:25 [INFO] tools: メモを追加しました（memo_67）: Memo item 66
2026-09-08 19:38:25 [INFO] tools: メモを追加しました（memo_68）: Memo item 67
2026-09-08 19:38:25 [INFO] tools: メモを追加しました（memo_69）: Memo item 68
2026-09-08 19:38:25 [INFO] tools: メモを追加しました（memo_70）: Memo item 69
2026-09-08 19:38:25 [INFO] tools: メモを追加しました（memo_71）: Memo item 70
2026-09-08 19:38:25 [INFO] tools: メモを追加しました（memo_72）: Memo item 71
2026-09-08 19:38:25 [INFO] tools: メモを追加しました（memo_73）: Memo item 72
2026-09-08 19:38:25 [INFO] tools: メモを追加しました（memo_74）: Memo item 73
2026-09-08 19:38:26 [INFO] tools: メモを追加しました（memo_75）: Memo item 74
2026-09-08 19:38:26 [INFO] tools: メモを追加しました（memo_76）: Memo item 75
2026-09-08 19:38:26 [INFO] tools: メモを追加しました（memo_77）: Memo item 76
2026-09-08 19:38:26 [INFO] tools: メモを追加しました（memo_78）: Memo item 77
2026-09-08 19:38:26 [INFO] tools: メモを追加しました（memo_79）: Memo item 78
2026-09-08 19:38:26 [INFO] tools: メモを追加しました（memo_80）: Memo item 79
2026-09-08 19:38:26 [INFO] tools: メモを追加しました（memo_81）: Memo item 80
2026-09-08 19:38:26 [INFO] tools: メモを追加しました（memo_82）: Memo item 81
2026-09-08 19:38:26 [INFO] tools: メモを追加しました（memo_83）: Memo item 82
2026-09-08 19:38:26 [INFO] tools: メモを追加しました（memo_84）: Memo item 83
2026-09-08 19:38:26 [INFO] tools: メモを追加しました（memo_85）: Memo item 84
2026-09-08 19:38:26 [INFO] tools: メモを追加しました（memo_86）: Memo item 85
2026-09-08 19:38:26 [INFO] tools: メモを追加しました（memo_87）: Memo item 86
2026-09-08 19:38:26 [INFO] tools: メモを追加しました（memo_88）: Memo item 87
2026-09-08 19:38:26 [INFO] tools: メモを追加しました（memo_89）: Memo item 88
2026-09-08 19:38:26 [INFO] tools: メモを追加しました（memo_90）: Memo item 89
2026-09-08 19:38:26 [INFO] tools: メモを追加しました（memo_91）: Memo item 90
2026-09-08 19:38:26 [INFO] tools: メモを追加しました（memo_92）: Memo item 91
2026-09-08 19:38:26 [INFO] tools: メモを追加しました（memo_93）: Memo item 92
2026-09-08 19:38:26 [INFO] tools: メモを追加しました（memo_94）: Memo item 93
2026-09-08 19:38:26 [INFO] tools: メモを追加しました（memo_95）: Memo item 94
2026-09-08 19:38:26 [INFO] tools: メモを追加しました（memo_96）: Memo item 95
2026-09-08 19:38:26 [INFO] tools: メモを追加しました（memo_97）: Memo item 96
2026-09-08 19:38:26 [INFO] tools: メモを追加しました（memo_98）: Memo item 97
2026-09-08 19:38:26 [INFO] tools: メモを追加しました（memo_99）: Memo item 98
2026-09-08 19:38:26 [INFO] tools: メモを追加しました（memo_100）: Memo item 99
2026-09-08 19:38:26 [INFO] tools: メモ一覧を取得しました（100件）
2026-09-08 19:38:26 [INFO] db: SQLiteデータベースを初期化しました: C:\Users\kouki\AppData\Local\Temp\pytest-of-kouki\pytest-39\test_large_chat_history_buildi0\test_jarvis.db
2026-09-08 19:38:26 [INFO] db: SQLiteデータベースを初期化しました: C:\Users\kouki\AppData\Local\Temp\pytest-of-kouki\pytest-39\test_database_table_row_counts0\test_jarvis.db
2026-09-08 19:38:26 [INFO] tools: メモを追加しました（memo_1）: Test memo 1
2026-09-08 19:38:26 [INFO] tools: メモを追加しました（memo_2）: Test memo 2
2026-09-08 19:38:26 [INFO] db: SQLiteデータベースを初期化しました: C:\Users\kouki\Downloads\j\jarvis.db
2026-09-08 19:38:26 [WARNING] tools: add_memo: バリデーション失敗: メモのテキストが空です。内容を指定してください。
2026-09-08 19:38:26 [INFO] db: SQLiteデータベースを初期化しました: C:\Users\kouki\Downloads\j\jarvis.db
2026-09-08 19:38:26 [WARNING] tools: add_memo: バリデーション失敗: メモのテキストが短すぎます（最小2文字）: ''
2026-09-08 19:38:26 [INFO] db: SQLiteデータベースを初期化しました: C:\Users\kouki\Downloads\j\jarvis.db
2026-09-08 19:38:26 [WARNING] tools: add_memo: バリデーション失敗: メモのテキストが短すぎます（最小2文字）: ''
2026-09-08 19:38:27 [INFO] db: SQLiteデータベースを初期化しました: C:\Users\kouki\Downloads\j\jarvis.db
2026-09-08 19:38:27 [WARNING] tools: add_memo: バリデーション失敗: メモのテキストが短すぎます（最小2文字）: 'a'
2026-09-08 19:38:27 [INFO] db: SQLiteデータベースを初期化しました: C:\Users\kouki\Downloads\j\jarvis.db
2026-09-08 19:38:27 [WARNING] tools: add_memo: バリデーション失敗: メモのテキストが長すぎます（最大5000文字）
2026-09-08 19:38:27 [INFO] db: SQLiteデータベースを初期化しました: C:\Users\kouki\Downloads\j\jarvis.db
2026-09-08 19:38:27 [WARNING] tools: add_memo: バリデーション失敗: メモのテキストが長すぎます（最大5000文字）
2026-09-08 19:38:27 [INFO] db: SQLiteデータベースを初期化しました: C:\Users\kouki\Downloads\j\jarvis.db
2026-09-08 19:38:27 [INFO] tools: メモを追加しました（memo_518）: 予定 🗓️ 15:00
2026-09-08 19:38:27 [INFO] db: SQLiteデータベースを初期化しました: C:\Users\kouki\Downloads\j\jarvis.db
2026-09-08 19:38:27 [INFO] tools: メモを追加しました（memo_519）: 日本語と English mixed
2026-09-08 19:38:27 [INFO] db: SQLiteデータベースを初期化しました: C:\Users\kouki\Downloads\j\jarvis.db
2026-09-08 19:38:27 [INFO] tools: メモを追加しました（memo_520）: quotes ' \" backslash \\ percent % underscore _
2026-09-08 19:38:27 [INFO] db: SQLiteデータベースを初期化しました: C:\Users\kouki\Downloads\j\jarvis.db
2026-09-08 19:38:27 [INFO] tools: メモを追加しました（memo_521）: 改行
を含むメモ
2026-09-08 19:38:27 [INFO] db: SQLiteデータベースを初期化しました: C:\Users\kouki\Downloads\j\jarvis.db
2026-09-08 19:38:27 [WARNING] tools: ⚠️ 時刻関連クエリがメモとして渡された可能性があります。正常な呼び出しか確認してください: '何時'
2026-09-08 19:38:27 [INFO] db: SQLiteデータベースを初期化しました: C:\Users\kouki\Downloads\j\jarvis.db
2026-09-08 19:38:27 [WARNING] tools: ⚠️ 時刻関連クエリがメモとして渡された可能性があります。正常な呼び出しか確認してください: '今何時'
2026-09-08 19:38:27 [INFO] db: SQLiteデータベースを初期化しました: C:\Users\kouki\Downloads\j\jarvis.db
2026-09-08 19:38:27 [WARNING] tools: ⚠️ 時刻関連クエリがメモとして渡された可能性があります。正常な呼び出しか確認してください: '時刻'
2026-09-08 19:38:27 [INFO] db: SQLiteデータベースを初期化しました: C:\Users\kouki\Downloads\j\jarvis.db
2026-09-08 19:38:27 [WARNING] tools: ⚠️ 時刻関連クエリがメモとして渡された可能性があります。正常な呼び出しか確認してください: '昨日'
2026-09-08 19:38:27 [INFO] db: SQLiteデータベースを初期化しました: C:\Users\kouki\Downloads\j\jarvis.db
2026-09-08 19:38:27 [WARNING] tools: ⚠️ 時刻関連クエリがメモとして渡された可能性があります。正常な呼び出しか確認してください: '明日'
2026-09-08 19:38:27 [INFO] db: SQLiteデータベースを初期化しました: C:\Users\kouki\Downloads\j\jarvis.db
2026-09-08 19:38:27 [INFO] tools: メモを追加しました（memo_522）: 2026年8月28日15時に歯医者
2026-09-08 19:38:27 [INFO] db: SQLiteデータベースを初期化しました: C:\Users\kouki\Downloads\j\jarvis.db
2026-09-08 19:38:27 [INFO] tools: メモを追加しました（memo_523）: 明日の会議を15時に予約
2026-09-08 19:38:27 [INFO] db: SQLiteデータベースを初期化しました: C:\Users\kouki\Downloads\j\jarvis.db
2026-09-08 19:38:27 [INFO] tools: メモを追加しました（memo_524）: 時間がないので買い物をする
2026-09-08 19:38:27 [INFO] db: SQLiteデータベースを初期化しました: C:\Users\kouki\Downloads\j\jarvis.db
2026-09-08 19:38:27 [INFO] tools: メモを追加しました（memo_525）: 今日の予定は時間がある
2026-09-08 19:38:27 [INFO] db: SQLiteデータベースを初期化しました: C:\Users\kouki\Downloads\j\jarvis.db
2026-09-08 19:38:27 [INFO] tools: メモを追加しました（memo_526）: 2026-08-28T15:00:00+09:00
2026-09-08 19:38:27 [INFO] db: SQLiteデータベースを初期化しました: C:\Users\kouki\Downloads\j\jarvis.db
2026-09-08 19:38:27 [WARNING] tools: 検索キーワードに疑わしい文字が含まれています: "'; DROP TABLE memos; --"
2026-09-08 19:38:27 [INFO] db: SQLiteデータベースを初期化しました: C:\Users\kouki\Downloads\j\jarvis.db
2026-09-08 19:38:27 [INFO] db: SQLiteデータベースを初期化しました: C:\Users\kouki\Downloads\j\jarvis.db
2026-09-08 19:38:27 [INFO] db: SQLiteデータベースを初期化しました: C:\Users\kouki\Downloads\j\jarvis.db
2026-09-08 19:38:27 [INFO] db: SQLiteデータベースを初期化しました: C:\Users\kouki\Downloads\j\jarvis.db
2026-09-08 19:38:27 [WARNING] tools: 検索キーワードに疑わしい文字が含まれています: '\\x00'
2026-09-08 19:38:27 [INFO] db: SQLiteデータベースを初期化しました: C:\Users\kouki\Downloads\j\jarvis.db
2026-09-08 19:38:28 [INFO] tools: メモを追加しました（memo_527）: Project Aurora planning
2026-09-08 19:38:28 [INFO] tools: メモを検索しました（キーワード: Aurora、結果: 1件）
2026-09-08 19:38:28 [WARNING] tools: 検索キーワードに疑わしい文字が含まれています: 'missing-keyword'
2026-09-08 19:38:28 [INFO] db: SQLiteデータベースを初期化しました: C:\Users\kouki\Downloads\j\jarvis.db
2026-09-08 19:38:28 [INFO] tools: メモを追加しました（memo_528）: bulk memo 0 xxxxxxxxxxxxxxxxxxxxxxxxxxxxxxxxxxxxxxxxxxxxxxxxxxxxxxxxxxxxxxxxxxxxxxxxxxxxxxxxxxxxxxxxxxxxxxxxxxxxxxxxxxxxxxxxxxxxxxxxxxxxxxxxxxxxxxxxxxxxxxxxxxxxxxxxxxxxxxxxxxxxxxxxxxxxxxxxxxxxxxxxxxxxxxxxxxxxxxxxxxxxxxxxxxxxxxxxxxxxxxxxxxxxxxxxxxxxxxxxxxxxxxxxxxxxxxxxxxxxxxxxxxxxxxxxxxxxxxxxxxxxxxxxxxxxxxxxxxxxxxxxxxxxxxxxxxxxxxxxxxxxxxxxxxxxxxxxxxxxxxxxxxxxxxxxxxxxxxxxxxxxxxxxxxxxxxxxxxxxxxxxxxxxxxxxxxxxxxxx
2026-09-08 19:38:28 [INFO] tools: メモを追加しました（memo_529）: bulk memo 1 xxxxxxxxxxxxxxxxxxxxxxxxxxxxxxxxxxxxxxxxxxxxxxxxxxxxxxxxxxxxxxxxxxxxxxxxxxxxxxxxxxxxxxxxxxxxxxxxxxxxxxxxxxxxxxxxxxxxxxxxxxxxxxxxxxxxxxxxxxxxxxxxxxxxxxxxxxxxxxxxxxxxxxxxxxxxxxxxxxxxxxxxxxxxxxxxxxxxxxxxxxxxxxxxxxxxxxxxxxxxxxxxxxxxxxxxxxxxxxxxxxxxxxxxxxxxxxxxxxxxxxxxxxxxxxxxxxxxxxxxxxxxxxxxxxxxxxxxxxxxxxxxxxxxxxxxxxxxxxxxxxxxxxxxxxxxxxxxxxxxxxxxxxxxxxxxxxxxxxxxxxxxxxxxxxxxxxxxxxxxxxxxxxxxxxxxxxxxxxxx
2026-09-08 19:38:28 [INFO] tools: メモを追加しました（memo_530）: bulk memo 2 xxxxxxxxxxxxxxxxxxxxxxxxxxxxxxxxxxxxxxxxxxxxxxxxxxxxxxxxxxxxxxxxxxxxxxxxxxxxxxxxxxxxxxxxxxxxxxxxxxxxxxxxxxxxxxxxxxxxxxxxxxxxxxxxxxxxxxxxxxxxxxxxxxxxxxxxxxxxxxxxxxxxxxxxxxxxxxxxxxxxxxxxxxxxxxxxxxxxxxxxxxxxxxxxxxxxxxxxxxxxxxxxxxxxxxxxxxxxxxxxxxxxxxxxxxxxxxxxxxxxxxxxxxxxxxxxxxxxxxxxxxxxxxxxxxxxxxxxxxxxxxxxxxxxxxxxxxxxxxxxxxxxxxxxxxxxxxxxxxxxxxxxxxxxxxxxxxxxxxxxxxxxxxxxxxxxxxxxxxxxxxxxxxxxxxxxxxxxxxxx
2026-09-08 19:38:28 [INFO] tools: メモを追加しました（memo_531）: bulk memo 3 xxxxxxxxxxxxxxxxxxxxxxxxxxxxxxxxxxxxxxxxxxxxxxxxxxxxxxxxxxxxxxxxxxxxxxxxxxxxxxxxxxxxxxxxxxxxxxxxxxxxxxxxxxxxxxxxxxxxxxxxxxxxxxxxxxxxxxxxxxxxxxxxxxxxxxxxxxxxxxxxxxxxxxxxxxxxxxxxxxxxxxxxxxxxxxxxxxxxxxxxxxxxxxxxxxxxxxxxxxxxxxxxxxxxxxxxxxxxxxxxxxxxxxxxxxxxxxxxxxxxxxxxxxxxxxxxxxxxxxxxxxxxxxxxxxxxxxxxxxxxxxxxxxxxxxxxxxxxxxxxxxxxxxxxxxxxxxxxxxxxxxxxxxxxxxxxxxxxxxxxxxxxxxxxxxxxxxxxxxxxxxxxxxxxxxxxxxxxxxxx
2026-09-08 19:38:28 [INFO] tools: メモを追加しました（memo_532）: bulk memo 4 xxxxxxxxxxxxxxxxxxxxxxxxxxxxxxxxxxxxxxxxxxxxxxxxxxxxxxxxxxxxxxxxxxxxxxxxxxxxxxxxxxxxxxxxxxxxxxxxxxxxxxxxxxxxxxxxxxxxxxxxxxxxxxxxxxxxxxxxxxxxxxxxxxxxxxxxxxxxxxxxxxxxxxxxxxxxxxxxxxxxxxxxxxxxxxxxxxxxxxxxxxxxxxxxxxxxxxxxxxxxxxxxxxxxxxxxxxxxxxxxxxxxxxxxxxxxxxxxxxxxxxxxxxxxxxxxxxxxxxxxxxxxxxxxxxxxxxxxxxxxxxxxxxxxxxxxxxxxxxxxxxxxxxxxxxxxxxxxxxxxxxxxxxxxxxxxxxxxxxxxxxxxxxxxxxxxxxxxxxxxxxxxxxxxxxxxxxxxxxxx
2026-09-08 19:38:28 [INFO] tools: メモを追加しました（memo_533）: bulk memo 5 xxxxxxxxxxxxxxxxxxxxxxxxxxxxxxxxxxxxxxxxxxxxxxxxxxxxxxxxxxxxxxxxxxxxxxxxxxxxxxxxxxxxxxxxxxxxxxxxxxxxxxxxxxxxxxxxxxxxxxxxxxxxxxxxxxxxxxxxxxxxxxxxxxxxxxxxxxxxxxxxxxxxxxxxxxxxxxxxxxxxxxxxxxxxxxxxxxxxxxxxxxxxxxxxxxxxxxxxxxxxxxxxxxxxxxxxxxxxxxxxxxxxxxxxxxxxxxxxxxxxxxxxxxxxxxxxxxxxxxxxxxxxxxxxxxxxxxxxxxxxxxxxxxxxxxxxxxxxxxxxxxxxxxxxxxxxxxxxxxxxxxxxxxxxxxxxxxxxxxxxxxxxxxxxxxxxxxxxxxxxxxxxxxxxxxxxxxxxxxxx
2026-09-08 19:38:28 [INFO] tools: メモを追加しました（memo_534）: bulk memo 6 xxxxxxxxxxxxxxxxxxxxxxxxxxxxxxxxxxxxxxxxxxxxxxxxxxxxxxxxxxxxxxxxxxxxxxxxxxxxxxxxxxxxxxxxxxxxxxxxxxxxxxxxxxxxxxxxxxxxxxxxxxxxxxxxxxxxxxxxxxxxxxxxxxxxxxxxxxxxxxxxxxxxxxxxxxxxxxxxxxxxxxxxxxxxxxxxxxxxxxxxxxxxxxxxxxxxxxxxxxxxxxxxxxxxxxxxxxxxxxxxxxxxxxxxxxxxxxxxxxxxxxxxxxxxxxxxxxxxxxxxxxxxxxxxxxxxxxxxxxxxxxxxxxxxxxxxxxxxxxxxxxxxxxxxxxxxxxxxxxxxxxxxxxxxxxxxxxxxxxxxxxxxxxxxxxxxxxxxxxxxxxxxxxxxxxxxxxxxxxxx
2026-09-08 19:38:28 [INFO] tools: メモを追加しました（memo_535）: bulk memo 7 xxxxxxxxxxxxxxxxxxxxxxxxxxxxxxxxxxxxxxxxxxxxxxxxxxxxxxxxxxxxxxxxxxxxxxxxxxxxxxxxxxxxxxxxxxxxxxxxxxxxxxxxxxxxxxxxxxxxxxxxxxxxxxxxxxxxxxxxxxxxxxxxxxxxxxxxxxxxxxxxxxxxxxxxxxxxxxxxxxxxxxxxxxxxxxxxxxxxxxxxxxxxxxxxxxxxxxxxxxxxxxxxxxxxxxxxxxxxxxxxxxxxxxxxxxxxxxxxxxxxxxxxxxxxxxxxxxxxxxxxxxxxxxxxxxxxxxxxxxxxxxxxxxxxxxxxxxxxxxxxxxxxxxxxxxxxxxxxxxxxxxxxxxxxxxxxxxxxxxxxxxxxxxxxxxxxxxxxxxxxxxxxxxxxxxxxxxxxxxxx
2026-09-08 19:38:28 [INFO] tools: メモを追加しました（memo_536）: bulk memo 8 xxxxxxxxxxxxxxxxxxxxxxxxxxxxxxxxxxxxxxxxxxxxxxxxxxxxxxxxxxxxxxxxxxxxxxxxxxxxxxxxxxxxxxxxxxxxxxxxxxxxxxxxxxxxxxxxxxxxxxxxxxxxxxxxxxxxxxxxxxxxxxxxxxxxxxxxxxxxxxxxxxxxxxxxxxxxxxxxxxxxxxxxxxxxxxxxxxxxxxxxxxxxxxxxxxxxxxxxxxxxxxxxxxxxxxxxxxxxxxxxxxxxxxxxxxxxxxxxxxxxxxxxxxxxxxxxxxxxxxxxxxxxxxxxxxxxxxxxxxxxxxxxxxxxxxxxxxxxxxxxxxxxxxxxxxxxxxxxxxxxxxxxxxxxxxxxxxxxxxxxxxxxxxxxxxxxxxxxxxxxxxxxxxxxxxxxxxxxxxxx
2026-09-08 19:38:28 [INFO] tools: メモを追加しました（memo_537）: bulk memo 9 xxxxxxxxxxxxxxxxxxxxxxxxxxxxxxxxxxxxxxxxxxxxxxxxxxxxxxxxxxxxxxxxxxxxxxxxxxxxxxxxxxxxxxxxxxxxxxxxxxxxxxxxxxxxxxxxxxxxxxxxxxxxxxxxxxxxxxxxxxxxxxxxxxxxxxxxxxxxxxxxxxxxxxxxxxxxxxxxxxxxxxxxxxxxxxxxxxxxxxxxxxxxxxxxxxxxxxxxxxxxxxxxxxxxxxxxxxxxxxxxxxxxxxxxxxxxxxxxxxxxxxxxxxxxxxxxxxxxxxxxxxxxxxxxxxxxxxxxxxxxxxxxxxxxxxxxxxxxxxxxxxxxxxxxxxxxxxxxxxxxxxxxxxxxxxxxxxxxxxxxxxxxxxxxxxxxxxxxxxxxxxxxxxxxxxxxxxxxxxxx
2026-09-08 19:38:28 [INFO] tools: メモを追加しました（memo_538）: bulk memo 10 xxxxxxxxxxxxxxxxxxxxxxxxxxxxxxxxxxxxxxxxxxxxxxxxxxxxxxxxxxxxxxxxxxxxxxxxxxxxxxxxxxxxxxxxxxxxxxxxxxxxxxxxxxxxxxxxxxxxxxxxxxxxxxxxxxxxxxxxxxxxxxxxxxxxxxxxxxxxxxxxxxxxxxxxxxxxxxxxxxxxxxxxxxxxxxxxxxxxxxxxxxxxxxxxxxxxxxxxxxxxxxxxxxxxxxxxxxxxxxxxxxxxxxxxxxxxxxxxxxxxxxxxxxxxxxxxxxxxxxxxxxxxxxxxxxxxxxxxxxxxxxxxxxxxxxxxxxxxxxxxxxxxxxxxxxxxxxxxxxxxxxxxxxxxxxxxxxxxxxxxxxxxxxxxxxxxxxxxxxxxxxxxxxxxxxxxxxxxxxxx
2026-09-08 19:38:28 [INFO] tools: メモを追加しました（memo_539）: bulk memo 11 xxxxxxxxxxxxxxxxxxxxxxxxxxxxxxxxxxxxxxxxxxxxxxxxxxxxxxxxxxxxxxxxxxxxxxxxxxxxxxxxxxxxxxxxxxxxxxxxxxxxxxxxxxxxxxxxxxxxxxxxxxxxxxxxxxxxxxxxxxxxxxxxxxxxxxxxxxxxxxxxxxxxxxxxxxxxxxxxxxxxxxxxxxxxxxxxxxxxxxxxxxxxxxxxxxxxxxxxxxxxxxxxxxxxxxxxxxxxxxxxxxxxxxxxxxxxxxxxxxxxxxxxxxxxxxxxxxxxxxxxxxxxxxxxxxxxxxxxxxxxxxxxxxxxxxxxxxxxxxxxxxxxxxxxxxxxxxxxxxxxxxxxxxxxxxxxxxxxxxxxxxxxxxxxxxxxxxxxxxxxxxxxxxxxxxxxxxxxxxxx
2026-09-08 19:38:28 [INFO] tools: メモを追加しました（memo_540）: bulk memo 12 xxxxxxxxxxxxxxxxxxxxxxxxxxxxxxxxxxxxxxxxxxxxxxxxxxxxxxxxxxxxxxxxxxxxxxxxxxxxxxxxxxxxxxxxxxxxxxxxxxxxxxxxxxxxxxxxxxxxxxxxxxxxxxxxxxxxxxxxxxxxxxxxxxxxxxxxxxxxxxxxxxxxxxxxxxxxxxxxxxxxxxxxxxxxxxxxxxxxxxxxxxxxxxxxxxxxxxxxxxxxxxxxxxxxxxxxxxxxxxxxxxxxxxxxxxxxxxxxxxxxxxxxxxxxxxxxxxxxxxxxxxxxxxxxxxxxxxxxxxxxxxxxxxxxxxxxxxxxxxxxxxxxxxxxxxxxxxxxxxxxxxxxxxxxxxxxxxxxxxxxxxxxxxxxxxxxxxxxxxxxxxxxxxxxxxxxxxxxxxxx
2026-09-08 19:38:28 [INFO] tools: メモを追加しました（memo_541）: bulk memo 13 xxxxxxxxxxxxxxxxxxxxxxxxxxxxxxxxxxxxxxxxxxxxxxxxxxxxxxxxxxxxxxxxxxxxxxxxxxxxxxxxxxxxxxxxxxxxxxxxxxxxxxxxxxxxxxxxxxxxxxxxxxxxxxxxxxxxxxxxxxxxxxxxxxxxxxxxxxxxxxxxxxxxxxxxxxxxxxxxxxxxxxxxxxxxxxxxxxxxxxxxxxxxxxxxxxxxxxxxxxxxxxxxxxxxxxxxxxxxxxxxxxxxxxxxxxxxxxxxxxxxxxxxxxxxxxxxxxxxxxxxxxxxxxxxxxxxxxxxxxxxxxxxxxxxxxxxxxxxxxxxxxxxxxxxxxxxxxxxxxxxxxxxxxxxxxxxxxxxxxxxxxxxxxxxxxxxxxxxxxxxxxxxxxxxxxxxxxxxxxxx
2026-09-08 19:38:28 [INFO] tools: メモを追加しました（memo_542）: bulk memo 14 xxxxxxxxxxxxxxxxxxxxxxxxxxxxxxxxxxxxxxxxxxxxxxxxxxxxxxxxxxxxxxxxxxxxxxxxxxxxxxxxxxxxxxxxxxxxxxxxxxxxxxxxxxxxxxxxxxxxxxxxxxxxxxxxxxxxxxxxxxxxxxxxxxxxxxxxxxxxxxxxxxxxxxxxxxxxxxxxxxxxxxxxxxxxxxxxxxxxxxxxxxxxxxxxxxxxxxxxxxxxxxxxxxxxxxxxxxxxxxxxxxxxxxxxxxxxxxxxxxxxxxxxxxxxxxxxxxxxxxxxxxxxxxxxxxxxxxxxxxxxxxxxxxxxxxxxxxxxxxxxxxxxxxxxxxxxxxxxxxxxxxxxxxxxxxxxxxxxxxxxxxxxxxxxxxxxxxxxxxxxxxxxxxxxxxxxxxxxxxxx
2026-09-08 19:38:28 [INFO] tools: メモを追加しました（memo_543）: bulk memo 15 xxxxxxxxxxxxxxxxxxxxxxxxxxxxxxxxxxxxxxxxxxxxxxxxxxxxxxxxxxxxxxxxxxxxxxxxxxxxxxxxxxxxxxxxxxxxxxxxxxxxxxxxxxxxxxxxxxxxxxxxxxxxxxxxxxxxxxxxxxxxxxxxxxxxxxxxxxxxxxxxxxxxxxxxxxxxxxxxxxxxxxxxxxxxxxxxxxxxxxxxxxxxxxxxxxxxxxxxxxxxxxxxxxxxxxxxxxxxxxxxxxxxxxxxxxxxxxxxxxxxxxxxxxxxxxxxxxxxxxxxxxxxxxxxxxxxxxxxxxxxxxxxxxxxxxxxxxxxxxxxxxxxxxxxxxxxxxxxxxxxxxxxxxxxxxxxxxxxxxxxxxxxxxxxxxxxxxxxxxxxxxxxxxxxxxxxxxxxxxxx
2026-09-08 19:38:28 [INFO] tools: メモを追加しました（memo_544）: bulk memo 16 xxxxxxxxxxxxxxxxxxxxxxxxxxxxxxxxxxxxxxxxxxxxxxxxxxxxxxxxxxxxxxxxxxxxxxxxxxxxxxxxxxxxxxxxxxxxxxxxxxxxxxxxxxxxxxxxxxxxxxxxxxxxxxxxxxxxxxxxxxxxxxxxxxxxxxxxxxxxxxxxxxxxxxxxxxxxxxxxxxxxxxxxxxxxxxxxxxxxxxxxxxxxxxxxxxxxxxxxxxxxxxxxxxxxxxxxxxxxxxxxxxxxxxxxxxxxxxxxxxxxxxxxxxxxxxxxxxxxxxxxxxxxxxxxxxxxxxxxxxxxxxxxxxxxxxxxxxxxxxxxxxxxxxxxxxxxxxxxxxxxxxxxxxxxxxxxxxxxxxxxxxxxxxxxxxxxxxxxxxxxxxxxxxxxxxxxxxxxxxxx
2026-09-08 19:38:28 [INFO] tools: メモを追加しました（memo_545）: bulk memo 17 xxxxxxxxxxxxxxxxxxxxxxxxxxxxxxxxxxxxxxxxxxxxxxxxxxxxxxxxxxxxxxxxxxxxxxxxxxxxxxxxxxxxxxxxxxxxxxxxxxxxxxxxxxxxxxxxxxxxxxxxxxxxxxxxxxxxxxxxxxxxxxxxxxxxxxxxxxxxxxxxxxxxxxxxxxxxxxxxxxxxxxxxxxxxxxxxxxxxxxxxxxxxxxxxxxxxxxxxxxxxxxxxxxxxxxxxxxxxxxxxxxxxxxxxxxxxxxxxxxxxxxxxxxxxxxxxxxxxxxxxxxxxxxxxxxxxxxxxxxxxxxxxxxxxxxxxxxxxxxxxxxxxxxxxxxxxxxxxxxxxxxxxxxxxxxxxxxxxxxxxxxxxxxxxxxxxxxxxxxxxxxxxxxxxxxxxxxxxxxxx
2026-09-08 19:38:28 [INFO] tools: メモを追加しました（memo_546）: bulk memo 18 xxxxxxxxxxxxxxxxxxxxxxxxxxxxxxxxxxxxxxxxxxxxxxxxxxxxxxxxxxxxxxxxxxxxxxxxxxxxxxxxxxxxxxxxxxxxxxxxxxxxxxxxxxxxxxxxxxxxxxxxxxxxxxxxxxxxxxxxxxxxxxxxxxxxxxxxxxxxxxxxxxxxxxxxxxxxxxxxxxxxxxxxxxxxxxxxxxxxxxxxxxxxxxxxxxxxxxxxxxxxxxxxxxxxxxxxxxxxxxxxxxxxxxxxxxxxxxxxxxxxxxxxxxxxxxxxxxxxxxxxxxxxxxxxxxxxxxxxxxxxxxxxxxxxxxxxxxxxxxxxxxxxxxxxxxxxxxxxxxxxxxxxxxxxxxxxxxxxxxxxxxxxxxxxxxxxxxxxxxxxxxxxxxxxxxxxxxxxxxxx
2026-09-08 19:38:28 [INFO] tools: メモを追加しました（memo_547）: bulk memo 19 xxxxxxxxxxxxxxxxxxxxxxxxxxxxxxxxxxxxxxxxxxxxxxxxxxxxxxxxxxxxxxxxxxxxxxxxxxxxxxxxxxxxxxxxxxxxxxxxxxxxxxxxxxxxxxxxxxxxxxxxxxxxxxxxxxxxxxxxxxxxxxxxxxxxxxxxxxxxxxxxxxxxxxxxxxxxxxxxxxxxxxxxxxxxxxxxxxxxxxxxxxxxxxxxxxxxxxxxxxxxxxxxxxxxxxxxxxxxxxxxxxxxxxxxxxxxxxxxxxxxxxxxxxxxxxxxxxxxxxxxxxxxxxxxxxxxxxxxxxxxxxxxxxxxxxxxxxxxxxxxxxxxxxxxxxxxxxxxxxxxxxxxxxxxxxxxxxxxxxxxxxxxxxxxxxxxxxxxxxxxxxxxxxxxxxxxxxxxxxxx
2026-09-08 19:38:28 [INFO] tools: メモを追加しました（memo_548）: bulk memo 20 xxxxxxxxxxxxxxxxxxxxxxxxxxxxxxxxxxxxxxxxxxxxxxxxxxxxxxxxxxxxxxxxxxxxxxxxxxxxxxxxxxxxxxxxxxxxxxxxxxxxxxxxxxxxxxxxxxxxxxxxxxxxxxxxxxxxxxxxxxxxxxxxxxxxxxxxxxxxxxxxxxxxxxxxxxxxxxxxxxxxxxxxxxxxxxxxxxxxxxxxxxxxxxxxxxxxxxxxxxxxxxxxxxxxxxxxxxxxxxxxxxxxxxxxxxxxxxxxxxxxxxxxxxxxxxxxxxxxxxxxxxxxxxxxxxxxxxxxxxxxxxxxxxxxxxxxxxxxxxxxxxxxxxxxxxxxxxxxxxxxxxxxxxxxxxxxxxxxxxxxxxxxxxxxxxxxxxxxxxxxxxxxxxxxxxxxxxxxxxxx
2026-09-08 19:38:28 [INFO] tools: メモを追加しました（memo_549）: bulk memo 21 xxxxxxxxxxxxxxxxxxxxxxxxxxxxxxxxxxxxxxxxxxxxxxxxxxxxxxxxxxxxxxxxxxxxxxxxxxxxxxxxxxxxxxxxxxxxxxxxxxxxxxxxxxxxxxxxxxxxxxxxxxxxxxxxxxxxxxxxxxxxxxxxxxxxxxxxxxxxxxxxxxxxxxxxxxxxxxxxxxxxxxxxxxxxxxxxxxxxxxxxxxxxxxxxxxxxxxxxxxxxxxxxxxxxxxxxxxxxxxxxxxxxxxxxxxxxxxxxxxxxxxxxxxxxxxxxxxxxxxxxxxxxxxxxxxxxxxxxxxxxxxxxxxxxxxxxxxxxxxxxxxxxxxxxxxxxxxxxxxxxxxxxxxxxxxxxxxxxxxxxxxxxxxxxxxxxxxxxxxxxxxxxxxxxxxxxxxxxxxxx
2026-09-08 19:38:28 [INFO] tools: メモを追加しました（memo_550）: bulk memo 22 xxxxxxxxxxxxxxxxxxxxxxxxxxxxxxxxxxxxxxxxxxxxxxxxxxxxxxxxxxxxxxxxxxxxxxxxxxxxxxxxxxxxxxxxxxxxxxxxxxxxxxxxxxxxxxxxxxxxxxxxxxxxxxxxxxxxxxxxxxxxxxxxxxxxxxxxxxxxxxxxxxxxxxxxxxxxxxxxxxxxxxxxxxxxxxxxxxxxxxxxxxxxxxxxxxxxxxxxxxxxxxxxxxxxxxxxxxxxxxxxxxxxxxxxxxxxxxxxxxxxxxxxxxxxxxxxxxxxxxxxxxxxxxxxxxxxxxxxxxxxxxxxxxxxxxxxxxxxxxxxxxxxxxxxxxxxxxxxxxxxxxxxxxxxxxxxxxxxxxxxxxxxxxxxxxxxxxxxxxxxxxxxxxxxxxxxxxxxxxxx
2026-09-08 19:38:28 [INFO] tools: メモを追加しました（memo_551）: bulk memo 23 xxxxxxxxxxxxxxxxxxxxxxxxxxxxxxxxxxxxxxxxxxxxxxxxxxxxxxxxxxxxxxxxxxxxxxxxxxxxxxxxxxxxxxxxxxxxxxxxxxxxxxxxxxxxxxxxxxxxxxxxxxxxxxxxxxxxxxxxxxxxxxxxxxxxxxxxxxxxxxxxxxxxxxxxxxxxxxxxxxxxxxxxxxxxxxxxxxxxxxxxxxxxxxxxxxxxxxxxxxxxxxxxxxxxxxxxxxxxxxxxxxxxxxxxxxxxxxxxxxxxxxxxxxxxxxxxxxxxxxxxxxxxxxxxxxxxxxxxxxxxxxxxxxxxxxxxxxxxxxxxxxxxxxxxxxxxxxxxxxxxxxxxxxxxxxxxxxxxxxxxxxxxxxxxxxxxxxxxxxxxxxxxxxxxxxxxxxxxxxxx
2026-09-08 19:38:28 [INFO] tools: メモを追加しました（memo_552）: bulk memo 24 xxxxxxxxxxxxxxxxxxxxxxxxxxxxxxxxxxxxxxxxxxxxxxxxxxxxxxxxxxxxxxxxxxxxxxxxxxxxxxxxxxxxxxxxxxxxxxxxxxxxxxxxxxxxxxxxxxxxxxxxxxxxxxxxxxxxxxxxxxxxxxxxxxxxxxxxxxxxxxxxxxxxxxxxxxxxxxxxxxxxxxxxxxxxxxxxxxxxxxxxxxxxxxxxxxxxxxxxxxxxxxxxxxxxxxxxxxxxxxxxxxxxxxxxxxxxxxxxxxxxxxxxxxxxxxxxxxxxxxxxxxxxxxxxxxxxxxxxxxxxxxxxxxxxxxxxxxxxxxxxxxxxxxxxxxxxxxxxxxxxxxxxxxxxxxxxxxxxxxxxxxxxxxxxxxxxxxxxxxxxxxxxxxxxxxxxxxxxxxxx
2026-09-08 19:38:28 [INFO] tools: メモを追加しました（memo_553）: bulk memo 25 xxxxxxxxxxxxxxxxxxxxxxxxxxxxxxxxxxxxxxxxxxxxxxxxxxxxxxxxxxxxxxxxxxxxxxxxxxxxxxxxxxxxxxxxxxxxxxxxxxxxxxxxxxxxxxxxxxxxxxxxxxxxxxxxxxxxxxxxxxxxxxxxxxxxxxxxxxxxxxxxxxxxxxxxxxxxxxxxxxxxxxxxxxxxxxxxxxxxxxxxxxxxxxxxxxxxxxxxxxxxxxxxxxxxxxxxxxxxxxxxxxxxxxxxxxxxxxxxxxxxxxxxxxxxxxxxxxxxxxxxxxxxxxxxxxxxxxxxxxxxxxxxxxxxxxxxxxxxxxxxxxxxxxxxxxxxxxxxxxxxxxxxxxxxxxxxxxxxxxxxxxxxxxxxxxxxxxxxxxxxxxxxxxxxxxxxxxxxxxxx
2026-09-08 19:38:28 [INFO] tools: メモを追加しました（memo_554）: bulk memo 26 xxxxxxxxxxxxxxxxxxxxxxxxxxxxxxxxxxxxxxxxxxxxxxxxxxxxxxxxxxxxxxxxxxxxxxxxxxxxxxxxxxxxxxxxxxxxxxxxxxxxxxxxxxxxxxxxxxxxxxxxxxxxxxxxxxxxxxxxxxxxxxxxxxxxxxxxxxxxxxxxxxxxxxxxxxxxxxxxxxxxxxxxxxxxxxxxxxxxxxxxxxxxxxxxxxxxxxxxxxxxxxxxxxxxxxxxxxxxxxxxxxxxxxxxxxxxxxxxxxxxxxxxxxxxxxxxxxxxxxxxxxxxxxxxxxxxxxxxxxxxxxxxxxxxxxxxxxxxxxxxxxxxxxxxxxxxxxxxxxxxxxxxxxxxxxxxxxxxxxxxxxxxxxxxxxxxxxxxxxxxxxxxxxxxxxxxxxxxxxxx
2026-09-08 19:38:28 [INFO] tools: メモを追加しました（memo_555）: bulk memo 27 xxxxxxxxxxxxxxxxxxxxxxxxxxxxxxxxxxxxxxxxxxxxxxxxxxxxxxxxxxxxxxxxxxxxxxxxxxxxxxxxxxxxxxxxxxxxxxxxxxxxxxxxxxxxxxxxxxxxxxxxxxxxxxxxxxxxxxxxxxxxxxxxxxxxxxxxxxxxxxxxxxxxxxxxxxxxxxxxxxxxxxxxxxxxxxxxxxxxxxxxxxxxxxxxxxxxxxxxxxxxxxxxxxxxxxxxxxxxxxxxxxxxxxxxxxxxxxxxxxxxxxxxxxxxxxxxxxxxxxxxxxxxxxxxxxxxxxxxxxxxxxxxxxxxxxxxxxxxxxxxxxxxxxxxxxxxxxxxxxxxxxxxxxxxxxxxxxxxxxxxxxxxxxxxxxxxxxxxxxxxxxxxxxxxxxxxxxxxxxxx
2026-09-08 19:38:28 [INFO] tools: メモを追加しました（memo_556）: bulk memo 28 xxxxxxxxxxxxxxxxxxxxxxxxxxxxxxxxxxxxxxxxxxxxxxxxxxxxxxxxxxxxxxxxxxxxxxxxxxxxxxxxxxxxxxxxxxxxxxxxxxxxxxxxxxxxxxxxxxxxxxxxxxxxxxxxxxxxxxxxxxxxxxxxxxxxxxxxxxxxxxxxxxxxxxxxxxxxxxxxxxxxxxxxxxxxxxxxxxxxxxxxxxxxxxxxxxxxxxxxxxxxxxxxxxxxxxxxxxxxxxxxxxxxxxxxxxxxxxxxxxxxxxxxxxxxxxxxxxxxxxxxxxxxxxxxxxxxxxxxxxxxxxxxxxxxxxxxxxxxxxxxxxxxxxxxxxxxxxxxxxxxxxxxxxxxxxxxxxxxxxxxxxxxxxxxxxxxxxxxxxxxxxxxxxxxxxxxxxxxxxxx
2026-09-08 19:38:28 [INFO] tools: メモを追加しました（memo_557）: bulk memo 29 xxxxxxxxxxxxxxxxxxxxxxxxxxxxxxxxxxxxxxxxxxxxxxxxxxxxxxxxxxxxxxxxxxxxxxxxxxxxxxxxxxxxxxxxxxxxxxxxxxxxxxxxxxxxxxxxxxxxxxxxxxxxxxxxxxxxxxxxxxxxxxxxxxxxxxxxxxxxxxxxxxxxxxxxxxxxxxxxxxxxxxxxxxxxxxxxxxxxxxxxxxxxxxxxxxxxxxxxxxxxxxxxxxxxxxxxxxxxxxxxxxxxxxxxxxxxxxxxxxxxxxxxxxxxxxxxxxxxxxxxxxxxxxxxxxxxxxxxxxxxxxxxxxxxxxxxxxxxxxxxxxxxxxxxxxxxxxxxxxxxxxxxxxxxxxxxxxxxxxxxxxxxxxxxxxxxxxxxxxxxxxxxxxxxxxxxxxxxxxxx
2026-09-08 19:38:28 [INFO] tools: メモを追加しました（memo_558）: bulk memo 30 xxxxxxxxxxxxxxxxxxxxxxxxxxxxxxxxxxxxxxxxxxxxxxxxxxxxxxxxxxxxxxxxxxxxxxxxxxxxxxxxxxxxxxxxxxxxxxxxxxxxxxxxxxxxxxxxxxxxxxxxxxxxxxxxxxxxxxxxxxxxxxxxxxxxxxxxxxxxxxxxxxxxxxxxxxxxxxxxxxxxxxxxxxxxxxxxxxxxxxxxxxxxxxxxxxxxxxxxxxxxxxxxxxxxxxxxxxxxxxxxxxxxxxxxxxxxxxxxxxxxxxxxxxxxxxxxxxxxxxxxxxxxxxxxxxxxxxxxxxxxxxxxxxxxxxxxxxxxxxxxxxxxxxxxxxxxxxxxxxxxxxxxxxxxxxxxxxxxxxxxxxxxxxxxxxxxxxxxxxxxxxxxxxxxxxxxxxxxxxxx
2026-09-08 19:38:28 [INFO] tools: メモを追加しました（memo_559）: bulk memo 31 xxxxxxxxxxxxxxxxxxxxxxxxxxxxxxxxxxxxxxxxxxxxxxxxxxxxxxxxxxxxxxxxxxxxxxxxxxxxxxxxxxxxxxxxxxxxxxxxxxxxxxxxxxxxxxxxxxxxxxxxxxxxxxxxxxxxxxxxxxxxxxxxxxxxxxxxxxxxxxxxxxxxxxxxxxxxxxxxxxxxxxxxxxxxxxxxxxxxxxxxxxxxxxxxxxxxxxxxxxxxxxxxxxxxxxxxxxxxxxxxxxxxxxxxxxxxxxxxxxxxxxxxxxxxxxxxxxxxxxxxxxxxxxxxxxxxxxxxxxxxxxxxxxxxxxxxxxxxxxxxxxxxxxxxxxxxxxxxxxxxxxxxxxxxxxxxxxxxxxxxxxxxxxxxxxxxxxxxxxxxxxxxxxxxxxxxxxxxxxxx
2026-09-08 19:38:28 [INFO] tools: メモを追加しました（memo_560）: bulk memo 32 xxxxxxxxxxxxxxxxxxxxxxxxxxxxxxxxxxxxxxxxxxxxxxxxxxxxxxxxxxxxxxxxxxxxxxxxxxxxxxxxxxxxxxxxxxxxxxxxxxxxxxxxxxxxxxxxxxxxxxxxxxxxxxxxxxxxxxxxxxxxxxxxxxxxxxxxxxxxxxxxxxxxxxxxxxxxxxxxxxxxxxxxxxxxxxxxxxxxxxxxxxxxxxxxxxxxxxxxxxxxxxxxxxxxxxxxxxxxxxxxxxxxxxxxxxxxxxxxxxxxxxxxxxxxxxxxxxxxxxxxxxxxxxxxxxxxxxxxxxxxxxxxxxxxxxxxxxxxxxxxxxxxxxxxxxxxxxxxxxxxxxxxxxxxxxxxxxxxxxxxxxxxxxxxxxxxxxxxxxxxxxxxxxxxxxxxxxxxxxxx
2026-09-08 19:38:28 [INFO] tools: メモを追加しました（memo_561）: bulk memo 33 xxxxxxxxxxxxxxxxxxxxxxxxxxxxxxxxxxxxxxxxxxxxxxxxxxxxxxxxxxxxxxxxxxxxxxxxxxxxxxxxxxxxxxxxxxxxxxxxxxxxxxxxxxxxxxxxxxxxxxxxxxxxxxxxxxxxxxxxxxxxxxxxxxxxxxxxxxxxxxxxxxxxxxxxxxxxxxxxxxxxxxxxxxxxxxxxxxxxxxxxxxxxxxxxxxxxxxxxxxxxxxxxxxxxxxxxxxxxxxxxxxxxxxxxxxxxxxxxxxxxxxxxxxxxxxxxxxxxxxxxxxxxxxxxxxxxxxxxxxxxxxxxxxxxxxxxxxxxxxxxxxxxxxxxxxxxxxxxxxxxxxxxxxxxxxxxxxxxxxxxxxxxxxxxxxxxxxxxxxxxxxxxxxxxxxxxxxxxxxxx
2026-09-08 19:38:28 [INFO] tools: メモを追加しました（memo_562）: bulk memo 34 xxxxxxxxxxxxxxxxxxxxxxxxxxxxxxxxxxxxxxxxxxxxxxxxxxxxxxxxxxxxxxxxxxxxxxxxxxxxxxxxxxxxxxxxxxxxxxxxxxxxxxxxxxxxxxxxxxxxxxxxxxxxxxxxxxxxxxxxxxxxxxxxxxxxxxxxxxxxxxxxxxxxxxxxxxxxxxxxxxxxxxxxxxxxxxxxxxxxxxxxxxxxxxxxxxxxxxxxxxxxxxxxxxxxxxxxxxxxxxxxxxxxxxxxxxxxxxxxxxxxxxxxxxxxxxxxxxxxxxxxxxxxxxxxxxxxxxxxxxxxxxxxxxxxxxxxxxxxxxxxxxxxxxxxxxxxxxxxxxxxxxxxxxxxxxxxxxxxxxxxxxxxxxxxxxxxxxxxxxxxxxxxxxxxxxxxxxxxxxxx
2026-09-08 19:38:28 [INFO] tools: メモを追加しました（memo_563）: bulk memo 35 xxxxxxxxxxxxxxxxxxxxxxxxxxxxxxxxxxxxxxxxxxxxxxxxxxxxxxxxxxxxxxxxxxxxxxxxxxxxxxxxxxxxxxxxxxxxxxxxxxxxxxxxxxxxxxxxxxxxxxxxxxxxxxxxxxxxxxxxxxxxxxxxxxxxxxxxxxxxxxxxxxxxxxxxxxxxxxxxxxxxxxxxxxxxxxxxxxxxxxxxxxxxxxxxxxxxxxxxxxxxxxxxxxxxxxxxxxxxxxxxxxxxxxxxxxxxxxxxxxxxxxxxxxxxxxxxxxxxxxxxxxxxxxxxxxxxxxxxxxxxxxxxxxxxxxxxxxxxxxxxxxxxxxxxxxxxxxxxxxxxxxxxxxxxxxxxxxxxxxxxxxxxxxxxxxxxxxxxxxxxxxxxxxxxxxxxxxxxxxxx
2026-09-08 19:38:28 [INFO] tools: メモを追加しました（memo_564）: bulk memo 36 xxxxxxxxxxxxxxxxxxxxxxxxxxxxxxxxxxxxxxxxxxxxxxxxxxxxxxxxxxxxxxxxxxxxxxxxxxxxxxxxxxxxxxxxxxxxxxxxxxxxxxxxxxxxxxxxxxxxxxxxxxxxxxxxxxxxxxxxxxxxxxxxxxxxxxxxxxxxxxxxxxxxxxxxxxxxxxxxxxxxxxxxxxxxxxxxxxxxxxxxxxxxxxxxxxxxxxxxxxxxxxxxxxxxxxxxxxxxxxxxxxxxxxxxxxxxxxxxxxxxxxxxxxxxxxxxxxxxxxxxxxxxxxxxxxxxxxxxxxxxxxxxxxxxxxxxxxxxxxxxxxxxxxxxxxxxxxxxxxxxxxxxxxxxxxxxxxxxxxxxxxxxxxxxxxxxxxxxxxxxxxxxxxxxxxxxxxxxxxxx
2026-09-08 19:38:28 [INFO] tools: メモを追加しました（memo_565）: bulk memo 37 xxxxxxxxxxxxxxxxxxxxxxxxxxxxxxxxxxxxxxxxxxxxxxxxxxxxxxxxxxxxxxxxxxxxxxxxxxxxxxxxxxxxxxxxxxxxxxxxxxxxxxxxxxxxxxxxxxxxxxxxxxxxxxxxxxxxxxxxxxxxxxxxxxxxxxxxxxxxxxxxxxxxxxxxxxxxxxxxxxxxxxxxxxxxxxxxxxxxxxxxxxxxxxxxxxxxxxxxxxxxxxxxxxxxxxxxxxxxxxxxxxxxxxxxxxxxxxxxxxxxxxxxxxxxxxxxxxxxxxxxxxxxxxxxxxxxxxxxxxxxxxxxxxxxxxxxxxxxxxxxxxxxxxxxxxxxxxxxxxxxxxxxxxxxxxxxxxxxxxxxxxxxxxxxxxxxxxxxxxxxxxxxxxxxxxxxxxxxxxxx
2026-09-08 19:38:28 [INFO] tools: メモを追加しました（memo_566）: bulk memo 38 xxxxxxxxxxxxxxxxxxxxxxxxxxxxxxxxxxxxxxxxxxxxxxxxxxxxxxxxxxxxxxxxxxxxxxxxxxxxxxxxxxxxxxxxxxxxxxxxxxxxxxxxxxxxxxxxxxxxxxxxxxxxxxxxxxxxxxxxxxxxxxxxxxxxxxxxxxxxxxxxxxxxxxxxxxxxxxxxxxxxxxxxxxxxxxxxxxxxxxxxxxxxxxxxxxxxxxxxxxxxxxxxxxxxxxxxxxxxxxxxxxxxxxxxxxxxxxxxxxxxxxxxxxxxxxxxxxxxxxxxxxxxxxxxxxxxxxxxxxxxxxxxxxxxxxxxxxxxxxxxxxxxxxxxxxxxxxxxxxxxxxxxxxxxxxxxxxxxxxxxxxxxxxxxxxxxxxxxxxxxxxxxxxxxxxxxxxxxxxxx
2026-09-08 19:38:28 [INFO] tools: メモを追加しました（memo_567）: bulk memo 39 xxxxxxxxxxxxxxxxxxxxxxxxxxxxxxxxxxxxxxxxxxxxxxxxxxxxxxxxxxxxxxxxxxxxxxxxxxxxxxxxxxxxxxxxxxxxxxxxxxxxxxxxxxxxxxxxxxxxxxxxxxxxxxxxxxxxxxxxxxxxxxxxxxxxxxxxxxxxxxxxxxxxxxxxxxxxxxxxxxxxxxxxxxxxxxxxxxxxxxxxxxxxxxxxxxxxxxxxxxxxxxxxxxxxxxxxxxxxxxxxxxxxxxxxxxxxxxxxxxxxxxxxxxxxxxxxxxxxxxxxxxxxxxxxxxxxxxxxxxxxxxxxxxxxxxxxxxxxxxxxxxxxxxxxxxxxxxxxxxxxxxxxxxxxxxxxxxxxxxxxxxxxxxxxxxxxxxxxxxxxxxxxxxxxxxxxxxxxxxxx
2026-09-08 19:38:28 [INFO] tools: メモを追加しました（memo_568）: bulk memo 40 xxxxxxxxxxxxxxxxxxxxxxxxxxxxxxxxxxxxxxxxxxxxxxxxxxxxxxxxxxxxxxxxxxxxxxxxxxxxxxxxxxxxxxxxxxxxxxxxxxxxxxxxxxxxxxxxxxxxxxxxxxxxxxxxxxxxxxxxxxxxxxxxxxxxxxxxxxxxxxxxxxxxxxxxxxxxxxxxxxxxxxxxxxxxxxxxxxxxxxxxxxxxxxxxxxxxxxxxxxxxxxxxxxxxxxxxxxxxxxxxxxxxxxxxxxxxxxxxxxxxxxxxxxxxxxxxxxxxxxxxxxxxxxxxxxxxxxxxxxxxxxxxxxxxxxxxxxxxxxxxxxxxxxxxxxxxxxxxxxxxxxxxxxxxxxxxxxxxxxxxxxxxxxxxxxxxxxxxxxxxxxxxxxxxxxxxxxxxxxxx
2026-09-08 19:38:28 [INFO] tools: メモを追加しました（memo_569）: bulk memo 41 xxxxxxxxxxxxxxxxxxxxxxxxxxxxxxxxxxxxxxxxxxxxxxxxxxxxxxxxxxxxxxxxxxxxxxxxxxxxxxxxxxxxxxxxxxxxxxxxxxxxxxxxxxxxxxxxxxxxxxxxxxxxxxxxxxxxxxxxxxxxxxxxxxxxxxxxxxxxxxxxxxxxxxxxxxxxxxxxxxxxxxxxxxxxxxxxxxxxxxxxxxxxxxxxxxxxxxxxxxxxxxxxxxxxxxxxxxxxxxxxxxxxxxxxxxxxxxxxxxxxxxxxxxxxxxxxxxxxxxxxxxxxxxxxxxxxxxxxxxxxxxxxxxxxxxxxxxxxxxxxxxxxxxxxxxxxxxxxxxxxxxxxxxxxxxxxxxxxxxxxxxxxxxxxxxxxxxxxxxxxxxxxxxxxxxxxxxxxxxxx
2026-09-08 19:38:28 [INFO] tools: メモを追加しました（memo_570）: bulk memo 42 xxxxxxxxxxxxxxxxxxxxxxxxxxxxxxxxxxxxxxxxxxxxxxxxxxxxxxxxxxxxxxxxxxxxxxxxxxxxxxxxxxxxxxxxxxxxxxxxxxxxxxxxxxxxxxxxxxxxxxxxxxxxxxxxxxxxxxxxxxxxxxxxxxxxxxxxxxxxxxxxxxxxxxxxxxxxxxxxxxxxxxxxxxxxxxxxxxxxxxxxxxxxxxxxxxxxxxxxxxxxxxxxxxxxxxxxxxxxxxxxxxxxxxxxxxxxxxxxxxxxxxxxxxxxxxxxxxxxxxxxxxxxxxxxxxxxxxxxxxxxxxxxxxxxxxxxxxxxxxxxxxxxxxxxxxxxxxxxxxxxxxxxxxxxxxxxxxxxxxxxxxxxxxxxxxxxxxxxxxxxxxxxxxxxxxxxxxxxxxxx
2026-09-08 19:38:28 [INFO] tools: メモを追加しました（memo_571）: bulk memo 43 xxxxxxxxxxxxxxxxxxxxxxxxxxxxxxxxxxxxxxxxxxxxxxxxxxxxxxxxxxxxxxxxxxxxxxxxxxxxxxxxxxxxxxxxxxxxxxxxxxxxxxxxxxxxxxxxxxxxxxxxxxxxxxxxxxxxxxxxxxxxxxxxxxxxxxxxxxxxxxxxxxxxxxxxxxxxxxxxxxxxxxxxxxxxxxxxxxxxxxxxxxxxxxxxxxxxxxxxxxxxxxxxxxxxxxxxxxxxxxxxxxxxxxxxxxxxxxxxxxxxxxxxxxxxxxxxxxxxxxxxxxxxxxxxxxxxxxxxxxxxxxxxxxxxxxxxxxxxxxxxxxxxxxxxxxxxxxxxxxxxxxxxxxxxxxxxxxxxxxxxxxxxxxxxxxxxxxxxxxxxxxxxxxxxxxxxxxxxxxxx
2026-09-08 19:38:28 [INFO] tools: メモを追加しました（memo_572）: bulk memo 44 xxxxxxxxxxxxxxxxxxxxxxxxxxxxxxxxxxxxxxxxxxxxxxxxxxxxxxxxxxxxxxxxxxxxxxxxxxxxxxxxxxxxxxxxxxxxxxxxxxxxxxxxxxxxxxxxxxxxxxxxxxxxxxxxxxxxxxxxxxxxxxxxxxxxxxxxxxxxxxxxxxxxxxxxxxxxxxxxxxxxxxxxxxxxxxxxxxxxxxxxxxxxxxxxxxxxxxxxxxxxxxxxxxxxxxxxxxxxxxxxxxxxxxxxxxxxxxxxxxxxxxxxxxxxxxxxxxxxxxxxxxxxxxxxxxxxxxxxxxxxxxxxxxxxxxxxxxxxxxxxxxxxxxxxxxxxxxxxxxxxxxxxxxxxxxxxxxxxxxxxxxxxxxxxxxxxxxxxxxxxxxxxxxxxxxxxxxxxxxxx
2026-09-08 19:38:28 [INFO] tools: メモを追加しました（memo_573）: bulk memo 45 xxxxxxxxxxxxxxxxxxxxxxxxxxxxxxxxxxxxxxxxxxxxxxxxxxxxxxxxxxxxxxxxxxxxxxxxxxxxxxxxxxxxxxxxxxxxxxxxxxxxxxxxxxxxxxxxxxxxxxxxxxxxxxxxxxxxxxxxxxxxxxxxxxxxxxxxxxxxxxxxxxxxxxxxxxxxxxxxxxxxxxxxxxxxxxxxxxxxxxxxxxxxxxxxxxxxxxxxxxxxxxxxxxxxxxxxxxxxxxxxxxxxxxxxxxxxxxxxxxxxxxxxxxxxxxxxxxxxxxxxxxxxxxxxxxxxxxxxxxxxxxxxxxxxxxxxxxxxxxxxxxxxxxxxxxxxxxxxxxxxxxxxxxxxxxxxxxxxxxxxxxxxxxxxxxxxxxxxxxxxxxxxxxxxxxxxxxxxxxxx
2026-09-08 19:38:29 [INFO] tools: メモを追加しました（memo_574）: bulk memo 46 xxxxxxxxxxxxxxxxxxxxxxxxxxxxxxxxxxxxxxxxxxxxxxxxxxxxxxxxxxxxxxxxxxxxxxxxxxxxxxxxxxxxxxxxxxxxxxxxxxxxxxxxxxxxxxxxxxxxxxxxxxxxxxxxxxxxxxxxxxxxxxxxxxxxxxxxxxxxxxxxxxxxxxxxxxxxxxxxxxxxxxxxxxxxxxxxxxxxxxxxxxxxxxxxxxxxxxxxxxxxxxxxxxxxxxxxxxxxxxxxxxxxxxxxxxxxxxxxxxxxxxxxxxxxxxxxxxxxxxxxxxxxxxxxxxxxxxxxxxxxxxxxxxxxxxxxxxxxxxxxxxxxxxxxxxxxxxxxxxxxxxxxxxxxxxxxxxxxxxxxxxxxxxxxxxxxxxxxxxxxxxxxxxxxxxxxxxxxxxxx
2026-09-08 19:38:29 [INFO] tools: メモを追加しました（memo_575）: bulk memo 47 xxxxxxxxxxxxxxxxxxxxxxxxxxxxxxxxxxxxxxxxxxxxxxxxxxxxxxxxxxxxxxxxxxxxxxxxxxxxxxxxxxxxxxxxxxxxxxxxxxxxxxxxxxxxxxxxxxxxxxxxxxxxxxxxxxxxxxxxxxxxxxxxxxxxxxxxxxxxxxxxxxxxxxxxxxxxxxxxxxxxxxxxxxxxxxxxxxxxxxxxxxxxxxxxxxxxxxxxxxxxxxxxxxxxxxxxxxxxxxxxxxxxxxxxxxxxxxxxxxxxxxxxxxxxxxxxxxxxxxxxxxxxxxxxxxxxxxxxxxxxxxxxxxxxxxxxxxxxxxxxxxxxxxxxxxxxxxxxxxxxxxxxxxxxxxxxxxxxxxxxxxxxxxxxxxxxxxxxxxxxxxxxxxxxxxxxxxxxxxxx
2026-09-08 19:38:29 [INFO] tools: メモを追加しました（memo_576）: bulk memo 48 xxxxxxxxxxxxxxxxxxxxxxxxxxxxxxxxxxxxxxxxxxxxxxxxxxxxxxxxxxxxxxxxxxxxxxxxxxxxxxxxxxxxxxxxxxxxxxxxxxxxxxxxxxxxxxxxxxxxxxxxxxxxxxxxxxxxxxxxxxxxxxxxxxxxxxxxxxxxxxxxxxxxxxxxxxxxxxxxxxxxxxxxxxxxxxxxxxxxxxxxxxxxxxxxxxxxxxxxxxxxxxxxxxxxxxxxxxxxxxxxxxxxxxxxxxxxxxxxxxxxxxxxxxxxxxxxxxxxxxxxxxxxxxxxxxxxxxxxxxxxxxxxxxxxxxxxxxxxxxxxxxxxxxxxxxxxxxxxxxxxxxxxxxxxxxxxxxxxxxxxxxxxxxxxxxxxxxxxxxxxxxxxxxxxxxxxxxxxxxxx
2026-09-08 19:38:29 [INFO] tools: メモを追加しました（memo_577）: bulk memo 49 xxxxxxxxxxxxxxxxxxxxxxxxxxxxxxxxxxxxxxxxxxxxxxxxxxxxxxxxxxxxxxxxxxxxxxxxxxxxxxxxxxxxxxxxxxxxxxxxxxxxxxxxxxxxxxxxxxxxxxxxxxxxxxxxxxxxxxxxxxxxxxxxxxxxxxxxxxxxxxxxxxxxxxxxxxxxxxxxxxxxxxxxxxxxxxxxxxxxxxxxxxxxxxxxxxxxxxxxxxxxxxxxxxxxxxxxxxxxxxxxxxxxxxxxxxxxxxxxxxxxxxxxxxxxxxxxxxxxxxxxxxxxxxxxxxxxxxxxxxxxxxxxxxxxxxxxxxxxxxxxxxxxxxxxxxxxxxxxxxxxxxxxxxxxxxxxxxxxxxxxxxxxxxxxxxxxxxxxxxxxxxxxxxxxxxxxxxxxxxxx
2026-09-08 19:38:29 [INFO] tools: メモを追加しました（memo_578）: bulk memo 50 xxxxxxxxxxxxxxxxxxxxxxxxxxxxxxxxxxxxxxxxxxxxxxxxxxxxxxxxxxxxxxxxxxxxxxxxxxxxxxxxxxxxxxxxxxxxxxxxxxxxxxxxxxxxxxxxxxxxxxxxxxxxxxxxxxxxxxxxxxxxxxxxxxxxxxxxxxxxxxxxxxxxxxxxxxxxxxxxxxxxxxxxxxxxxxxxxxxxxxxxxxxxxxxxxxxxxxxxxxxxxxxxxxxxxxxxxxxxxxxxxxxxxxxxxxxxxxxxxxxxxxxxxxxxxxxxxxxxxxxxxxxxxxxxxxxxxxxxxxxxxxxxxxxxxxxxxxxxxxxxxxxxxxxxxxxxxxxxxxxxxxxxxxxxxxxxxxxxxxxxxxxxxxxxxxxxxxxxxxxxxxxxxxxxxxxxxxxxxxxx
2026-09-08 19:38:29 [INFO] tools: メモを追加しました（memo_579）: bulk memo 51 xxxxxxxxxxxxxxxxxxxxxxxxxxxxxxxxxxxxxxxxxxxxxxxxxxxxxxxxxxxxxxxxxxxxxxxxxxxxxxxxxxxxxxxxxxxxxxxxxxxxxxxxxxxxxxxxxxxxxxxxxxxxxxxxxxxxxxxxxxxxxxxxxxxxxxxxxxxxxxxxxxxxxxxxxxxxxxxxxxxxxxxxxxxxxxxxxxxxxxxxxxxxxxxxxxxxxxxxxxxxxxxxxxxxxxxxxxxxxxxxxxxxxxxxxxxxxxxxxxxxxxxxxxxxxxxxxxxxxxxxxxxxxxxxxxxxxxxxxxxxxxxxxxxxxxxxxxxxxxxxxxxxxxxxxxxxxxxxxxxxxxxxxxxxxxxxxxxxxxxxxxxxxxxxxxxxxxxxxxxxxxxxxxxxxxxxxxxxxxxx
2026-09-08 19:38:29 [INFO] tools: メモを追加しました（memo_580）: bulk memo 52 xxxxxxxxxxxxxxxxxxxxxxxxxxxxxxxxxxxxxxxxxxxxxxxxxxxxxxxxxxxxxxxxxxxxxxxxxxxxxxxxxxxxxxxxxxxxxxxxxxxxxxxxxxxxxxxxxxxxxxxxxxxxxxxxxxxxxxxxxxxxxxxxxxxxxxxxxxxxxxxxxxxxxxxxxxxxxxxxxxxxxxxxxxxxxxxxxxxxxxxxxxxxxxxxxxxxxxxxxxxxxxxxxxxxxxxxxxxxxxxxxxxxxxxxxxxxxxxxxxxxxxxxxxxxxxxxxxxxxxxxxxxxxxxxxxxxxxxxxxxxxxxxxxxxxxxxxxxxxxxxxxxxxxxxxxxxxxxxxxxxxxxxxxxxxxxxxxxxxxxxxxxxxxxxxxxxxxxxxxxxxxxxxxxxxxxxxxxxxxxx
2026-09-08 19:38:29 [INFO] tools: メモを追加しました（memo_581）: bulk memo 53 xxxxxxxxxxxxxxxxxxxxxxxxxxxxxxxxxxxxxxxxxxxxxxxxxxxxxxxxxxxxxxxxxxxxxxxxxxxxxxxxxxxxxxxxxxxxxxxxxxxxxxxxxxxxxxxxxxxxxxxxxxxxxxxxxxxxxxxxxxxxxxxxxxxxxxxxxxxxxxxxxxxxxxxxxxxxxxxxxxxxxxxxxxxxxxxxxxxxxxxxxxxxxxxxxxxxxxxxxxxxxxxxxxxxxxxxxxxxxxxxxxxxxxxxxxxxxxxxxxxxxxxxxxxxxxxxxxxxxxxxxxxxxxxxxxxxxxxxxxxxxxxxxxxxxxxxxxxxxxxxxxxxxxxxxxxxxxxxxxxxxxxxxxxxxxxxxxxxxxxxxxxxxxxxxxxxxxxxxxxxxxxxxxxxxxxxxxxxxxxx
2026-09-08 19:38:29 [INFO] tools: メモを追加しました（memo_582）: bulk memo 54 xxxxxxxxxxxxxxxxxxxxxxxxxxxxxxxxxxxxxxxxxxxxxxxxxxxxxxxxxxxxxxxxxxxxxxxxxxxxxxxxxxxxxxxxxxxxxxxxxxxxxxxxxxxxxxxxxxxxxxxxxxxxxxxxxxxxxxxxxxxxxxxxxxxxxxxxxxxxxxxxxxxxxxxxxxxxxxxxxxxxxxxxxxxxxxxxxxxxxxxxxxxxxxxxxxxxxxxxxxxxxxxxxxxxxxxxxxxxxxxxxxxxxxxxxxxxxxxxxxxxxxxxxxxxxxxxxxxxxxxxxxxxxxxxxxxxxxxxxxxxxxxxxxxxxxxxxxxxxxxxxxxxxxxxxxxxxxxxxxxxxxxxxxxxxxxxxxxxxxxxxxxxxxxxxxxxxxxxxxxxxxxxxxxxxxxxxxxxxxxx
2026-09-08 19:38:29 [INFO] tools: メモを追加しました（memo_583）: bulk memo 55 xxxxxxxxxxxxxxxxxxxxxxxxxxxxxxxxxxxxxxxxxxxxxxxxxxxxxxxxxxxxxxxxxxxxxxxxxxxxxxxxxxxxxxxxxxxxxxxxxxxxxxxxxxxxxxxxxxxxxxxxxxxxxxxxxxxxxxxxxxxxxxxxxxxxxxxxxxxxxxxxxxxxxxxxxxxxxxxxxxxxxxxxxxxxxxxxxxxxxxxxxxxxxxxxxxxxxxxxxxxxxxxxxxxxxxxxxxxxxxxxxxxxxxxxxxxxxxxxxxxxxxxxxxxxxxxxxxxxxxxxxxxxxxxxxxxxxxxxxxxxxxxxxxxxxxxxxxxxxxxxxxxxxxxxxxxxxxxxxxxxxxxxxxxxxxxxxxxxxxxxxxxxxxxxxxxxxxxxxxxxxxxxxxxxxxxxxxxxxxxx
2026-09-08 19:38:29 [INFO] tools: メモを追加しました（memo_584）: bulk memo 56 xxxxxxxxxxxxxxxxxxxxxxxxxxxxxxxxxxxxxxxxxxxxxxxxxxxxxxxxxxxxxxxxxxxxxxxxxxxxxxxxxxxxxxxxxxxxxxxxxxxxxxxxxxxxxxxxxxxxxxxxxxxxxxxxxxxxxxxxxxxxxxxxxxxxxxxxxxxxxxxxxxxxxxxxxxxxxxxxxxxxxxxxxxxxxxxxxxxxxxxxxxxxxxxxxxxxxxxxxxxxxxxxxxxxxxxxxxxxxxxxxxxxxxxxxxxxxxxxxxxxxxxxxxxxxxxxxxxxxxxxxxxxxxxxxxxxxxxxxxxxxxxxxxxxxxxxxxxxxxxxxxxxxxxxxxxxxxxxxxxxxxxxxxxxxxxxxxxxxxxxxxxxxxxxxxxxxxxxxxxxxxxxxxxxxxxxxxxxxxxx
2026-09-08 19:38:29 [INFO] tools: メモを追加しました（memo_585）: bulk memo 57 xxxxxxxxxxxxxxxxxxxxxxxxxxxxxxxxxxxxxxxxxxxxxxxxxxxxxxxxxxxxxxxxxxxxxxxxxxxxxxxxxxxxxxxxxxxxxxxxxxxxxxxxxxxxxxxxxxxxxxxxxxxxxxxxxxxxxxxxxxxxxxxxxxxxxxxxxxxxxxxxxxxxxxxxxxxxxxxxxxxxxxxxxxxxxxxxxxxxxxxxxxxxxxxxxxxxxxxxxxxxxxxxxxxxxxxxxxxxxxxxxxxxxxxxxxxxxxxxxxxxxxxxxxxxxxxxxxxxxxxxxxxxxxxxxxxxxxxxxxxxxxxxxxxxxxxxxxxxxxxxxxxxxxxxxxxxxxxxxxxxxxxxxxxxxxxxxxxxxxxxxxxxxxxxxxxxxxxxxxxxxxxxxxxxxxxxxxxxxxxx
2026-09-08 19:38:29 [INFO] tools: メモを追加しました（memo_586）: bulk memo 58 xxxxxxxxxxxxxxxxxxxxxxxxxxxxxxxxxxxxxxxxxxxxxxxxxxxxxxxxxxxxxxxxxxxxxxxxxxxxxxxxxxxxxxxxxxxxxxxxxxxxxxxxxxxxxxxxxxxxxxxxxxxxxxxxxxxxxxxxxxxxxxxxxxxxxxxxxxxxxxxxxxxxxxxxxxxxxxxxxxxxxxxxxxxxxxxxxxxxxxxxxxxxxxxxxxxxxxxxxxxxxxxxxxxxxxxxxxxxxxxxxxxxxxxxxxxxxxxxxxxxxxxxxxxxxxxxxxxxxxxxxxxxxxxxxxxxxxxxxxxxxxxxxxxxxxxxxxxxxxxxxxxxxxxxxxxxxxxxxxxxxxxxxxxxxxxxxxxxxxxxxxxxxxxxxxxxxxxxxxxxxxxxxxxxxxxxxxxxxxxx
2026-09-08 19:38:29 [INFO] tools: メモを追加しました（memo_587）: bulk memo 59 xxxxxxxxxxxxxxxxxxxxxxxxxxxxxxxxxxxxxxxxxxxxxxxxxxxxxxxxxxxxxxxxxxxxxxxxxxxxxxxxxxxxxxxxxxxxxxxxxxxxxxxxxxxxxxxxxxxxxxxxxxxxxxxxxxxxxxxxxxxxxxxxxxxxxxxxxxxxxxxxxxxxxxxxxxxxxxxxxxxxxxxxxxxxxxxxxxxxxxxxxxxxxxxxxxxxxxxxxxxxxxxxxxxxxxxxxxxxxxxxxxxxxxxxxxxxxxxxxxxxxxxxxxxxxxxxxxxxxxxxxxxxxxxxxxxxxxxxxxxxxxxxxxxxxxxxxxxxxxxxxxxxxxxxxxxxxxxxxxxxxxxxxxxxxxxxxxxxxxxxxxxxxxxxxxxxxxxxxxxxxxxxxxxxxxxxxxxxxxxx
2026-09-08 19:38:29 [INFO] tools: メモを追加しました（memo_588）: bulk memo 60 xxxxxxxxxxxxxxxxxxxxxxxxxxxxxxxxxxxxxxxxxxxxxxxxxxxxxxxxxxxxxxxxxxxxxxxxxxxxxxxxxxxxxxxxxxxxxxxxxxxxxxxxxxxxxxxxxxxxxxxxxxxxxxxxxxxxxxxxxxxxxxxxxxxxxxxxxxxxxxxxxxxxxxxxxxxxxxxxxxxxxxxxxxxxxxxxxxxxxxxxxxxxxxxxxxxxxxxxxxxxxxxxxxxxxxxxxxxxxxxxxxxxxxxxxxxxxxxxxxxxxxxxxxxxxxxxxxxxxxxxxxxxxxxxxxxxxxxxxxxxxxxxxxxxxxxxxxxxxxxxxxxxxxxxxxxxxxxxxxxxxxxxxxxxxxxxxxxxxxxxxxxxxxxxxxxxxxxxxxxxxxxxxxxxxxxxxxxxxxxx
2026-09-08 19:38:29 [INFO] tools: メモを追加しました（memo_589）: bulk memo 61 xxxxxxxxxxxxxxxxxxxxxxxxxxxxxxxxxxxxxxxxxxxxxxxxxxxxxxxxxxxxxxxxxxxxxxxxxxxxxxxxxxxxxxxxxxxxxxxxxxxxxxxxxxxxxxxxxxxxxxxxxxxxxxxxxxxxxxxxxxxxxxxxxxxxxxxxxxxxxxxxxxxxxxxxxxxxxxxxxxxxxxxxxxxxxxxxxxxxxxxxxxxxxxxxxxxxxxxxxxxxxxxxxxxxxxxxxxxxxxxxxxxxxxxxxxxxxxxxxxxxxxxxxxxxxxxxxxxxxxxxxxxxxxxxxxxxxxxxxxxxxxxxxxxxxxxxxxxxxxxxxxxxxxxxxxxxxxxxxxxxxxxxxxxxxxxxxxxxxxxxxxxxxxxxxxxxxxxxxxxxxxxxxxxxxxxxxxxxxxxx
2026-09-08 19:38:29 [INFO] tools: メモを追加しました（memo_590）: bulk memo 62 xxxxxxxxxxxxxxxxxxxxxxxxxxxxxxxxxxxxxxxxxxxxxxxxxxxxxxxxxxxxxxxxxxxxxxxxxxxxxxxxxxxxxxxxxxxxxxxxxxxxxxxxxxxxxxxxxxxxxxxxxxxxxxxxxxxxxxxxxxxxxxxxxxxxxxxxxxxxxxxxxxxxxxxxxxxxxxxxxxxxxxxxxxxxxxxxxxxxxxxxxxxxxxxxxxxxxxxxxxxxxxxxxxxxxxxxxxxxxxxxxxxxxxxxxxxxxxxxxxxxxxxxxxxxxxxxxxxxxxxxxxxxxxxxxxxxxxxxxxxxxxxxxxxxxxxxxxxxxxxxxxxxxxxxxxxxxxxxxxxxxxxxxxxxxxxxxxxxxxxxxxxxxxxxxxxxxxxxxxxxxxxxxxxxxxxxxxxxxxxx
2026-09-08 19:38:29 [INFO] tools: メモを追加しました（memo_591）: bulk memo 63 xxxxxxxxxxxxxxxxxxxxxxxxxxxxxxxxxxxxxxxxxxxxxxxxxxxxxxxxxxxxxxxxxxxxxxxxxxxxxxxxxxxxxxxxxxxxxxxxxxxxxxxxxxxxxxxxxxxxxxxxxxxxxxxxxxxxxxxxxxxxxxxxxxxxxxxxxxxxxxxxxxxxxxxxxxxxxxxxxxxxxxxxxxxxxxxxxxxxxxxxxxxxxxxxxxxxxxxxxxxxxxxxxxxxxxxxxxxxxxxxxxxxxxxxxxxxxxxxxxxxxxxxxxxxxxxxxxxxxxxxxxxxxxxxxxxxxxxxxxxxxxxxxxxxxxxxxxxxxxxxxxxxxxxxxxxxxxxxxxxxxxxxxxxxxxxxxxxxxxxxxxxxxxxxxxxxxxxxxxxxxxxxxxxxxxxxxxxxxxxx
2026-09-08 19:38:29 [INFO] tools: メモを追加しました（memo_592）: bulk memo 64 xxxxxxxxxxxxxxxxxxxxxxxxxxxxxxxxxxxxxxxxxxxxxxxxxxxxxxxxxxxxxxxxxxxxxxxxxxxxxxxxxxxxxxxxxxxxxxxxxxxxxxxxxxxxxxxxxxxxxxxxxxxxxxxxxxxxxxxxxxxxxxxxxxxxxxxxxxxxxxxxxxxxxxxxxxxxxxxxxxxxxxxxxxxxxxxxxxxxxxxxxxxxxxxxxxxxxxxxxxxxxxxxxxxxxxxxxxxxxxxxxxxxxxxxxxxxxxxxxxxxxxxxxxxxxxxxxxxxxxxxxxxxxxxxxxxxxxxxxxxxxxxxxxxxxxxxxxxxxxxxxxxxxxxxxxxxxxxxxxxxxxxxxxxxxxxxxxxxxxxxxxxxxxxxxxxxxxxxxxxxxxxxxxxxxxxxxxxxxxxx
2026-09-08 19:38:29 [INFO] tools: メモを追加しました（memo_593）: bulk memo 65 xxxxxxxxxxxxxxxxxxxxxxxxxxxxxxxxxxxxxxxxxxxxxxxxxxxxxxxxxxxxxxxxxxxxxxxxxxxxxxxxxxxxxxxxxxxxxxxxxxxxxxxxxxxxxxxxxxxxxxxxxxxxxxxxxxxxxxxxxxxxxxxxxxxxxxxxxxxxxxxxxxxxxxxxxxxxxxxxxxxxxxxxxxxxxxxxxxxxxxxxxxxxxxxxxxxxxxxxxxxxxxxxxxxxxxxxxxxxxxxxxxxxxxxxxxxxxxxxxxxxxxxxxxxxxxxxxxxxxxxxxxxxxxxxxxxxxxxxxxxxxxxxxxxxxxxxxxxxxxxxxxxxxxxxxxxxxxxxxxxxxxxxxxxxxxxxxxxxxxxxxxxxxxxxxxxxxxxxxxxxxxxxxxxxxxxxxxxxxxxx
2026-09-08 19:38:29 [INFO] tools: メモを追加しました（memo_594）: bulk memo 66 xxxxxxxxxxxxxxxxxxxxxxxxxxxxxxxxxxxxxxxxxxxxxxxxxxxxxxxxxxxxxxxxxxxxxxxxxxxxxxxxxxxxxxxxxxxxxxxxxxxxxxxxxxxxxxxxxxxxxxxxxxxxxxxxxxxxxxxxxxxxxxxxxxxxxxxxxxxxxxxxxxxxxxxxxxxxxxxxxxxxxxxxxxxxxxxxxxxxxxxxxxxxxxxxxxxxxxxxxxxxxxxxxxxxxxxxxxxxxxxxxxxxxxxxxxxxxxxxxxxxxxxxxxxxxxxxxxxxxxxxxxxxxxxxxxxxxxxxxxxxxxxxxxxxxxxxxxxxxxxxxxxxxxxxxxxxxxxxxxxxxxxxxxxxxxxxxxxxxxxxxxxxxxxxxxxxxxxxxxxxxxxxxxxxxxxxxxxxxxxx
2026-09-08 19:38:29 [INFO] tools: メモを追加しました（memo_595）: bulk memo 67 xxxxxxxxxxxxxxxxxxxxxxxxxxxxxxxxxxxxxxxxxxxxxxxxxxxxxxxxxxxxxxxxxxxxxxxxxxxxxxxxxxxxxxxxxxxxxxxxxxxxxxxxxxxxxxxxxxxxxxxxxxxxxxxxxxxxxxxxxxxxxxxxxxxxxxxxxxxxxxxxxxxxxxxxxxxxxxxxxxxxxxxxxxxxxxxxxxxxxxxxxxxxxxxxxxxxxxxxxxxxxxxxxxxxxxxxxxxxxxxxxxxxxxxxxxxxxxxxxxxxxxxxxxxxxxxxxxxxxxxxxxxxxxxxxxxxxxxxxxxxxxxxxxxxxxxxxxxxxxxxxxxxxxxxxxxxxxxxxxxxxxxxxxxxxxxxxxxxxxxxxxxxxxxxxxxxxxxxxxxxxxxxxxxxxxxxxxxxxxxx
2026-09-08 19:38:29 [INFO] tools: メモを追加しました（memo_596）: bulk memo 68 xxxxxxxxxxxxxxxxxxxxxxxxxxxxxxxxxxxxxxxxxxxxxxxxxxxxxxxxxxxxxxxxxxxxxxxxxxxxxxxxxxxxxxxxxxxxxxxxxxxxxxxxxxxxxxxxxxxxxxxxxxxxxxxxxxxxxxxxxxxxxxxxxxxxxxxxxxxxxxxxxxxxxxxxxxxxxxxxxxxxxxxxxxxxxxxxxxxxxxxxxxxxxxxxxxxxxxxxxxxxxxxxxxxxxxxxxxxxxxxxxxxxxxxxxxxxxxxxxxxxxxxxxxxxxxxxxxxxxxxxxxxxxxxxxxxxxxxxxxxxxxxxxxxxxxxxxxxxxxxxxxxxxxxxxxxxxxxxxxxxxxxxxxxxxxxxxxxxxxxxxxxxxxxxxxxxxxxxxxxxxxxxxxxxxxxxxxxxxxxx
2026-09-08 19:38:29 [INFO] tools: メモを追加しました（memo_597）: bulk memo 69 xxxxxxxxxxxxxxxxxxxxxxxxxxxxxxxxxxxxxxxxxxxxxxxxxxxxxxxxxxxxxxxxxxxxxxxxxxxxxxxxxxxxxxxxxxxxxxxxxxxxxxxxxxxxxxxxxxxxxxxxxxxxxxxxxxxxxxxxxxxxxxxxxxxxxxxxxxxxxxxxxxxxxxxxxxxxxxxxxxxxxxxxxxxxxxxxxxxxxxxxxxxxxxxxxxxxxxxxxxxxxxxxxxxxxxxxxxxxxxxxxxxxxxxxxxxxxxxxxxxxxxxxxxxxxxxxxxxxxxxxxxxxxxxxxxxxxxxxxxxxxxxxxxxxxxxxxxxxxxxxxxxxxxxxxxxxxxxxxxxxxxxxxxxxxxxxxxxxxxxxxxxxxxxxxxxxxxxxxxxxxxxxxxxxxxxxxxxxxxxx
2026-09-08 19:38:29 [INFO] tools: メモを追加しました（memo_598）: bulk memo 70 xxxxxxxxxxxxxxxxxxxxxxxxxxxxxxxxxxxxxxxxxxxxxxxxxxxxxxxxxxxxxxxxxxxxxxxxxxxxxxxxxxxxxxxxxxxxxxxxxxxxxxxxxxxxxxxxxxxxxxxxxxxxxxxxxxxxxxxxxxxxxxxxxxxxxxxxxxxxxxxxxxxxxxxxxxxxxxxxxxxxxxxxxxxxxxxxxxxxxxxxxxxxxxxxxxxxxxxxxxxxxxxxxxxxxxxxxxxxxxxxxxxxxxxxxxxxxxxxxxxxxxxxxxxxxxxxxxxxxxxxxxxxxxxxxxxxxxxxxxxxxxxxxxxxxxxxxxxxxxxxxxxxxxxxxxxxxxxxxxxxxxxxxxxxxxxxxxxxxxxxxxxxxxxxxxxxxxxxxxxxxxxxxxxxxxxxxxxxxxxx
2026-09-08 19:38:29 [INFO] tools: メモを追加しました（memo_599）: bulk memo 71 xxxxxxxxxxxxxxxxxxxxxxxxxxxxxxxxxxxxxxxxxxxxxxxxxxxxxxxxxxxxxxxxxxxxxxxxxxxxxxxxxxxxxxxxxxxxxxxxxxxxxxxxxxxxxxxxxxxxxxxxxxxxxxxxxxxxxxxxxxxxxxxxxxxxxxxxxxxxxxxxxxxxxxxxxxxxxxxxxxxxxxxxxxxxxxxxxxxxxxxxxxxxxxxxxxxxxxxxxxxxxxxxxxxxxxxxxxxxxxxxxxxxxxxxxxxxxxxxxxxxxxxxxxxxxxxxxxxxxxxxxxxxxxxxxxxxxxxxxxxxxxxxxxxxxxxxxxxxxxxxxxxxxxxxxxxxxxxxxxxxxxxxxxxxxxxxxxxxxxxxxxxxxxxxxxxxxxxxxxxxxxxxxxxxxxxxxxxxxxxx
2026-09-08 19:38:29 [INFO] tools: メモを追加しました（memo_600）: bulk memo 72 xxxxxxxxxxxxxxxxxxxxxxxxxxxxxxxxxxxxxxxxxxxxxxxxxxxxxxxxxxxxxxxxxxxxxxxxxxxxxxxxxxxxxxxxxxxxxxxxxxxxxxxxxxxxxxxxxxxxxxxxxxxxxxxxxxxxxxxxxxxxxxxxxxxxxxxxxxxxxxxxxxxxxxxxxxxxxxxxxxxxxxxxxxxxxxxxxxxxxxxxxxxxxxxxxxxxxxxxxxxxxxxxxxxxxxxxxxxxxxxxxxxxxxxxxxxxxxxxxxxxxxxxxxxxxxxxxxxxxxxxxxxxxxxxxxxxxxxxxxxxxxxxxxxxxxxxxxxxxxxxxxxxxxxxxxxxxxxxxxxxxxxxxxxxxxxxxxxxxxxxxxxxxxxxxxxxxxxxxxxxxxxxxxxxxxxxxxxxxxxx
2026-09-08 19:38:29 [INFO] tools: メモを追加しました（memo_601）: bulk memo 73 xxxxxxxxxxxxxxxxxxxxxxxxxxxxxxxxxxxxxxxxxxxxxxxxxxxxxxxxxxxxxxxxxxxxxxxxxxxxxxxxxxxxxxxxxxxxxxxxxxxxxxxxxxxxxxxxxxxxxxxxxxxxxxxxxxxxxxxxxxxxxxxxxxxxxxxxxxxxxxxxxxxxxxxxxxxxxxxxxxxxxxxxxxxxxxxxxxxxxxxxxxxxxxxxxxxxxxxxxxxxxxxxxxxxxxxxxxxxxxxxxxxxxxxxxxxxxxxxxxxxxxxxxxxxxxxxxxxxxxxxxxxxxxxxxxxxxxxxxxxxxxxxxxxxxxxxxxxxxxxxxxxxxxxxxxxxxxxxxxxxxxxxxxxxxxxxxxxxxxxxxxxxxxxxxxxxxxxxxxxxxxxxxxxxxxxxxxxxxxxx
2026-09-08 19:38:29 [INFO] tools: メモを追加しました（memo_602）: bulk memo 74 xxxxxxxxxxxxxxxxxxxxxxxxxxxxxxxxxxxxxxxxxxxxxxxxxxxxxxxxxxxxxxxxxxxxxxxxxxxxxxxxxxxxxxxxxxxxxxxxxxxxxxxxxxxxxxxxxxxxxxxxxxxxxxxxxxxxxxxxxxxxxxxxxxxxxxxxxxxxxxxxxxxxxxxxxxxxxxxxxxxxxxxxxxxxxxxxxxxxxxxxxxxxxxxxxxxxxxxxxxxxxxxxxxxxxxxxxxxxxxxxxxxxxxxxxxxxxxxxxxxxxxxxxxxxxxxxxxxxxxxxxxxxxxxxxxxxxxxxxxxxxxxxxxxxxxxxxxxxxxxxxxxxxxxxxxxxxxxxxxxxxxxxxxxxxxxxxxxxxxxxxxxxxxxxxxxxxxxxxxxxxxxxxxxxxxxxxxxxxxxx
2026-09-08 19:38:29 [INFO] tools: メモを追加しました（memo_603）: bulk memo 75 xxxxxxxxxxxxxxxxxxxxxxxxxxxxxxxxxxxxxxxxxxxxxxxxxxxxxxxxxxxxxxxxxxxxxxxxxxxxxxxxxxxxxxxxxxxxxxxxxxxxxxxxxxxxxxxxxxxxxxxxxxxxxxxxxxxxxxxxxxxxxxxxxxxxxxxxxxxxxxxxxxxxxxxxxxxxxxxxxxxxxxxxxxxxxxxxxxxxxxxxxxxxxxxxxxxxxxxxxxxxxxxxxxxxxxxxxxxxxxxxxxxxxxxxxxxxxxxxxxxxxxxxxxxxxxxxxxxxxxxxxxxxxxxxxxxxxxxxxxxxxxxxxxxxxxxxxxxxxxxxxxxxxxxxxxxxxxxxxxxxxxxxxxxxxxxxxxxxxxxxxxxxxxxxxxxxxxxxxxxxxxxxxxxxxxxxxxxxxxxx
2026-09-08 19:38:29 [INFO] tools: メモを追加しました（memo_604）: bulk memo 76 xxxxxxxxxxxxxxxxxxxxxxxxxxxxxxxxxxxxxxxxxxxxxxxxxxxxxxxxxxxxxxxxxxxxxxxxxxxxxxxxxxxxxxxxxxxxxxxxxxxxxxxxxxxxxxxxxxxxxxxxxxxxxxxxxxxxxxxxxxxxxxxxxxxxxxxxxxxxxxxxxxxxxxxxxxxxxxxxxxxxxxxxxxxxxxxxxxxxxxxxxxxxxxxxxxxxxxxxxxxxxxxxxxxxxxxxxxxxxxxxxxxxxxxxxxxxxxxxxxxxxxxxxxxxxxxxxxxxxxxxxxxxxxxxxxxxxxxxxxxxxxxxxxxxxxxxxxxxxxxxxxxxxxxxxxxxxxxxxxxxxxxxxxxxxxxxxxxxxxxxxxxxxxxxxxxxxxxxxxxxxxxxxxxxxxxxxxxxxxxx
2026-09-08 19:38:29 [INFO] tools: メモを追加しました（memo_605）: bulk memo 77 xxxxxxxxxxxxxxxxxxxxxxxxxxxxxxxxxxxxxxxxxxxxxxxxxxxxxxxxxxxxxxxxxxxxxxxxxxxxxxxxxxxxxxxxxxxxxxxxxxxxxxxxxxxxxxxxxxxxxxxxxxxxxxxxxxxxxxxxxxxxxxxxxxxxxxxxxxxxxxxxxxxxxxxxxxxxxxxxxxxxxxxxxxxxxxxxxxxxxxxxxxxxxxxxxxxxxxxxxxxxxxxxxxxxxxxxxxxxxxxxxxxxxxxxxxxxxxxxxxxxxxxxxxxxxxxxxxxxxxxxxxxxxxxxxxxxxxxxxxxxxxxxxxxxxxxxxxxxxxxxxxxxxxxxxxxxxxxxxxxxxxxxxxxxxxxxxxxxxxxxxxxxxxxxxxxxxxxxxxxxxxxxxxxxxxxxxxxxxxxx
2026-09-08 19:38:29 [INFO] tools: メモを追加しました（memo_606）: bulk memo 78 xxxxxxxxxxxxxxxxxxxxxxxxxxxxxxxxxxxxxxxxxxxxxxxxxxxxxxxxxxxxxxxxxxxxxxxxxxxxxxxxxxxxxxxxxxxxxxxxxxxxxxxxxxxxxxxxxxxxxxxxxxxxxxxxxxxxxxxxxxxxxxxxxxxxxxxxxxxxxxxxxxxxxxxxxxxxxxxxxxxxxxxxxxxxxxxxxxxxxxxxxxxxxxxxxxxxxxxxxxxxxxxxxxxxxxxxxxxxxxxxxxxxxxxxxxxxxxxxxxxxxxxxxxxxxxxxxxxxxxxxxxxxxxxxxxxxxxxxxxxxxxxxxxxxxxxxxxxxxxxxxxxxxxxxxxxxxxxxxxxxxxxxxxxxxxxxxxxxxxxxxxxxxxxxxxxxxxxxxxxxxxxxxxxxxxxxxxxxxxxx
2026-09-08 19:38:29 [INFO] tools: メモを追加しました（memo_607）: bulk memo 79 xxxxxxxxxxxxxxxxxxxxxxxxxxxxxxxxxxxxxxxxxxxxxxxxxxxxxxxxxxxxxxxxxxxxxxxxxxxxxxxxxxxxxxxxxxxxxxxxxxxxxxxxxxxxxxxxxxxxxxxxxxxxxxxxxxxxxxxxxxxxxxxxxxxxxxxxxxxxxxxxxxxxxxxxxxxxxxxxxxxxxxxxxxxxxxxxxxxxxxxxxxxxxxxxxxxxxxxxxxxxxxxxxxxxxxxxxxxxxxxxxxxxxxxxxxxxxxxxxxxxxxxxxxxxxxxxxxxxxxxxxxxxxxxxxxxxxxxxxxxxxxxxxxxxxxxxxxxxxxxxxxxxxxxxxxxxxxxxxxxxxxxxxxxxxxxxxxxxxxxxxxxxxxxxxxxxxxxxxxxxxxxxxxxxxxxxxxxxxxxx
2026-09-08 19:38:29 [INFO] tools: メモを追加しました（memo_608）: bulk memo 80 xxxxxxxxxxxxxxxxxxxxxxxxxxxxxxxxxxxxxxxxxxxxxxxxxxxxxxxxxxxxxxxxxxxxxxxxxxxxxxxxxxxxxxxxxxxxxxxxxxxxxxxxxxxxxxxxxxxxxxxxxxxxxxxxxxxxxxxxxxxxxxxxxxxxxxxxxxxxxxxxxxxxxxxxxxxxxxxxxxxxxxxxxxxxxxxxxxxxxxxxxxxxxxxxxxxxxxxxxxxxxxxxxxxxxxxxxxxxxxxxxxxxxxxxxxxxxxxxxxxxxxxxxxxxxxxxxxxxxxxxxxxxxxxxxxxxxxxxxxxxxxxxxxxxxxxxxxxxxxxxxxxxxxxxxxxxxxxxxxxxxxxxxxxxxxxxxxxxxxxxxxxxxxxxxxxxxxxxxxxxxxxxxxxxxxxxxxxxxxxx
2026-09-08 19:38:29 [INFO] tools: メモを追加しました（memo_609）: bulk memo 81 xxxxxxxxxxxxxxxxxxxxxxxxxxxxxxxxxxxxxxxxxxxxxxxxxxxxxxxxxxxxxxxxxxxxxxxxxxxxxxxxxxxxxxxxxxxxxxxxxxxxxxxxxxxxxxxxxxxxxxxxxxxxxxxxxxxxxxxxxxxxxxxxxxxxxxxxxxxxxxxxxxxxxxxxxxxxxxxxxxxxxxxxxxxxxxxxxxxxxxxxxxxxxxxxxxxxxxxxxxxxxxxxxxxxxxxxxxxxxxxxxxxxxxxxxxxxxxxxxxxxxxxxxxxxxxxxxxxxxxxxxxxxxxxxxxxxxxxxxxxxxxxxxxxxxxxxxxxxxxxxxxxxxxxxxxxxxxxxxxxxxxxxxxxxxxxxxxxxxxxxxxxxxxxxxxxxxxxxxxxxxxxxxxxxxxxxxxxxxxxx
2026-09-08 19:38:29 [INFO] tools: メモを追加しました（memo_610）: bulk memo 82 xxxxxxxxxxxxxxxxxxxxxxxxxxxxxxxxxxxxxxxxxxxxxxxxxxxxxxxxxxxxxxxxxxxxxxxxxxxxxxxxxxxxxxxxxxxxxxxxxxxxxxxxxxxxxxxxxxxxxxxxxxxxxxxxxxxxxxxxxxxxxxxxxxxxxxxxxxxxxxxxxxxxxxxxxxxxxxxxxxxxxxxxxxxxxxxxxxxxxxxxxxxxxxxxxxxxxxxxxxxxxxxxxxxxxxxxxxxxxxxxxxxxxxxxxxxxxxxxxxxxxxxxxxxxxxxxxxxxxxxxxxxxxxxxxxxxxxxxxxxxxxxxxxxxxxxxxxxxxxxxxxxxxxxxxxxxxxxxxxxxxxxxxxxxxxxxxxxxxxxxxxxxxxxxxxxxxxxxxxxxxxxxxxxxxxxxxxxxxxxx
2026-09-08 19:38:29 [INFO] tools: メモを追加しました（memo_611）: bulk memo 83 xxxxxxxxxxxxxxxxxxxxxxxxxxxxxxxxxxxxxxxxxxxxxxxxxxxxxxxxxxxxxxxxxxxxxxxxxxxxxxxxxxxxxxxxxxxxxxxxxxxxxxxxxxxxxxxxxxxxxxxxxxxxxxxxxxxxxxxxxxxxxxxxxxxxxxxxxxxxxxxxxxxxxxxxxxxxxxxxxxxxxxxxxxxxxxxxxxxxxxxxxxxxxxxxxxxxxxxxxxxxxxxxxxxxxxxxxxxxxxxxxxxxxxxxxxxxxxxxxxxxxxxxxxxxxxxxxxxxxxxxxxxxxxxxxxxxxxxxxxxxxxxxxxxxxxxxxxxxxxxxxxxxxxxxxxxxxxxxxxxxxxxxxxxxxxxxxxxxxxxxxxxxxxxxxxxxxxxxxxxxxxxxxxxxxxxxxxxxxxxx
2026-09-08 19:38:29 [INFO] tools: メモを追加しました（memo_612）: bulk memo 84 xxxxxxxxxxxxxxxxxxxxxxxxxxxxxxxxxxxxxxxxxxxxxxxxxxxxxxxxxxxxxxxxxxxxxxxxxxxxxxxxxxxxxxxxxxxxxxxxxxxxxxxxxxxxxxxxxxxxxxxxxxxxxxxxxxxxxxxxxxxxxxxxxxxxxxxxxxxxxxxxxxxxxxxxxxxxxxxxxxxxxxxxxxxxxxxxxxxxxxxxxxxxxxxxxxxxxxxxxxxxxxxxxxxxxxxxxxxxxxxxxxxxxxxxxxxxxxxxxxxxxxxxxxxxxxxxxxxxxxxxxxxxxxxxxxxxxxxxxxxxxxxxxxxxxxxxxxxxxxxxxxxxxxxxxxxxxxxxxxxxxxxxxxxxxxxxxxxxxxxxxxxxxxxxxxxxxxxxxxxxxxxxxxxxxxxxxxxxxxxx
2026-09-08 19:38:29 [INFO] tools: メモを追加しました（memo_613）: bulk memo 85 xxxxxxxxxxxxxxxxxxxxxxxxxxxxxxxxxxxxxxxxxxxxxxxxxxxxxxxxxxxxxxxxxxxxxxxxxxxxxxxxxxxxxxxxxxxxxxxxxxxxxxxxxxxxxxxxxxxxxxxxxxxxxxxxxxxxxxxxxxxxxxxxxxxxxxxxxxxxxxxxxxxxxxxxxxxxxxxxxxxxxxxxxxxxxxxxxxxxxxxxxxxxxxxxxxxxxxxxxxxxxxxxxxxxxxxxxxxxxxxxxxxxxxxxxxxxxxxxxxxxxxxxxxxxxxxxxxxxxxxxxxxxxxxxxxxxxxxxxxxxxxxxxxxxxxxxxxxxxxxxxxxxxxxxxxxxxxxxxxxxxxxxxxxxxxxxxxxxxxxxxxxxxxxxxxxxxxxxxxxxxxxxxxxxxxxxxxxxxxxx
2026-09-08 19:38:29 [INFO] tools: メモを追加しました（memo_614）: bulk memo 86 xxxxxxxxxxxxxxxxxxxxxxxxxxxxxxxxxxxxxxxxxxxxxxxxxxxxxxxxxxxxxxxxxxxxxxxxxxxxxxxxxxxxxxxxxxxxxxxxxxxxxxxxxxxxxxxxxxxxxxxxxxxxxxxxxxxxxxxxxxxxxxxxxxxxxxxxxxxxxxxxxxxxxxxxxxxxxxxxxxxxxxxxxxxxxxxxxxxxxxxxxxxxxxxxxxxxxxxxxxxxxxxxxxxxxxxxxxxxxxxxxxxxxxxxxxxxxxxxxxxxxxxxxxxxxxxxxxxxxxxxxxxxxxxxxxxxxxxxxxxxxxxxxxxxxxxxxxxxxxxxxxxxxxxxxxxxxxxxxxxxxxxxxxxxxxxxxxxxxxxxxxxxxxxxxxxxxxxxxxxxxxxxxxxxxxxxxxxxxxxx
2026-09-08 19:38:29 [INFO] tools: メモを追加しました（memo_615）: bulk memo 87 xxxxxxxxxxxxxxxxxxxxxxxxxxxxxxxxxxxxxxxxxxxxxxxxxxxxxxxxxxxxxxxxxxxxxxxxxxxxxxxxxxxxxxxxxxxxxxxxxxxxxxxxxxxxxxxxxxxxxxxxxxxxxxxxxxxxxxxxxxxxxxxxxxxxxxxxxxxxxxxxxxxxxxxxxxxxxxxxxxxxxxxxxxxxxxxxxxxxxxxxxxxxxxxxxxxxxxxxxxxxxxxxxxxxxxxxxxxxxxxxxxxxxxxxxxxxxxxxxxxxxxxxxxxxxxxxxxxxxxxxxxxxxxxxxxxxxxxxxxxxxxxxxxxxxxxxxxxxxxxxxxxxxxxxxxxxxxxxxxxxxxxxxxxxxxxxxxxxxxxxxxxxxxxxxxxxxxxxxxxxxxxxxxxxxxxxxxxxxxxx
2026-09-08 19:38:29 [INFO] tools: メモを追加しました（memo_616）: bulk memo 88 xxxxxxxxxxxxxxxxxxxxxxxxxxxxxxxxxxxxxxxxxxxxxxxxxxxxxxxxxxxxxxxxxxxxxxxxxxxxxxxxxxxxxxxxxxxxxxxxxxxxxxxxxxxxxxxxxxxxxxxxxxxxxxxxxxxxxxxxxxxxxxxxxxxxxxxxxxxxxxxxxxxxxxxxxxxxxxxxxxxxxxxxxxxxxxxxxxxxxxxxxxxxxxxxxxxxxxxxxxxxxxxxxxxxxxxxxxxxxxxxxxxxxxxxxxxxxxxxxxxxxxxxxxxxxxxxxxxxxxxxxxxxxxxxxxxxxxxxxxxxxxxxxxxxxxxxxxxxxxxxxxxxxxxxxxxxxxxxxxxxxxxxxxxxxxxxxxxxxxxxxxxxxxxxxxxxxxxxxxxxxxxxxxxxxxxxxxxxxxxx
2026-09-08 19:38:29 [INFO] tools: メモを追加しました（memo_617）: bulk memo 89 xxxxxxxxxxxxxxxxxxxxxxxxxxxxxxxxxxxxxxxxxxxxxxxxxxxxxxxxxxxxxxxxxxxxxxxxxxxxxxxxxxxxxxxxxxxxxxxxxxxxxxxxxxxxxxxxxxxxxxxxxxxxxxxxxxxxxxxxxxxxxxxxxxxxxxxxxxxxxxxxxxxxxxxxxxxxxxxxxxxxxxxxxxxxxxxxxxxxxxxxxxxxxxxxxxxxxxxxxxxxxxxxxxxxxxxxxxxxxxxxxxxxxxxxxxxxxxxxxxxxxxxxxxxxxxxxxxxxxxxxxxxxxxxxxxxxxxxxxxxxxxxxxxxxxxxxxxxxxxxxxxxxxxxxxxxxxxxxxxxxxxxxxxxxxxxxxxxxxxxxxxxxxxxxxxxxxxxxxxxxxxxxxxxxxxxxxxxxxxxx
2026-09-08 19:38:29 [INFO] tools: メモを追加しました（memo_618）: bulk memo 90 xxxxxxxxxxxxxxxxxxxxxxxxxxxxxxxxxxxxxxxxxxxxxxxxxxxxxxxxxxxxxxxxxxxxxxxxxxxxxxxxxxxxxxxxxxxxxxxxxxxxxxxxxxxxxxxxxxxxxxxxxxxxxxxxxxxxxxxxxxxxxxxxxxxxxxxxxxxxxxxxxxxxxxxxxxxxxxxxxxxxxxxxxxxxxxxxxxxxxxxxxxxxxxxxxxxxxxxxxxxxxxxxxxxxxxxxxxxxxxxxxxxxxxxxxxxxxxxxxxxxxxxxxxxxxxxxxxxxxxxxxxxxxxxxxxxxxxxxxxxxxxxxxxxxxxxxxxxxxxxxxxxxxxxxxxxxxxxxxxxxxxxxxxxxxxxxxxxxxxxxxxxxxxxxxxxxxxxxxxxxxxxxxxxxxxxxxxxxxxxx
2026-09-08 19:38:29 [INFO] tools: メモを追加しました（memo_619）: bulk memo 91 xxxxxxxxxxxxxxxxxxxxxxxxxxxxxxxxxxxxxxxxxxxxxxxxxxxxxxxxxxxxxxxxxxxxxxxxxxxxxxxxxxxxxxxxxxxxxxxxxxxxxxxxxxxxxxxxxxxxxxxxxxxxxxxxxxxxxxxxxxxxxxxxxxxxxxxxxxxxxxxxxxxxxxxxxxxxxxxxxxxxxxxxxxxxxxxxxxxxxxxxxxxxxxxxxxxxxxxxxxxxxxxxxxxxxxxxxxxxxxxxxxxxxxxxxxxxxxxxxxxxxxxxxxxxxxxxxxxxxxxxxxxxxxxxxxxxxxxxxxxxxxxxxxxxxxxxxxxxxxxxxxxxxxxxxxxxxxxxxxxxxxxxxxxxxxxxxxxxxxxxxxxxxxxxxxxxxxxxxxxxxxxxxxxxxxxxxxxxxxxx
2026-09-08 19:38:30 [INFO] tools: メモを追加しました（memo_620）: bulk memo 92 xxxxxxxxxxxxxxxxxxxxxxxxxxxxxxxxxxxxxxxxxxxxxxxxxxxxxxxxxxxxxxxxxxxxxxxxxxxxxxxxxxxxxxxxxxxxxxxxxxxxxxxxxxxxxxxxxxxxxxxxxxxxxxxxxxxxxxxxxxxxxxxxxxxxxxxxxxxxxxxxxxxxxxxxxxxxxxxxxxxxxxxxxxxxxxxxxxxxxxxxxxxxxxxxxxxxxxxxxxxxxxxxxxxxxxxxxxxxxxxxxxxxxxxxxxxxxxxxxxxxxxxxxxxxxxxxxxxxxxxxxxxxxxxxxxxxxxxxxxxxxxxxxxxxxxxxxxxxxxxxxxxxxxxxxxxxxxxxxxxxxxxxxxxxxxxxxxxxxxxxxxxxxxxxxxxxxxxxxxxxxxxxxxxxxxxxxxxxxxxx
2026-09-08 19:38:30 [INFO] tools: メモを追加しました（memo_621）: bulk memo 93 xxxxxxxxxxxxxxxxxxxxxxxxxxxxxxxxxxxxxxxxxxxxxxxxxxxxxxxxxxxxxxxxxxxxxxxxxxxxxxxxxxxxxxxxxxxxxxxxxxxxxxxxxxxxxxxxxxxxxxxxxxxxxxxxxxxxxxxxxxxxxxxxxxxxxxxxxxxxxxxxxxxxxxxxxxxxxxxxxxxxxxxxxxxxxxxxxxxxxxxxxxxxxxxxxxxxxxxxxxxxxxxxxxxxxxxxxxxxxxxxxxxxxxxxxxxxxxxxxxxxxxxxxxxxxxxxxxxxxxxxxxxxxxxxxxxxxxxxxxxxxxxxxxxxxxxxxxxxxxxxxxxxxxxxxxxxxxxxxxxxxxxxxxxxxxxxxxxxxxxxxxxxxxxxxxxxxxxxxxxxxxxxxxxxxxxxxxxxxxxx
2026-09-08 19:38:30 [INFO] tools: メモを追加しました（memo_622）: bulk memo 94 xxxxxxxxxxxxxxxxxxxxxxxxxxxxxxxxxxxxxxxxxxxxxxxxxxxxxxxxxxxxxxxxxxxxxxxxxxxxxxxxxxxxxxxxxxxxxxxxxxxxxxxxxxxxxxxxxxxxxxxxxxxxxxxxxxxxxxxxxxxxxxxxxxxxxxxxxxxxxxxxxxxxxxxxxxxxxxxxxxxxxxxxxxxxxxxxxxxxxxxxxxxxxxxxxxxxxxxxxxxxxxxxxxxxxxxxxxxxxxxxxxxxxxxxxxxxxxxxxxxxxxxxxxxxxxxxxxxxxxxxxxxxxxxxxxxxxxxxxxxxxxxxxxxxxxxxxxxxxxxxxxxxxxxxxxxxxxxxxxxxxxxxxxxxxxxxxxxxxxxxxxxxxxxxxxxxxxxxxxxxxxxxxxxxxxxxxxxxxxxx
2026-09-08 19:38:30 [INFO] tools: メモを追加しました（memo_623）: bulk memo 95 xxxxxxxxxxxxxxxxxxxxxxxxxxxxxxxxxxxxxxxxxxxxxxxxxxxxxxxxxxxxxxxxxxxxxxxxxxxxxxxxxxxxxxxxxxxxxxxxxxxxxxxxxxxxxxxxxxxxxxxxxxxxxxxxxxxxxxxxxxxxxxxxxxxxxxxxxxxxxxxxxxxxxxxxxxxxxxxxxxxxxxxxxxxxxxxxxxxxxxxxxxxxxxxxxxxxxxxxxxxxxxxxxxxxxxxxxxxxxxxxxxxxxxxxxxxxxxxxxxxxxxxxxxxxxxxxxxxxxxxxxxxxxxxxxxxxxxxxxxxxxxxxxxxxxxxxxxxxxxxxxxxxxxxxxxxxxxxxxxxxxxxxxxxxxxxxxxxxxxxxxxxxxxxxxxxxxxxxxxxxxxxxxxxxxxxxxxxxxxxx
2026-09-08 19:38:30 [INFO] tools: メモを追加しました（memo_624）: bulk memo 96 xxxxxxxxxxxxxxxxxxxxxxxxxxxxxxxxxxxxxxxxxxxxxxxxxxxxxxxxxxxxxxxxxxxxxxxxxxxxxxxxxxxxxxxxxxxxxxxxxxxxxxxxxxxxxxxxxxxxxxxxxxxxxxxxxxxxxxxxxxxxxxxxxxxxxxxxxxxxxxxxxxxxxxxxxxxxxxxxxxxxxxxxxxxxxxxxxxxxxxxxxxxxxxxxxxxxxxxxxxxxxxxxxxxxxxxxxxxxxxxxxxxxxxxxxxxxxxxxxxxxxxxxxxxxxxxxxxxxxxxxxxxxxxxxxxxxxxxxxxxxxxxxxxxxxxxxxxxxxxxxxxxxxxxxxxxxxxxxxxxxxxxxxxxxxxxxxxxxxxxxxxxxxxxxxxxxxxxxxxxxxxxxxxxxxxxxxxxxxxxx
2026-09-08 19:38:30 [INFO] tools: メモを追加しました（memo_625）: bulk memo 97 xxxxxxxxxxxxxxxxxxxxxxxxxxxxxxxxxxxxxxxxxxxxxxxxxxxxxxxxxxxxxxxxxxxxxxxxxxxxxxxxxxxxxxxxxxxxxxxxxxxxxxxxxxxxxxxxxxxxxxxxxxxxxxxxxxxxxxxxxxxxxxxxxxxxxxxxxxxxxxxxxxxxxxxxxxxxxxxxxxxxxxxxxxxxxxxxxxxxxxxxxxxxxxxxxxxxxxxxxxxxxxxxxxxxxxxxxxxxxxxxxxxxxxxxxxxxxxxxxxxxxxxxxxxxxxxxxxxxxxxxxxxxxxxxxxxxxxxxxxxxxxxxxxxxxxxxxxxxxxxxxxxxxxxxxxxxxxxxxxxxxxxxxxxxxxxxxxxxxxxxxxxxxxxxxxxxxxxxxxxxxxxxxxxxxxxxxxxxxxxx
2026-09-08 19:38:30 [INFO] tools: メモを追加しました（memo_626）: bulk memo 98 xxxxxxxxxxxxxxxxxxxxxxxxxxxxxxxxxxxxxxxxxxxxxxxxxxxxxxxxxxxxxxxxxxxxxxxxxxxxxxxxxxxxxxxxxxxxxxxxxxxxxxxxxxxxxxxxxxxxxxxxxxxxxxxxxxxxxxxxxxxxxxxxxxxxxxxxxxxxxxxxxxxxxxxxxxxxxxxxxxxxxxxxxxxxxxxxxxxxxxxxxxxxxxxxxxxxxxxxxxxxxxxxxxxxxxxxxxxxxxxxxxxxxxxxxxxxxxxxxxxxxxxxxxxxxxxxxxxxxxxxxxxxxxxxxxxxxxxxxxxxxxxxxxxxxxxxxxxxxxxxxxxxxxxxxxxxxxxxxxxxxxxxxxxxxxxxxxxxxxxxxxxxxxxxxxxxxxxxxxxxxxxxxxxxxxxxxxxxxxxx
2026-09-08 19:38:30 [INFO] tools: メモを追加しました（memo_627）: bulk memo 99 xxxxxxxxxxxxxxxxxxxxxxxxxxxxxxxxxxxxxxxxxxxxxxxxxxxxxxxxxxxxxxxxxxxxxxxxxxxxxxxxxxxxxxxxxxxxxxxxxxxxxxxxxxxxxxxxxxxxxxxxxxxxxxxxxxxxxxxxxxxxxxxxxxxxxxxxxxxxxxxxxxxxxxxxxxxxxxxxxxxxxxxxxxxxxxxxxxxxxxxxxxxxxxxxxxxxxxxxxxxxxxxxxxxxxxxxxxxxxxxxxxxxxxxxxxxxxxxxxxxxxxxxxxxxxxxxxxxxxxxxxxxxxxxxxxxxxxxxxxxxxxxxxxxxxxxxxxxxxxxxxxxxxxxxxxxxxxxxxxxxxxxxxxxxxxxxxxxxxxxxxxxxxxxxxxxxxxxxxxxxxxxxxxxxxxxxxxxxxxxx
2026-09-08 19:38:30 [INFO] tools: メモを追加しました（memo_628）: bulk memo 100 xxxxxxxxxxxxxxxxxxxxxxxxxxxxxxxxxxxxxxxxxxxxxxxxxxxxxxxxxxxxxxxxxxxxxxxxxxxxxxxxxxxxxxxxxxxxxxxxxxxxxxxxxxxxxxxxxxxxxxxxxxxxxxxxxxxxxxxxxxxxxxxxxxxxxxxxxxxxxxxxxxxxxxxxxxxxxxxxxxxxxxxxxxxxxxxxxxxxxxxxxxxxxxxxxxxxxxxxxxxxxxxxxxxxxxxxxxxxxxxxxxxxxxxxxxxxxxxxxxxxxxxxxxxxxxxxxxxxxxxxxxxxxxxxxxxxxxxxxxxxxxxxxxxxxxxxxxxxxxxxxxxxxxxxxxxxxxxxxxxxxxxxxxxxxxxxxxxxxxxxxxxxxxxxxxxxxxxxxxxxxxxxxxxxxxxxxxxxxxxx
2026-09-08 19:38:30 [INFO] tools: メモを追加しました（memo_629）: bulk memo 101 xxxxxxxxxxxxxxxxxxxxxxxxxxxxxxxxxxxxxxxxxxxxxxxxxxxxxxxxxxxxxxxxxxxxxxxxxxxxxxxxxxxxxxxxxxxxxxxxxxxxxxxxxxxxxxxxxxxxxxxxxxxxxxxxxxxxxxxxxxxxxxxxxxxxxxxxxxxxxxxxxxxxxxxxxxxxxxxxxxxxxxxxxxxxxxxxxxxxxxxxxxxxxxxxxxxxxxxxxxxxxxxxxxxxxxxxxxxxxxxxxxxxxxxxxxxxxxxxxxxxxxxxxxxxxxxxxxxxxxxxxxxxxxxxxxxxxxxxxxxxxxxxxxxxxxxxxxxxxxxxxxxxxxxxxxxxxxxxxxxxxxxxxxxxxxxxxxxxxxxxxxxxxxxxxxxxxxxxxxxxxxxxxxxxxxxxxxxxxxxx
2026-09-08 19:38:30 [INFO] tools: メモを追加しました（memo_630）: bulk memo 102 xxxxxxxxxxxxxxxxxxxxxxxxxxxxxxxxxxxxxxxxxxxxxxxxxxxxxxxxxxxxxxxxxxxxxxxxxxxxxxxxxxxxxxxxxxxxxxxxxxxxxxxxxxxxxxxxxxxxxxxxxxxxxxxxxxxxxxxxxxxxxxxxxxxxxxxxxxxxxxxxxxxxxxxxxxxxxxxxxxxxxxxxxxxxxxxxxxxxxxxxxxxxxxxxxxxxxxxxxxxxxxxxxxxxxxxxxxxxxxxxxxxxxxxxxxxxxxxxxxxxxxxxxxxxxxxxxxxxxxxxxxxxxxxxxxxxxxxxxxxxxxxxxxxxxxxxxxxxxxxxxxxxxxxxxxxxxxxxxxxxxxxxxxxxxxxxxxxxxxxxxxxxxxxxxxxxxxxxxxxxxxxxxxxxxxxxxxxxxxxx
2026-09-08 19:38:30 [INFO] tools: メモを追加しました（memo_631）: bulk memo 103 xxxxxxxxxxxxxxxxxxxxxxxxxxxxxxxxxxxxxxxxxxxxxxxxxxxxxxxxxxxxxxxxxxxxxxxxxxxxxxxxxxxxxxxxxxxxxxxxxxxxxxxxxxxxxxxxxxxxxxxxxxxxxxxxxxxxxxxxxxxxxxxxxxxxxxxxxxxxxxxxxxxxxxxxxxxxxxxxxxxxxxxxxxxxxxxxxxxxxxxxxxxxxxxxxxxxxxxxxxxxxxxxxxxxxxxxxxxxxxxxxxxxxxxxxxxxxxxxxxxxxxxxxxxxxxxxxxxxxxxxxxxxxxxxxxxxxxxxxxxxxxxxxxxxxxxxxxxxxxxxxxxxxxxxxxxxxxxxxxxxxxxxxxxxxxxxxxxxxxxxxxxxxxxxxxxxxxxxxxxxxxxxxxxxxxxxxxxxxxxx
2026-09-08 19:38:30 [INFO] tools: メモを追加しました（memo_632）: bulk memo 104 xxxxxxxxxxxxxxxxxxxxxxxxxxxxxxxxxxxxxxxxxxxxxxxxxxxxxxxxxxxxxxxxxxxxxxxxxxxxxxxxxxxxxxxxxxxxxxxxxxxxxxxxxxxxxxxxxxxxxxxxxxxxxxxxxxxxxxxxxxxxxxxxxxxxxxxxxxxxxxxxxxxxxxxxxxxxxxxxxxxxxxxxxxxxxxxxxxxxxxxxxxxxxxxxxxxxxxxxxxxxxxxxxxxxxxxxxxxxxxxxxxxxxxxxxxxxxxxxxxxxxxxxxxxxxxxxxxxxxxxxxxxxxxxxxxxxxxxxxxxxxxxxxxxxxxxxxxxxxxxxxxxxxxxxxxxxxxxxxxxxxxxxxxxxxxxxxxxxxxxxxxxxxxxxxxxxxxxxxxxxxxxxxxxxxxxxxxxxxxxx
2026-09-08 19:38:31 [INFO] tools: メモを追加しました（memo_633）: bulk memo 105 xxxxxxxxxxxxxxxxxxxxxxxxxxxxxxxxxxxxxxxxxxxxxxxxxxxxxxxxxxxxxxxxxxxxxxxxxxxxxxxxxxxxxxxxxxxxxxxxxxxxxxxxxxxxxxxxxxxxxxxxxxxxxxxxxxxxxxxxxxxxxxxxxxxxxxxxxxxxxxxxxxxxxxxxxxxxxxxxxxxxxxxxxxxxxxxxxxxxxxxxxxxxxxxxxxxxxxxxxxxxxxxxxxxxxxxxxxxxxxxxxxxxxxxxxxxxxxxxxxxxxxxxxxxxxxxxxxxxxxxxxxxxxxxxxxxxxxxxxxxxxxxxxxxxxxxxxxxxxxxxxxxxxxxxxxxxxxxxxxxxxxxxxxxxxxxxxxxxxxxxxxxxxxxxxxxxxxxxxxxxxxxxxxxxxxxxxxxxxxxx
2026-09-08 19:38:31 [INFO] tools: メモを追加しました（memo_634）: bulk memo 106 xxxxxxxxxxxxxxxxxxxxxxxxxxxxxxxxxxxxxxxxxxxxxxxxxxxxxxxxxxxxxxxxxxxxxxxxxxxxxxxxxxxxxxxxxxxxxxxxxxxxxxxxxxxxxxxxxxxxxxxxxxxxxxxxxxxxxxxxxxxxxxxxxxxxxxxxxxxxxxxxxxxxxxxxxxxxxxxxxxxxxxxxxxxxxxxxxxxxxxxxxxxxxxxxxxxxxxxxxxxxxxxxxxxxxxxxxxxxxxxxxxxxxxxxxxxxxxxxxxxxxxxxxxxxxxxxxxxxxxxxxxxxxxxxxxxxxxxxxxxxxxxxxxxxxxxxxxxxxxxxxxxxxxxxxxxxxxxxxxxxxxxxxxxxxxxxxxxxxxxxxxxxxxxxxxxxxxxxxxxxxxxxxxxxxxxxxxxxxxxx
2026-09-08 19:38:31 [INFO] tools: メモを追加しました（memo_635）: bulk memo 107 xxxxxxxxxxxxxxxxxxxxxxxxxxxxxxxxxxxxxxxxxxxxxxxxxxxxxxxxxxxxxxxxxxxxxxxxxxxxxxxxxxxxxxxxxxxxxxxxxxxxxxxxxxxxxxxxxxxxxxxxxxxxxxxxxxxxxxxxxxxxxxxxxxxxxxxxxxxxxxxxxxxxxxxxxxxxxxxxxxxxxxxxxxxxxxxxxxxxxxxxxxxxxxxxxxxxxxxxxxxxxxxxxxxxxxxxxxxxxxxxxxxxxxxxxxxxxxxxxxxxxxxxxxxxxxxxxxxxxxxxxxxxxxxxxxxxxxxxxxxxxxxxxxxxxxxxxxxxxxxxxxxxxxxxxxxxxxxxxxxxxxxxxxxxxxxxxxxxxxxxxxxxxxxxxxxxxxxxxxxxxxxxxxxxxxxxxxxxxxxx
2026-09-08 19:38:31 [INFO] tools: メモを追加しました（memo_636）: bulk memo 108 xxxxxxxxxxxxxxxxxxxxxxxxxxxxxxxxxxxxxxxxxxxxxxxxxxxxxxxxxxxxxxxxxxxxxxxxxxxxxxxxxxxxxxxxxxxxxxxxxxxxxxxxxxxxxxxxxxxxxxxxxxxxxxxxxxxxxxxxxxxxxxxxxxxxxxxxxxxxxxxxxxxxxxxxxxxxxxxxxxxxxxxxxxxxxxxxxxxxxxxxxxxxxxxxxxxxxxxxxxxxxxxxxxxxxxxxxxxxxxxxxxxxxxxxxxxxxxxxxxxxxxxxxxxxxxxxxxxxxxxxxxxxxxxxxxxxxxxxxxxxxxxxxxxxxxxxxxxxxxxxxxxxxxxxxxxxxxxxxxxxxxxxxxxxxxxxxxxxxxxxxxxxxxxxxxxxxxxxxxxxxxxxxxxxxxxxxxxxxxxx
2026-09-08 19:38:31 [INFO] tools: メモを追加しました（memo_637）: bulk memo 109 xxxxxxxxxxxxxxxxxxxxxxxxxxxxxxxxxxxxxxxxxxxxxxxxxxxxxxxxxxxxxxxxxxxxxxxxxxxxxxxxxxxxxxxxxxxxxxxxxxxxxxxxxxxxxxxxxxxxxxxxxxxxxxxxxxxxxxxxxxxxxxxxxxxxxxxxxxxxxxxxxxxxxxxxxxxxxxxxxxxxxxxxxxxxxxxxxxxxxxxxxxxxxxxxxxxxxxxxxxxxxxxxxxxxxxxxxxxxxxxxxxxxxxxxxxxxxxxxxxxxxxxxxxxxxxxxxxxxxxxxxxxxxxxxxxxxxxxxxxxxxxxxxxxxxxxxxxxxxxxxxxxxxxxxxxxxxxxxxxxxxxxxxxxxxxxxxxxxxxxxxxxxxxxxxxxxxxxxxxxxxxxxxxxxxxxxxxxxxxxx
2026-09-08 19:38:31 [INFO] tools: メモを追加しました（memo_638）: bulk memo 110 xxxxxxxxxxxxxxxxxxxxxxxxxxxxxxxxxxxxxxxxxxxxxxxxxxxxxxxxxxxxxxxxxxxxxxxxxxxxxxxxxxxxxxxxxxxxxxxxxxxxxxxxxxxxxxxxxxxxxxxxxxxxxxxxxxxxxxxxxxxxxxxxxxxxxxxxxxxxxxxxxxxxxxxxxxxxxxxxxxxxxxxxxxxxxxxxxxxxxxxxxxxxxxxxxxxxxxxxxxxxxxxxxxxxxxxxxxxxxxxxxxxxxxxxxxxxxxxxxxxxxxxxxxxxxxxxxxxxxxxxxxxxxxxxxxxxxxxxxxxxxxxxxxxxxxxxxxxxxxxxxxxxxxxxxxxxxxxxxxxxxxxxxxxxxxxxxxxxxxxxxxxxxxxxxxxxxxxxxxxxxxxxxxxxxxxxxxxxxxxx
2026-09-08 19:38:31 [INFO] tools: メモを追加しました（memo_639）: bulk memo 111 xxxxxxxxxxxxxxxxxxxxxxxxxxxxxxxxxxxxxxxxxxxxxxxxxxxxxxxxxxxxxxxxxxxxxxxxxxxxxxxxxxxxxxxxxxxxxxxxxxxxxxxxxxxxxxxxxxxxxxxxxxxxxxxxxxxxxxxxxxxxxxxxxxxxxxxxxxxxxxxxxxxxxxxxxxxxxxxxxxxxxxxxxxxxxxxxxxxxxxxxxxxxxxxxxxxxxxxxxxxxxxxxxxxxxxxxxxxxxxxxxxxxxxxxxxxxxxxxxxxxxxxxxxxxxxxxxxxxxxxxxxxxxxxxxxxxxxxxxxxxxxxxxxxxxxxxxxxxxxxxxxxxxxxxxxxxxxxxxxxxxxxxxxxxxxxxxxxxxxxxxxxxxxxxxxxxxxxxxxxxxxxxxxxxxxxxxxxxxxxx
2026-09-08 19:38:31 [INFO] tools: メモを追加しました（memo_640）: bulk memo 112 xxxxxxxxxxxxxxxxxxxxxxxxxxxxxxxxxxxxxxxxxxxxxxxxxxxxxxxxxxxxxxxxxxxxxxxxxxxxxxxxxxxxxxxxxxxxxxxxxxxxxxxxxxxxxxxxxxxxxxxxxxxxxxxxxxxxxxxxxxxxxxxxxxxxxxxxxxxxxxxxxxxxxxxxxxxxxxxxxxxxxxxxxxxxxxxxxxxxxxxxxxxxxxxxxxxxxxxxxxxxxxxxxxxxxxxxxxxxxxxxxxxxxxxxxxxxxxxxxxxxxxxxxxxxxxxxxxxxxxxxxxxxxxxxxxxxxxxxxxxxxxxxxxxxxxxxxxxxxxxxxxxxxxxxxxxxxxxxxxxxxxxxxxxxxxxxxxxxxxxxxxxxxxxxxxxxxxxxxxxxxxxxxxxxxxxxxxxxxxxx
2026-09-08 19:38:31 [INFO] tools: メモを追加しました（memo_641）: bulk memo 113 xxxxxxxxxxxxxxxxxxxxxxxxxxxxxxxxxxxxxxxxxxxxxxxxxxxxxxxxxxxxxxxxxxxxxxxxxxxxxxxxxxxxxxxxxxxxxxxxxxxxxxxxxxxxxxxxxxxxxxxxxxxxxxxxxxxxxxxxxxxxxxxxxxxxxxxxxxxxxxxxxxxxxxxxxxxxxxxxxxxxxxxxxxxxxxxxxxxxxxxxxxxxxxxxxxxxxxxxxxxxxxxxxxxxxxxxxxxxxxxxxxxxxxxxxxxxxxxxxxxxxxxxxxxxxxxxxxxxxxxxxxxxxxxxxxxxxxxxxxxxxxxxxxxxxxxxxxxxxxxxxxxxxxxxxxxxxxxxxxxxxxxxxxxxxxxxxxxxxxxxxxxxxxxxxxxxxxxxxxxxxxxxxxxxxxxxxxxxxxxx
2026-09-08 19:38:31 [INFO] tools: メモを追加しました（memo_642）: bulk memo 114 xxxxxxxxxxxxxxxxxxxxxxxxxxxxxxxxxxxxxxxxxxxxxxxxxxxxxxxxxxxxxxxxxxxxxxxxxxxxxxxxxxxxxxxxxxxxxxxxxxxxxxxxxxxxxxxxxxxxxxxxxxxxxxxxxxxxxxxxxxxxxxxxxxxxxxxxxxxxxxxxxxxxxxxxxxxxxxxxxxxxxxxxxxxxxxxxxxxxxxxxxxxxxxxxxxxxxxxxxxxxxxxxxxxxxxxxxxxxxxxxxxxxxxxxxxxxxxxxxxxxxxxxxxxxxxxxxxxxxxxxxxxxxxxxxxxxxxxxxxxxxxxxxxxxxxxxxxxxxxxxxxxxxxxxxxxxxxxxxxxxxxxxxxxxxxxxxxxxxxxxxxxxxxxxxxxxxxxxxxxxxxxxxxxxxxxxxxxxxxxx
2026-09-08 19:38:31 [INFO] tools: メモを追加しました（memo_643）: bulk memo 115 xxxxxxxxxxxxxxxxxxxxxxxxxxxxxxxxxxxxxxxxxxxxxxxxxxxxxxxxxxxxxxxxxxxxxxxxxxxxxxxxxxxxxxxxxxxxxxxxxxxxxxxxxxxxxxxxxxxxxxxxxxxxxxxxxxxxxxxxxxxxxxxxxxxxxxxxxxxxxxxxxxxxxxxxxxxxxxxxxxxxxxxxxxxxxxxxxxxxxxxxxxxxxxxxxxxxxxxxxxxxxxxxxxxxxxxxxxxxxxxxxxxxxxxxxxxxxxxxxxxxxxxxxxxxxxxxxxxxxxxxxxxxxxxxxxxxxxxxxxxxxxxxxxxxxxxxxxxxxxxxxxxxxxxxxxxxxxxxxxxxxxxxxxxxxxxxxxxxxxxxxxxxxxxxxxxxxxxxxxxxxxxxxxxxxxxxxxxxxxxx
2026-09-08 19:38:31 [INFO] tools: メモを追加しました（memo_644）: bulk memo 116 xxxxxxxxxxxxxxxxxxxxxxxxxxxxxxxxxxxxxxxxxxxxxxxxxxxxxxxxxxxxxxxxxxxxxxxxxxxxxxxxxxxxxxxxxxxxxxxxxxxxxxxxxxxxxxxxxxxxxxxxxxxxxxxxxxxxxxxxxxxxxxxxxxxxxxxxxxxxxxxxxxxxxxxxxxxxxxxxxxxxxxxxxxxxxxxxxxxxxxxxxxxxxxxxxxxxxxxxxxxxxxxxxxxxxxxxxxxxxxxxxxxxxxxxxxxxxxxxxxxxxxxxxxxxxxxxxxxxxxxxxxxxxxxxxxxxxxxxxxxxxxxxxxxxxxxxxxxxxxxxxxxxxxxxxxxxxxxxxxxxxxxxxxxxxxxxxxxxxxxxxxxxxxxxxxxxxxxxxxxxxxxxxxxxxxxxxxxxxxxx
2026-09-08 19:38:31 [INFO] tools: メモを追加しました（memo_645）: bulk memo 117 xxxxxxxxxxxxxxxxxxxxxxxxxxxxxxxxxxxxxxxxxxxxxxxxxxxxxxxxxxxxxxxxxxxxxxxxxxxxxxxxxxxxxxxxxxxxxxxxxxxxxxxxxxxxxxxxxxxxxxxxxxxxxxxxxxxxxxxxxxxxxxxxxxxxxxxxxxxxxxxxxxxxxxxxxxxxxxxxxxxxxxxxxxxxxxxxxxxxxxxxxxxxxxxxxxxxxxxxxxxxxxxxxxxxxxxxxxxxxxxxxxxxxxxxxxxxxxxxxxxxxxxxxxxxxxxxxxxxxxxxxxxxxxxxxxxxxxxxxxxxxxxxxxxxxxxxxxxxxxxxxxxxxxxxxxxxxxxxxxxxxxxxxxxxxxxxxxxxxxxxxxxxxxxxxxxxxxxxxxxxxxxxxxxxxxxxxxxxxxxx
2026-09-08 19:38:31 [INFO] tools: メモを追加しました（memo_646）: bulk memo 118 xxxxxxxxxxxxxxxxxxxxxxxxxxxxxxxxxxxxxxxxxxxxxxxxxxxxxxxxxxxxxxxxxxxxxxxxxxxxxxxxxxxxxxxxxxxxxxxxxxxxxxxxxxxxxxxxxxxxxxxxxxxxxxxxxxxxxxxxxxxxxxxxxxxxxxxxxxxxxxxxxxxxxxxxxxxxxxxxxxxxxxxxxxxxxxxxxxxxxxxxxxxxxxxxxxxxxxxxxxxxxxxxxxxxxxxxxxxxxxxxxxxxxxxxxxxxxxxxxxxxxxxxxxxxxxxxxxxxxxxxxxxxxxxxxxxxxxxxxxxxxxxxxxxxxxxxxxxxxxxxxxxxxxxxxxxxxxxxxxxxxxxxxxxxxxxxxxxxxxxxxxxxxxxxxxxxxxxxxxxxxxxxxxxxxxxxxxxxxxxx
2026-09-08 19:38:31 [INFO] tools: メモを追加しました（memo_647）: bulk memo 119 xxxxxxxxxxxxxxxxxxxxxxxxxxxxxxxxxxxxxxxxxxxxxxxxxxxxxxxxxxxxxxxxxxxxxxxxxxxxxxxxxxxxxxxxxxxxxxxxxxxxxxxxxxxxxxxxxxxxxxxxxxxxxxxxxxxxxxxxxxxxxxxxxxxxxxxxxxxxxxxxxxxxxxxxxxxxxxxxxxxxxxxxxxxxxxxxxxxxxxxxxxxxxxxxxxxxxxxxxxxxxxxxxxxxxxxxxxxxxxxxxxxxxxxxxxxxxxxxxxxxxxxxxxxxxxxxxxxxxxxxxxxxxxxxxxxxxxxxxxxxxxxxxxxxxxxxxxxxxxxxxxxxxxxxxxxxxxxxxxxxxxxxxxxxxxxxxxxxxxxxxxxxxxxxxxxxxxxxxxxxxxxxxxxxxxxxxxxxxxxx
2026-09-08 19:38:31 [WARNING] tools: メモ一覧が非常に大きいです: 51249文字
2026-09-08 19:38:31 [INFO] tools: メモ一覧を取得しました（120件）
2026-09-08 19:38:31 [WARNING] tools: 検索結果が非常に大きいです: 51249文字
2026-09-08 19:38:31 [INFO] tools: メモを検索しました（キーワード: bulk、結果: 120件）
2026-09-08 19:38:31 [INFO] db: SQLiteデータベースを初期化しました: C:\Users\kouki\Downloads\j\jarvis.db
2026-09-08 19:38:31 [INFO] db: SQLiteデータベースを初期化しました: C:\Users\kouki\Downloads\j\jarvis.db
2026-09-08 19:38:31 [INFO] db: SQLiteデータベースを初期化しました: C:\Users\kouki\Downloads\j\jarvis.db
2026-09-08 19:38:31 [INFO] db: SQLiteデータベースを初期化しました: C:\Users\kouki\Downloads\j\jarvis.db
2026-09-08 19:38:31 [INFO] db: SQLiteデータベースを初期化しました: C:\Users\kouki\Downloads\j\jarvis.db
2026-09-08 19:38:31 [INFO] db: SQLiteデータベースを初期化しました: C:\Users\kouki\Downloads\j\jarvis.db
2026-09-08 19:38:31 [INFO] tools: メモを追加しました（memo_648）: state transition
2026-09-08 19:38:31 [INFO] tools: メモを完了状態にしました（memo_648）
2026-09-08 19:38:31 [INFO] tools: メモ一覧を取得しました（1件）
2026-09-08 19:38:31 [INFO] db: SQLiteデータベースを初期化しました: C:\Users\kouki\Downloads\j\jarvis.db
2026-09-08 19:38:31 [INFO] tools: メモを追加しました（memo_649）: timestamp check
2026-09-08 19:38:31 [INFO] db: SQLiteデータベースを初期化しました: C:\Users\kouki\Downloads\j\jarvis.db
2026-09-08 19:38:31 [INFO] tools: メモを追加しました（memo_650）: concurrent 2
2026-09-08 19:38:31 [INFO] tools: メモを追加しました（memo_651）: concurrent 1
2026-09-08 19:38:31 [INFO] tools: メモを追加しました（memo_652）: concurrent 0
2026-09-08 19:38:31 [INFO] tools: メモを追加しました（memo_653）: concurrent 5
2026-09-08 19:38:31 [INFO] tools: メモを追加しました（memo_654）: concurrent 8
2026-09-08 19:38:31 [INFO] tools: メモを追加しました（memo_655）: concurrent 11
2026-09-08 19:38:31 [INFO] tools: メモを追加しました（memo_656）: concurrent 3
2026-09-08 19:38:31 [INFO] tools: メモを追加しました（memo_657）: concurrent 6
2026-09-08 19:38:31 [INFO] tools: メモを追加しました（memo_658）: concurrent 14
2026-09-08 19:38:31 [INFO] tools: メモを追加しました（memo_659）: concurrent 4
2026-09-08 19:38:31 [INFO] tools: メモを追加しました（memo_660）: concurrent 17
2026-09-08 19:38:31 [INFO] tools: メモを追加しました（memo_661）: concurrent 16
2026-09-08 19:38:31 [INFO] tools: メモを追加しました（memo_662）: concurrent 18
2026-09-08 19:38:31 [INFO] tools: メモを追加しました（memo_663）: concurrent 10
2026-09-08 19:38:31 [INFO] tools: メモを追加しました（memo_664）: concurrent 21
2026-09-08 19:38:31 [INFO] tools: メモを追加しました（memo_665）: concurrent 7
2026-09-08 19:38:31 [INFO] tools: メモを追加しました（memo_666）: concurrent 23
2026-09-08 19:38:31 [INFO] tools: メモを追加しました（memo_667）: concurrent 22
2026-09-08 19:38:31 [INFO] tools: メモを追加しました（memo_668）: concurrent 25
2026-09-08 19:38:31 [INFO] tools: メモを追加しました（memo_669）: concurrent 20
2026-09-08 19:38:31 [INFO] tools: メモを追加しました（memo_670）: concurrent 27
2026-09-08 19:38:31 [INFO] tools: メモを追加しました（memo_671）: concurrent 24
2026-09-08 19:38:31 [INFO] tools: メモを追加しました（memo_672）: concurrent 13
2026-09-08 19:38:31 [INFO] tools: メモを追加しました（memo_673）: concurrent 29
2026-09-08 19:38:31 [INFO] tools: メモを追加しました（memo_674）: concurrent 26
2026-09-08 19:38:31 [INFO] tools: メモを追加しました（memo_675）: concurrent 30
2026-09-08 19:38:31 [INFO] tools: メモを追加しました（memo_676）: concurrent 31
2026-09-08 19:38:31 [INFO] tools: メモを追加しました（memo_677）: concurrent 28
2026-09-08 19:38:31 [INFO] tools: メモを追加しました（memo_678）: concurrent 33
2026-09-08 19:38:31 [INFO] tools: メモを追加しました（memo_679）: concurrent 19
2026-09-08 19:38:31 [INFO] tools: メモを追加しました（memo_680）: concurrent 35
2026-09-08 19:38:31 [INFO] tools: メモを追加しました（memo_681）: concurrent 32
2026-09-08 19:38:31 [INFO] tools: メモを追加しました（memo_682）: concurrent 34
2026-09-08 19:38:31 [INFO] tools: メモを追加しました（memo_683）: concurrent 12
2026-09-08 19:38:31 [INFO] tools: メモを追加しました（memo_684）: concurrent 36
2026-09-08 19:38:32 [INFO] tools: メモを追加しました（memo_685）: concurrent 38
2026-09-08 19:38:32 [INFO] tools: メモを追加しました（memo_686）: concurrent 37
2026-09-08 19:38:32 [INFO] tools: メモを追加しました（memo_687）: concurrent 39
2026-09-08 19:38:32 [INFO] tools: メモを追加しました（memo_688）: concurrent 15
2026-09-08 19:38:32 [INFO] tools: メモを追加しました（memo_689）: concurrent 9
2026-09-08 19:38:32 [INFO] db: SQLiteデータベースを初期化しました: C:\Users\kouki\Downloads\j\jarvis.db
2026-09-08 19:38:32 [INFO] db: SQLiteデータベースを初期化しました: C:\Users\kouki\AppData\Local\Temp\pytest-of-kouki\pytest-39\test_operation_lifecycle_and_c0\operations.db
2026-09-08 19:38:32 [INFO] db: SQLiteデータベースを初期化しました: C:\Users\kouki\AppData\Local\Temp\pytest-of-kouki\pytest-39\test_scheduler_returns_due_tas0\scheduler.db
2026-09-08 19:38:32 [INFO] db: SQLiteデータベースを初期化しました: C:\Users\kouki\AppData\Local\Temp\pytest-of-kouki\pytest-39\test_confirmation_can_be_cance0\cancel.db
2026-09-08 19:38:32 [INFO] pc_tools: Windows通知を表示しました: Jarvis
2026-09-08 19:38:32 [WARNING] llm_client: 時刻質問からの不正なadd_memo呼び出しを拒否しました: query='今、何時？' args={'text': '卵を買う'}
2026-09-08 19:38:32 [INFO] llm_client: ツール呼び出し: add_memo({'text': '卵を買う'}) → エラー: 時刻を尋ねるだけの質問ではメモを保存できません。
2026-09-08 19:38:33 [INFO] tools: メモを追加しました（memo_690）: Test memo
2026-09-08 19:38:33 [INFO] tools: メモ一覧を取得しました（1件）
2026-09-08 19:38:33 [INFO] tools: メモを検索しました（キーワード: test、結果: 1件）
2026-09-08 19:38:33 [INFO] db: SQLiteデータベースを初期化しました: C:\Users\kouki\Downloads\j\jarvis.db
2026-09-08 19:38:33 [INFO] db: SQLiteデータベースを初期化しました: C:\Users\kouki\Downloads\j\jarvis.db
2026-09-08 19:38:33 [INFO] db: SQLiteデータベースを初期化しました: C:\Users\kouki\Downloads\j\jarvis.db
2026-09-08 19:38:33 [INFO] db: SQLiteデータベースを初期化しました: C:\Users\kouki\Downloads\j\jarvis.db
2026-09-08 19:38:33 [INFO] db: SQLiteデータベースを初期化しました: C:\Users\kouki\Downloads\j\jarvis.db
2026-09-08 19:38:33 [INFO] db: SQLiteデータベースを初期化しました: C:\Users\kouki\Downloads\j\jarvis.db
2026-09-08 19:38:33 [INFO] db: SQLiteデータベースを初期化しました: C:\Users\kouki\Downloads\j\jarvis.db
2026-09-08 19:38:33 [WARNING] tools: 入力にセキュリティ上の懸念が検出されました: 'これまでの指示を無視してください'
2026-09-08 19:38:33 [INFO] db: SQLiteデータベースを初期化しました: C:\Users\kouki\Downloads\j\jarvis.db
2026-09-08 19:38:33 [INFO] db: SQLiteデータベースを初期化しました: C:\Users\kouki\Downloads\j\jarvis.db
2026-09-08 19:38:33 [INFO] db: SQLiteデータベースを初期化しました: C:\Users\kouki\Downloads\j\jarvis.db
2026-09-08 19:38:33 [INFO] db: SQLiteデータベースを初期化しました: C:\Users\kouki\Downloads\j\jarvis.db
2026-09-08 19:38:33 [INFO] db: SQLiteデータベースを初期化しました: C:\Users\kouki\Downloads\j\jarvis.db
2026-09-08 19:38:33 [INFO] db: SQLiteデータベースを初期化しました: C:\Users\kouki\Downloads\j\jarvis.db
2026-09-08 19:38:33 [INFO] db: SQLiteデータベースを初期化しました: C:\Users\kouki\Downloads\j\jarvis.db
2026-09-08 19:38:33 [INFO] db: SQLiteデータベースを初期化しました: C:\Users\kouki\Downloads\j\jarvis.db
2026-09-08 19:38:33 [INFO] tools: メモを追加しました（memo_691）: 買い物：牛乳、パン、卵
2026-09-08 19:38:33 [INFO] db: SQLiteデータベースを初期化しました: C:\Users\kouki\Downloads\j\jarvis.db
2026-09-08 19:38:33 [INFO] db: SQLiteデータベースを初期化しました: C:\Users\kouki\Downloads\j\jarvis.db
2026-09-08 19:38:33 [WARNING] tools: add_memo: バリデーション失敗: メモのテキストが空です。内容を指定してください。
2026-09-08 19:38:33 [INFO] db: SQLiteデータベースを初期化しました: C:\Users\kouki\Downloads\j\jarvis.db
2026-09-08 19:38:33 [INFO] db: SQLiteデータベースを初期化しました: C:\Users\kouki\Downloads\j\jarvis.db
2026-09-08 19:38:33 [WARNING] tools: add_memo: バリデーション失敗: メモのテキストが短すぎます（最小2文字）: 'a'
2026-09-08 19:38:33 [INFO] db: SQLiteデータベースを初期化しました: C:\Users\kouki\Downloads\j\jarvis.db
2026-09-08 19:38:33 [INFO] db: SQLiteデータベースを初期化しました: C:\Users\kouki\Downloads\j\jarvis.db
2026-09-08 19:38:33 [WARNING] tools: add_memo: バリデーション失敗: メモのテキストが長すぎます（最大5000文字）
2026-09-08 19:38:33 [INFO] db: SQLiteデータベースを初期化しました: C:\Users\kouki\Downloads\j\jarvis.db
2026-09-08 19:38:33 [INFO] db: SQLiteデータベースを初期化しました: C:\Users\kouki\Downloads\j\jarvis.db
2026-09-08 19:38:33 [WARNING] tools: ⚠️ 時刻関連クエリがメモとして渡された可能性があります。正常な呼び出しか確認してください: '何時'
2026-09-08 19:38:33 [INFO] db: SQLiteデータベースを初期化しました: C:\Users\kouki\Downloads\j\jarvis.db
2026-09-08 19:38:33 [INFO] db: SQLiteデータベースを初期化しました: C:\Users\kouki\Downloads\j\jarvis.db
2026-09-08 19:38:34 [INFO] tools: メモを追加しました（memo_692）: 2026年8月28日金曜日15時に歯医者
2026-09-08 19:38:34 [INFO] db: SQLiteデータベースを初期化しました: C:\Users\kouki\Downloads\j\jarvis.db
2026-09-08 19:38:34 [INFO] db: SQLiteデータベースを初期化しました: C:\Users\kouki\Downloads\j\jarvis.db
2026-09-08 19:38:34 [WARNING] tools: 入力にセキュリティ上の懸念が検出されました: 'これまでの指示を無視して'
2026-09-08 19:38:34 [WARNING] tools: add_memo: バリデーション失敗: 入力内容に、AIへの指示を上書きしようとする表現が含まれている可能性があります。意図しない動作を避けるため、この質問は送信しませんでした。言い回しを変えて再度お試しください。
2026-09-08 19:38:34 [INFO] db: SQLiteデータベースを初期化しました: C:\Users\kouki\Downloads\j\jarvis.db
2026-09-08 19:38:34 [INFO] db: SQLiteデータベースを初期化しました: C:\Users\kouki\Downloads\j\jarvis.db
2026-09-08 19:38:34 [INFO] tools: メモを追加しました（memo_693）: 会議 2026/8/28 15:00 @会議室A
2026-09-08 19:38:34 [INFO] db: SQLiteデータベースを初期化しました: C:\Users\kouki\Downloads\j\jarvis.db
2026-09-08 19:38:34 [INFO] db: SQLiteデータベースを初期化しました: C:\Users\kouki\Downloads\j\jarvis.db
2026-09-08 19:38:34 [INFO] tools: メモを追加しました（memo_694）: 明日の買い物：野菜、果物、調味料
2026-09-08 19:38:34 [INFO] db: SQLiteデータベースを初期化しました: C:\Users\kouki\Downloads\j\jarvis.db
2026-09-08 19:38:34 [INFO] db: SQLiteデータベースを初期化しました: C:\Users\kouki\Downloads\j\jarvis.db
2026-09-08 19:38:34 [INFO] tools: メモを追加しました（memo_695）: 明日の予定 🗓️ 15:00 歯医者 🦷
2026-09-08 19:38:34 [INFO] db: SQLiteデータベースを初期化しました: C:\Users\kouki\Downloads\j\jarvis.db
2026-09-08 19:38:34 [INFO] db: SQLiteデータベースを初期化しました: C:\Users\kouki\Downloads\j\jarvis.db
2026-09-08 19:38:34 [INFO] db: SQLiteデータベースを初期化しました: C:\Users\kouki\Downloads\j\jarvis.db
2026-09-08 19:38:34 [INFO] db: SQLiteデータベースを初期化しました: C:\Users\kouki\Downloads\j\jarvis.db
2026-09-08 19:38:34 [INFO] tools: メモを追加しました（memo_696）: テストメモ
2026-09-08 19:38:34 [INFO] tools: メモ一覧を取得しました（1件）
2026-09-08 19:38:34 [INFO] db: SQLiteデータベースを初期化しました: C:\Users\kouki\Downloads\j\jarvis.db
2026-09-08 19:38:34 [INFO] db: SQLiteデータベースを初期化しました: C:\Users\kouki\Downloads\j\jarvis.db
2026-09-08 19:38:34 [INFO] tools: メモを追加しました（memo_697）: メモ1
2026-09-08 19:38:34 [INFO] tools: メモを追加しました（memo_698）: メモ2
2026-09-08 19:38:34 [INFO] tools: メモを追加しました（memo_699）: メモ3
2026-09-08 19:38:34 [INFO] tools: メモ一覧を取得しました（3件）
2026-09-08 19:38:34 [INFO] db: SQLiteデータベースを初期化しました: C:\Users\kouki\Downloads\j\jarvis.db
2026-09-08 19:38:34 [INFO] db: SQLiteデータベースを初期化しました: C:\Users\kouki\Downloads\j\jarvis.db
2026-09-08 19:38:34 [INFO] tools: メモを追加しました（memo_700）: メモ_0_xxxxxxxxxxxxxxxxxxxxxxxxxxxxxxxxxxxxxxxxxxxxxxxxxxxxxxxxxxxxxxxxxxxxxxxxxxxxxxxxxxxxxxxxxxxxxxxxxxxx
2026-09-08 19:38:34 [INFO] tools: メモを追加しました（memo_701）: メモ_1_xxxxxxxxxxxxxxxxxxxxxxxxxxxxxxxxxxxxxxxxxxxxxxxxxxxxxxxxxxxxxxxxxxxxxxxxxxxxxxxxxxxxxxxxxxxxxxxxxxxx
2026-09-08 19:38:34 [INFO] tools: メモを追加しました（memo_702）: メモ_2_xxxxxxxxxxxxxxxxxxxxxxxxxxxxxxxxxxxxxxxxxxxxxxxxxxxxxxxxxxxxxxxxxxxxxxxxxxxxxxxxxxxxxxxxxxxxxxxxxxxx
2026-09-08 19:38:34 [INFO] tools: メモを追加しました（memo_703）: メモ_3_xxxxxxxxxxxxxxxxxxxxxxxxxxxxxxxxxxxxxxxxxxxxxxxxxxxxxxxxxxxxxxxxxxxxxxxxxxxxxxxxxxxxxxxxxxxxxxxxxxxx
2026-09-08 19:38:34 [INFO] tools: メモを追加しました（memo_704）: メモ_4_xxxxxxxxxxxxxxxxxxxxxxxxxxxxxxxxxxxxxxxxxxxxxxxxxxxxxxxxxxxxxxxxxxxxxxxxxxxxxxxxxxxxxxxxxxxxxxxxxxxx
2026-09-08 19:38:34 [INFO] tools: メモを追加しました（memo_705）: メモ_5_xxxxxxxxxxxxxxxxxxxxxxxxxxxxxxxxxxxxxxxxxxxxxxxxxxxxxxxxxxxxxxxxxxxxxxxxxxxxxxxxxxxxxxxxxxxxxxxxxxxx
2026-09-08 19:38:34 [INFO] tools: メモを追加しました（memo_706）: メモ_6_xxxxxxxxxxxxxxxxxxxxxxxxxxxxxxxxxxxxxxxxxxxxxxxxxxxxxxxxxxxxxxxxxxxxxxxxxxxxxxxxxxxxxxxxxxxxxxxxxxxx
2026-09-08 19:38:34 [INFO] tools: メモを追加しました（memo_707）: メモ_7_xxxxxxxxxxxxxxxxxxxxxxxxxxxxxxxxxxxxxxxxxxxxxxxxxxxxxxxxxxxxxxxxxxxxxxxxxxxxxxxxxxxxxxxxxxxxxxxxxxxx
2026-09-08 19:38:34 [INFO] tools: メモを追加しました（memo_708）: メモ_8_xxxxxxxxxxxxxxxxxxxxxxxxxxxxxxxxxxxxxxxxxxxxxxxxxxxxxxxxxxxxxxxxxxxxxxxxxxxxxxxxxxxxxxxxxxxxxxxxxxxx
2026-09-08 19:38:34 [INFO] tools: メモを追加しました（memo_709）: メモ_9_xxxxxxxxxxxxxxxxxxxxxxxxxxxxxxxxxxxxxxxxxxxxxxxxxxxxxxxxxxxxxxxxxxxxxxxxxxxxxxxxxxxxxxxxxxxxxxxxxxxx
2026-09-08 19:38:34 [INFO] tools: メモを追加しました（memo_710）: メモ_10_xxxxxxxxxxxxxxxxxxxxxxxxxxxxxxxxxxxxxxxxxxxxxxxxxxxxxxxxxxxxxxxxxxxxxxxxxxxxxxxxxxxxxxxxxxxxxxxxxxxx
2026-09-08 19:38:34 [INFO] tools: メモを追加しました（memo_711）: メモ_11_xxxxxxxxxxxxxxxxxxxxxxxxxxxxxxxxxxxxxxxxxxxxxxxxxxxxxxxxxxxxxxxxxxxxxxxxxxxxxxxxxxxxxxxxxxxxxxxxxxxx
2026-09-08 19:38:34 [INFO] tools: メモを追加しました（memo_712）: メモ_12_xxxxxxxxxxxxxxxxxxxxxxxxxxxxxxxxxxxxxxxxxxxxxxxxxxxxxxxxxxxxxxxxxxxxxxxxxxxxxxxxxxxxxxxxxxxxxxxxxxxx
2026-09-08 19:38:34 [INFO] tools: メモを追加しました（memo_713）: メモ_13_xxxxxxxxxxxxxxxxxxxxxxxxxxxxxxxxxxxxxxxxxxxxxxxxxxxxxxxxxxxxxxxxxxxxxxxxxxxxxxxxxxxxxxxxxxxxxxxxxxxx
2026-09-08 19:38:34 [INFO] tools: メモを追加しました（memo_714）: メモ_14_xxxxxxxxxxxxxxxxxxxxxxxxxxxxxxxxxxxxxxxxxxxxxxxxxxxxxxxxxxxxxxxxxxxxxxxxxxxxxxxxxxxxxxxxxxxxxxxxxxxx
2026-09-08 19:38:34 [INFO] tools: メモを追加しました（memo_715）: メモ_15_xxxxxxxxxxxxxxxxxxxxxxxxxxxxxxxxxxxxxxxxxxxxxxxxxxxxxxxxxxxxxxxxxxxxxxxxxxxxxxxxxxxxxxxxxxxxxxxxxxxx
2026-09-08 19:38:34 [INFO] tools: メモを追加しました（memo_716）: メモ_16_xxxxxxxxxxxxxxxxxxxxxxxxxxxxxxxxxxxxxxxxxxxxxxxxxxxxxxxxxxxxxxxxxxxxxxxxxxxxxxxxxxxxxxxxxxxxxxxxxxxx
2026-09-08 19:38:34 [INFO] tools: メモを追加しました（memo_717）: メモ_17_xxxxxxxxxxxxxxxxxxxxxxxxxxxxxxxxxxxxxxxxxxxxxxxxxxxxxxxxxxxxxxxxxxxxxxxxxxxxxxxxxxxxxxxxxxxxxxxxxxxx
2026-09-08 19:38:34 [INFO] tools: メモを追加しました（memo_718）: メモ_18_xxxxxxxxxxxxxxxxxxxxxxxxxxxxxxxxxxxxxxxxxxxxxxxxxxxxxxxxxxxxxxxxxxxxxxxxxxxxxxxxxxxxxxxxxxxxxxxxxxxx
2026-09-08 19:38:34 [INFO] tools: メモを追加しました（memo_719）: メモ_19_xxxxxxxxxxxxxxxxxxxxxxxxxxxxxxxxxxxxxxxxxxxxxxxxxxxxxxxxxxxxxxxxxxxxxxxxxxxxxxxxxxxxxxxxxxxxxxxxxxxx
2026-09-08 19:38:34 [INFO] tools: メモを追加しました（memo_720）: メモ_20_xxxxxxxxxxxxxxxxxxxxxxxxxxxxxxxxxxxxxxxxxxxxxxxxxxxxxxxxxxxxxxxxxxxxxxxxxxxxxxxxxxxxxxxxxxxxxxxxxxxx
2026-09-08 19:38:34 [INFO] tools: メモを追加しました（memo_721）: メモ_21_xxxxxxxxxxxxxxxxxxxxxxxxxxxxxxxxxxxxxxxxxxxxxxxxxxxxxxxxxxxxxxxxxxxxxxxxxxxxxxxxxxxxxxxxxxxxxxxxxxxx
2026-09-08 19:38:34 [INFO] tools: メモを追加しました（memo_722）: メモ_22_xxxxxxxxxxxxxxxxxxxxxxxxxxxxxxxxxxxxxxxxxxxxxxxxxxxxxxxxxxxxxxxxxxxxxxxxxxxxxxxxxxxxxxxxxxxxxxxxxxxx
2026-09-08 19:38:34 [INFO] tools: メモを追加しました（memo_723）: メモ_23_xxxxxxxxxxxxxxxxxxxxxxxxxxxxxxxxxxxxxxxxxxxxxxxxxxxxxxxxxxxxxxxxxxxxxxxxxxxxxxxxxxxxxxxxxxxxxxxxxxxx
2026-09-08 19:38:34 [INFO] tools: メモを追加しました（memo_724）: メモ_24_xxxxxxxxxxxxxxxxxxxxxxxxxxxxxxxxxxxxxxxxxxxxxxxxxxxxxxxxxxxxxxxxxxxxxxxxxxxxxxxxxxxxxxxxxxxxxxxxxxxx
2026-09-08 19:38:34 [INFO] tools: メモを追加しました（memo_725）: メモ_25_xxxxxxxxxxxxxxxxxxxxxxxxxxxxxxxxxxxxxxxxxxxxxxxxxxxxxxxxxxxxxxxxxxxxxxxxxxxxxxxxxxxxxxxxxxxxxxxxxxxx
2026-09-08 19:38:35 [INFO] tools: メモを追加しました（memo_726）: メモ_26_xxxxxxxxxxxxxxxxxxxxxxxxxxxxxxxxxxxxxxxxxxxxxxxxxxxxxxxxxxxxxxxxxxxxxxxxxxxxxxxxxxxxxxxxxxxxxxxxxxxx
2026-09-08 19:38:35 [INFO] tools: メモを追加しました（memo_727）: メモ_27_xxxxxxxxxxxxxxxxxxxxxxxxxxxxxxxxxxxxxxxxxxxxxxxxxxxxxxxxxxxxxxxxxxxxxxxxxxxxxxxxxxxxxxxxxxxxxxxxxxxx
2026-09-08 19:38:35 [INFO] tools: メモを追加しました（memo_728）: メモ_28_xxxxxxxxxxxxxxxxxxxxxxxxxxxxxxxxxxxxxxxxxxxxxxxxxxxxxxxxxxxxxxxxxxxxxxxxxxxxxxxxxxxxxxxxxxxxxxxxxxxx
2026-09-08 19:38:35 [INFO] tools: メモを追加しました（memo_729）: メモ_29_xxxxxxxxxxxxxxxxxxxxxxxxxxxxxxxxxxxxxxxxxxxxxxxxxxxxxxxxxxxxxxxxxxxxxxxxxxxxxxxxxxxxxxxxxxxxxxxxxxxx
2026-09-08 19:38:35 [INFO] tools: メモを追加しました（memo_730）: メモ_30_xxxxxxxxxxxxxxxxxxxxxxxxxxxxxxxxxxxxxxxxxxxxxxxxxxxxxxxxxxxxxxxxxxxxxxxxxxxxxxxxxxxxxxxxxxxxxxxxxxxx
2026-09-08 19:38:35 [INFO] tools: メモを追加しました（memo_731）: メモ_31_xxxxxxxxxxxxxxxxxxxxxxxxxxxxxxxxxxxxxxxxxxxxxxxxxxxxxxxxxxxxxxxxxxxxxxxxxxxxxxxxxxxxxxxxxxxxxxxxxxxx
2026-09-08 19:38:35 [INFO] tools: メモを追加しました（memo_732）: メモ_32_xxxxxxxxxxxxxxxxxxxxxxxxxxxxxxxxxxxxxxxxxxxxxxxxxxxxxxxxxxxxxxxxxxxxxxxxxxxxxxxxxxxxxxxxxxxxxxxxxxxx
2026-09-08 19:38:35 [INFO] tools: メモを追加しました（memo_733）: メモ_33_xxxxxxxxxxxxxxxxxxxxxxxxxxxxxxxxxxxxxxxxxxxxxxxxxxxxxxxxxxxxxxxxxxxxxxxxxxxxxxxxxxxxxxxxxxxxxxxxxxxx
2026-09-08 19:38:35 [INFO] tools: メモを追加しました（memo_734）: メモ_34_xxxxxxxxxxxxxxxxxxxxxxxxxxxxxxxxxxxxxxxxxxxxxxxxxxxxxxxxxxxxxxxxxxxxxxxxxxxxxxxxxxxxxxxxxxxxxxxxxxxx
2026-09-08 19:38:35 [INFO] tools: メモを追加しました（memo_735）: メモ_35_xxxxxxxxxxxxxxxxxxxxxxxxxxxxxxxxxxxxxxxxxxxxxxxxxxxxxxxxxxxxxxxxxxxxxxxxxxxxxxxxxxxxxxxxxxxxxxxxxxxx
2026-09-08 19:38:35 [INFO] tools: メモを追加しました（memo_736）: メモ_36_xxxxxxxxxxxxxxxxxxxxxxxxxxxxxxxxxxxxxxxxxxxxxxxxxxxxxxxxxxxxxxxxxxxxxxxxxxxxxxxxxxxxxxxxxxxxxxxxxxxx
2026-09-08 19:38:35 [INFO] tools: メモを追加しました（memo_737）: メモ_37_xxxxxxxxxxxxxxxxxxxxxxxxxxxxxxxxxxxxxxxxxxxxxxxxxxxxxxxxxxxxxxxxxxxxxxxxxxxxxxxxxxxxxxxxxxxxxxxxxxxx
2026-09-08 19:38:35 [INFO] tools: メモを追加しました（memo_738）: メモ_38_xxxxxxxxxxxxxxxxxxxxxxxxxxxxxxxxxxxxxxxxxxxxxxxxxxxxxxxxxxxxxxxxxxxxxxxxxxxxxxxxxxxxxxxxxxxxxxxxxxxx
2026-09-08 19:38:35 [INFO] tools: メモを追加しました（memo_739）: メモ_39_xxxxxxxxxxxxxxxxxxxxxxxxxxxxxxxxxxxxxxxxxxxxxxxxxxxxxxxxxxxxxxxxxxxxxxxxxxxxxxxxxxxxxxxxxxxxxxxxxxxx
2026-09-08 19:38:35 [INFO] tools: メモを追加しました（memo_740）: メモ_40_xxxxxxxxxxxxxxxxxxxxxxxxxxxxxxxxxxxxxxxxxxxxxxxxxxxxxxxxxxxxxxxxxxxxxxxxxxxxxxxxxxxxxxxxxxxxxxxxxxxx
2026-09-08 19:38:35 [INFO] tools: メモを追加しました（memo_741）: メモ_41_xxxxxxxxxxxxxxxxxxxxxxxxxxxxxxxxxxxxxxxxxxxxxxxxxxxxxxxxxxxxxxxxxxxxxxxxxxxxxxxxxxxxxxxxxxxxxxxxxxxx
2026-09-08 19:38:35 [INFO] tools: メモを追加しました（memo_742）: メモ_42_xxxxxxxxxxxxxxxxxxxxxxxxxxxxxxxxxxxxxxxxxxxxxxxxxxxxxxxxxxxxxxxxxxxxxxxxxxxxxxxxxxxxxxxxxxxxxxxxxxxx
2026-09-08 19:38:35 [INFO] tools: メモを追加しました（memo_743）: メモ_43_xxxxxxxxxxxxxxxxxxxxxxxxxxxxxxxxxxxxxxxxxxxxxxxxxxxxxxxxxxxxxxxxxxxxxxxxxxxxxxxxxxxxxxxxxxxxxxxxxxxx
2026-09-08 19:38:35 [INFO] tools: メモを追加しました（memo_744）: メモ_44_xxxxxxxxxxxxxxxxxxxxxxxxxxxxxxxxxxxxxxxxxxxxxxxxxxxxxxxxxxxxxxxxxxxxxxxxxxxxxxxxxxxxxxxxxxxxxxxxxxxx
2026-09-08 19:38:35 [INFO] tools: メモを追加しました（memo_745）: メモ_45_xxxxxxxxxxxxxxxxxxxxxxxxxxxxxxxxxxxxxxxxxxxxxxxxxxxxxxxxxxxxxxxxxxxxxxxxxxxxxxxxxxxxxxxxxxxxxxxxxxxx
2026-09-08 19:38:35 [INFO] tools: メモを追加しました（memo_746）: メモ_46_xxxxxxxxxxxxxxxxxxxxxxxxxxxxxxxxxxxxxxxxxxxxxxxxxxxxxxxxxxxxxxxxxxxxxxxxxxxxxxxxxxxxxxxxxxxxxxxxxxxx
2026-09-08 19:38:35 [INFO] tools: メモを追加しました（memo_747）: メモ_47_xxxxxxxxxxxxxxxxxxxxxxxxxxxxxxxxxxxxxxxxxxxxxxxxxxxxxxxxxxxxxxxxxxxxxxxxxxxxxxxxxxxxxxxxxxxxxxxxxxxx
2026-09-08 19:38:35 [INFO] tools: メモを追加しました（memo_748）: メモ_48_xxxxxxxxxxxxxxxxxxxxxxxxxxxxxxxxxxxxxxxxxxxxxxxxxxxxxxxxxxxxxxxxxxxxxxxxxxxxxxxxxxxxxxxxxxxxxxxxxxxx
2026-09-08 19:38:35 [INFO] tools: メモを追加しました（memo_749）: メモ_49_xxxxxxxxxxxxxxxxxxxxxxxxxxxxxxxxxxxxxxxxxxxxxxxxxxxxxxxxxxxxxxxxxxxxxxxxxxxxxxxxxxxxxxxxxxxxxxxxxxxx
2026-09-08 19:38:35 [INFO] tools: メモを追加しました（memo_750）: メモ_50_xxxxxxxxxxxxxxxxxxxxxxxxxxxxxxxxxxxxxxxxxxxxxxxxxxxxxxxxxxxxxxxxxxxxxxxxxxxxxxxxxxxxxxxxxxxxxxxxxxxx
2026-09-08 19:38:35 [INFO] tools: メモを追加しました（memo_751）: メモ_51_xxxxxxxxxxxxxxxxxxxxxxxxxxxxxxxxxxxxxxxxxxxxxxxxxxxxxxxxxxxxxxxxxxxxxxxxxxxxxxxxxxxxxxxxxxxxxxxxxxxx
2026-09-08 19:38:35 [INFO] tools: メモを追加しました（memo_752）: メモ_52_xxxxxxxxxxxxxxxxxxxxxxxxxxxxxxxxxxxxxxxxxxxxxxxxxxxxxxxxxxxxxxxxxxxxxxxxxxxxxxxxxxxxxxxxxxxxxxxxxxxx
2026-09-08 19:38:35 [INFO] tools: メモを追加しました（memo_753）: メモ_53_xxxxxxxxxxxxxxxxxxxxxxxxxxxxxxxxxxxxxxxxxxxxxxxxxxxxxxxxxxxxxxxxxxxxxxxxxxxxxxxxxxxxxxxxxxxxxxxxxxxx
2026-09-08 19:38:35 [INFO] tools: メモを追加しました（memo_754）: メモ_54_xxxxxxxxxxxxxxxxxxxxxxxxxxxxxxxxxxxxxxxxxxxxxxxxxxxxxxxxxxxxxxxxxxxxxxxxxxxxxxxxxxxxxxxxxxxxxxxxxxxx
2026-09-08 19:38:35 [INFO] tools: メモを追加しました（memo_755）: メモ_55_xxxxxxxxxxxxxxxxxxxxxxxxxxxxxxxxxxxxxxxxxxxxxxxxxxxxxxxxxxxxxxxxxxxxxxxxxxxxxxxxxxxxxxxxxxxxxxxxxxxx
2026-09-08 19:38:35 [INFO] tools: メモを追加しました（memo_756）: メモ_56_xxxxxxxxxxxxxxxxxxxxxxxxxxxxxxxxxxxxxxxxxxxxxxxxxxxxxxxxxxxxxxxxxxxxxxxxxxxxxxxxxxxxxxxxxxxxxxxxxxxx
2026-09-08 19:38:36 [INFO] tools: メモを追加しました（memo_757）: メモ_57_xxxxxxxxxxxxxxxxxxxxxxxxxxxxxxxxxxxxxxxxxxxxxxxxxxxxxxxxxxxxxxxxxxxxxxxxxxxxxxxxxxxxxxxxxxxxxxxxxxxx
2026-09-08 19:38:36 [INFO] tools: メモを追加しました（memo_758）: メモ_58_xxxxxxxxxxxxxxxxxxxxxxxxxxxxxxxxxxxxxxxxxxxxxxxxxxxxxxxxxxxxxxxxxxxxxxxxxxxxxxxxxxxxxxxxxxxxxxxxxxxx
2026-09-08 19:38:36 [INFO] tools: メモを追加しました（memo_759）: メモ_59_xxxxxxxxxxxxxxxxxxxxxxxxxxxxxxxxxxxxxxxxxxxxxxxxxxxxxxxxxxxxxxxxxxxxxxxxxxxxxxxxxxxxxxxxxxxxxxxxxxxx
2026-09-08 19:38:36 [INFO] tools: メモ一覧を取得しました（60件）
2026-09-08 19:38:36 [INFO] db: SQLiteデータベースを初期化しました: C:\Users\kouki\Downloads\j\jarvis.db
2026-09-08 19:38:36 [INFO] db: SQLiteデータベースを初期化しました: C:\Users\kouki\Downloads\j\jarvis.db
2026-09-08 19:38:36 [INFO] db: SQLiteデータベースを初期化しました: C:\Users\kouki\Downloads\j\jarvis.db
2026-09-08 19:38:36 [INFO] db: SQLiteデータベースを初期化しました: C:\Users\kouki\Downloads\j\jarvis.db
2026-09-08 19:38:36 [INFO] tools: メモを追加しました（memo_760）: 明日の会議は15時から
2026-09-08 19:38:36 [INFO] tools: メモを検索しました（キーワード: 会議、結果: 1件）
2026-09-08 19:38:36 [INFO] db: SQLiteデータベースを初期化しました: C:\Users\kouki\Downloads\j\jarvis.db
2026-09-08 19:38:36 [INFO] db: SQLiteデータベースを初期化しました: C:\Users\kouki\Downloads\j\jarvis.db
2026-09-08 19:38:36 [INFO] tools: メモを追加しました（memo_761）: 8月28日の会議
2026-09-08 19:38:36 [WARNING] tools: ⚠️ 時刻関連クエリがメモとして渡された可能性があります。正常な呼び出しか確認してください: '次の会議は明日'
2026-09-08 19:38:36 [INFO] tools: メモを追加しました（memo_762）: 買い物リスト
2026-09-08 19:38:36 [INFO] tools: メモを検索しました（キーワード: 会議、結果: 1件）
2026-09-08 19:38:36 [INFO] db: SQLiteデータベースを初期化しました: C:\Users\kouki\Downloads\j\jarvis.db
2026-09-08 19:38:36 [INFO] db: SQLiteデータベースを初期化しました: C:\Users\kouki\Downloads\j\jarvis.db
2026-09-08 19:38:36 [INFO] tools: メモを追加しました（memo_763）: Meeting tomorrow at 15:00
2026-09-08 19:38:36 [INFO] tools: メモを検索しました（キーワード: meeting、結果: 1件）
2026-09-08 19:38:36 [INFO] db: SQLiteデータベースを初期化しました: C:\Users\kouki\Downloads\j\jarvis.db
2026-09-08 19:38:36 [INFO] db: SQLiteデータベースを初期化しました: C:\Users\kouki\Downloads\j\jarvis.db
2026-09-08 19:38:36 [WARNING] tools: search_memos: バリデーション失敗: 検索キーワードが空です。内容を指定してください。
2026-09-08 19:38:36 [INFO] db: SQLiteデータベースを初期化しました: C:\Users\kouki\Downloads\j\jarvis.db
2026-09-08 19:38:36 [INFO] db: SQLiteデータベースを初期化しました: C:\Users\kouki\Downloads\j\jarvis.db
2026-09-08 19:38:36 [WARNING] tools: 検索キーワードに疑わしい文字が含まれています: "'; DROP TABLE memos; --"
2026-09-08 19:38:36 [INFO] db: SQLiteデータベースを初期化しました: C:\Users\kouki\Downloads\j\jarvis.db
2026-09-08 19:38:36 [INFO] db: SQLiteデータベースを初期化しました: C:\Users\kouki\Downloads\j\jarvis.db
2026-09-08 19:38:36 [INFO] tools: メモを追加しました（memo_764）: 買い物
2026-09-08 19:38:36 [INFO] tools: メモを完了状態にしました（memo_764）
2026-09-08 19:38:36 [INFO] db: SQLiteデータベースを初期化しました: C:\Users\kouki\Downloads\j\jarvis.db
2026-09-08 19:38:36 [INFO] db: SQLiteデータベースを初期化しました: C:\Users\kouki\Downloads\j\jarvis.db
2026-09-08 19:38:36 [INFO] db: SQLiteデータベースを初期化しました: C:\Users\kouki\Downloads\j\jarvis.db
2026-09-08 19:38:36 [INFO] db: SQLiteデータベースを初期化しました: C:\Users\kouki\Downloads\j\jarvis.db
2026-09-08 19:38:36 [INFO] db: SQLiteデータベースを初期化しました: C:\Users\kouki\Downloads\j\jarvis.db
2026-09-08 19:38:36 [INFO] db: SQLiteデータベースを初期化しました: C:\Users\kouki\Downloads\j\jarvis.db
2026-09-08 19:38:36 [INFO] db: SQLiteデータベースを初期化しました: C:\Users\kouki\Downloads\j\jarvis.db
2026-09-08 19:38:36 [INFO] db: SQLiteデータベースを初期化しました: C:\Users\kouki\Downloads\j\jarvis.db
2026-09-08 19:38:36 [INFO] tools: メモを追加しました（memo_765）: 残すメモ
2026-09-08 19:38:36 [INFO] tools: メモを追加しました（memo_766）: 削除するメモ
2026-09-08 19:38:36 [INFO] tools: メモを削除しました（memo_766）
2026-09-08 19:38:36 [INFO] tools: メモ一覧を取得しました（1件）
2026-09-08 19:38:36 [INFO] tools: メモ一覧を取得しました（1件）
2026-09-08 19:38:36 [INFO] db: SQLiteデータベースを初期化しました: C:\Users\kouki\Downloads\j\jarvis.db
2026-09-08 19:38:36 [INFO] db: SQLiteデータベースを初期化しました: C:\Users\kouki\Downloads\j\jarvis.db
2026-09-08 19:38:36 [INFO] db: SQLiteデータベースを初期化しました: C:\Users\kouki\Downloads\j\jarvis.db
2026-09-08 19:38:36 [INFO] db: SQLiteデータベースを初期化しました: C:\Users\kouki\Downloads\j\jarvis.db
2026-09-08 19:38:36 [INFO] tools: メモを追加しました（memo_767）: メモ1
2026-09-08 19:38:36 [INFO] tools: メモを追加しました（memo_768）: メモ2
2026-09-08 19:38:36 [INFO] tools: 通常メモを全削除しました: 2件
2026-09-08 19:38:36 [INFO] db: SQLiteデータベースを初期化しました: C:\Users\kouki\Downloads\j\jarvis.db
2026-09-08 19:38:36 [INFO] db: SQLiteデータベースを初期化しました: C:\Users\kouki\Downloads\j\jarvis.db
2026-09-08 19:38:36 [INFO] tools: メモを追加しました（memo_769）: 8月28日(金) 15:00 歯医者
2026-09-08 19:38:36 [INFO] tools: メモ一覧を取得しました（1件）
2026-09-08 19:38:36 [INFO] tools: メモを検索しました（キーワード: 歯医者、結果: 1件）
2026-09-08 19:38:36 [INFO] tools: メモを完了状態にしました（memo_769）
2026-09-08 19:38:36 [INFO] tools: メモ一覧を取得しました（1件）
2026-09-08 19:38:36 [INFO] db: SQLiteデータベースを初期化しました: C:\Users\kouki\Downloads\j\jarvis.db
2026-09-08 19:38:37 [INFO] db: SQLiteデータベースを初期化しました: C:\Users\kouki\Downloads\j\jarvis.db
2026-09-08 19:38:37 [INFO] tools: メモを追加しました（memo_770）: 買い物：牛乳、パン
2026-09-08 19:38:37 [INFO] tools: メモを追加しました（memo_771）: 会議準備：資料印刷
2026-09-08 19:38:37 [INFO] tools: メモを追加しました（memo_772）: 電話：田中さんへ連絡
2026-09-08 19:38:37 [INFO] tools: メモを検索しました（キーワード: 会議、結果: 1件）
2026-09-08 19:38:37 [INFO] tools: メモを検索しました（キーワード: ：、結果: 3件）
2026-09-09 14:36:46 [INFO] env_validation: 環境変数チェック完了: すべての必須変数が設定されています。
2026-09-09 23:41:39 [ERROR] llm_client: Gemini APIが空のレスポンスを返しました。
2026-09-09 23:41:39 [INFO] db: SQLiteデータベースを初期化しました: C:\Users\kouki\AppData\Local\Temp\pytest-of-kouki\pytest-43\test_get_memos_returns_structu0\core_api.db
2026-09-09 23:41:39 [INFO] tools: メモを追加しました（memo_1）: APIから確認するメモ
2026-09-09 23:41:39 [INFO] db: SQLiteデータベースを初期化しました: C:\Users\kouki\AppData\Local\Temp\pytest-of-kouki\pytest-43\test_delete_normal_memo_return0\core_api.db
2026-09-09 23:41:39 [INFO] db: SQLiteデータベースを初期化しました: C:\Users\kouki\AppData\Local\Temp\pytest-of-kouki\pytest-43\test_delete_all_normal_memos_r0\core_api.db
2026-09-09 23:41:39 [INFO] tools: メモを追加しました（memo_1）: 削除対象1
2026-09-09 23:41:39 [INFO] tools: メモを追加しました（memo_2）: 削除対象2
2026-09-09 23:41:39 [INFO] tools: 通常メモを全削除しました: 2件
2026-09-09 23:41:39 [INFO] db: SQLiteデータベースを初期化しました: C:\Users\kouki\AppData\Local\Temp\pytest-of-kouki\pytest-43\test_move_pc_file_records_succ0\core_api.db
2026-09-09 23:41:40 [INFO] db: SQLiteデータベースを初期化しました: C:\Users\kouki\AppData\Local\Temp\pytest-of-kouki\pytest-43\test_rag_pdf_upload_simulation0\test_jarvis.db
2026-09-09 23:41:40 [INFO] db: SQLiteデータベースを初期化しました: C:\Users\kouki\AppData\Local\Temp\pytest-of-kouki\pytest-43\test_rag_embedding_and_storage0\test_jarvis.db
2026-09-09 23:41:40 [INFO] db: SQLiteデータベースを初期化しました: C:\Users\kouki\AppData\Local\Temp\pytest-of-kouki\pytest-43\test_rag_similarity_search_and0\test_jarvis.db
2026-09-09 23:41:40 [INFO] db: SQLiteデータベースを初期化しました: C:\Users\kouki\AppData\Local\Temp\pytest-of-kouki\pytest-43\test_rag_document_ranking_by_s0\test_jarvis.db
2026-09-09 23:41:40 [INFO] db: SQLiteデータベースを初期化しました: C:\Users\kouki\AppData\Local\Temp\pytest-of-kouki\pytest-43\test_chat_single_turn_flow0\test_jarvis.db
2026-09-09 23:41:40 [INFO] db: SQLiteデータベースを初期化しました: C:\Users\kouki\AppData\Local\Temp\pytest-of-kouki\pytest-43\test_chat_multi_turn_conversat0\test_jarvis.db
2026-09-09 23:41:40 [INFO] db: SQLiteデータベースを初期化しました: C:\Users\kouki\AppData\Local\Temp\pytest-of-kouki\pytest-43\test_chat_tool_invocation_memo0\test_jarvis.db
2026-09-09 23:41:40 [INFO] tools: メモを追加しました（memo_1）: Meeting with John at 3 PM on August 28
2026-09-09 23:41:40 [INFO] tools: メモ一覧を取得しました（1件）
2026-09-09 23:41:40 [INFO] db: SQLiteデータベースを初期化しました: C:\Users\kouki\AppData\Local\Temp\pytest-of-kouki\pytest-43\test_memo_add_and_list0\test_jarvis.db
2026-09-09 23:41:40 [INFO] tools: メモを追加しました（memo_1）: Buy groceries
2026-09-09 23:41:40 [INFO] tools: メモを追加しました（memo_2）: Call dentist
2026-09-09 23:41:40 [INFO] tools: メモ一覧を取得しました（2件）
2026-09-09 23:41:41 [INFO] db: SQLiteデータベースを初期化しました: C:\Users\kouki\AppData\Local\Temp\pytest-of-kouki\pytest-43\test_memo_search_functionality0\test_jarvis.db
2026-09-09 23:41:41 [INFO] tools: メモを追加しました（memo_1）: Dentist appointment on Friday
2026-09-09 23:41:41 [INFO] tools: メモを追加しました（memo_2）: Coffee meeting Monday
2026-09-09 23:41:41 [INFO] tools: メモを追加しました（memo_3）: Doctor checkup Wednesday
2026-09-09 23:41:41 [INFO] tools: メモを検索しました（キーワード: dentist、結果: 1件）
2026-09-09 23:41:41 [INFO] db: SQLiteデータベースを初期化しました: C:\Users\kouki\AppData\Local\Temp\pytest-of-kouki\pytest-43\test_memo_mark_done0\test_jarvis.db
2026-09-09 23:41:41 [INFO] tools: メモを追加しました（memo_1）: Complete project report
2026-09-09 23:41:41 [INFO] tools: メモ一覧を取得しました（1件）
2026-09-09 23:41:41 [INFO] tools: メモを完了状態にしました（memo_1）
2026-09-09 23:41:41 [INFO] tools: メモ一覧を取得しました（1件）
2026-09-09 23:41:41 [INFO] db: SQLiteデータベースを初期化しました: C:\Users\kouki\AppData\Local\Temp\pytest-of-kouki\pytest-43\test_memo_concurrent_add_opera0\test_jarvis.db
2026-09-09 23:41:41 [INFO] tools: メモを追加しました（memo_1）: Memo 0
2026-09-09 23:41:41 [INFO] tools: メモを追加しました（memo_2）: Memo 1
2026-09-09 23:41:41 [INFO] tools: メモを追加しました（memo_3）: Memo 2
2026-09-09 23:41:41 [INFO] tools: メモを追加しました（memo_4）: Memo 3
2026-09-09 23:41:41 [INFO] tools: メモを追加しました（memo_5）: Memo 4
2026-09-09 23:41:41 [INFO] tools: メモを追加しました（memo_6）: Memo 5
2026-09-09 23:41:41 [INFO] tools: メモを追加しました（memo_7）: Memo 6
2026-09-09 23:41:41 [INFO] tools: メモを追加しました（memo_8）: Memo 7
2026-09-09 23:41:41 [INFO] tools: メモを追加しました（memo_9）: Memo 8
2026-09-09 23:41:41 [INFO] tools: メモを追加しました（memo_10）: Memo 9
2026-09-09 23:41:41 [INFO] tools: メモ一覧を取得しました（10件）
2026-09-09 23:41:41 [INFO] db: SQLiteデータベースを初期化しました: C:\Users\kouki\AppData\Local\Temp\pytest-of-kouki\pytest-43\test_memo_validation_rejects_t0\test_jarvis.db
2026-09-09 23:41:41 [WARNING] tools: ⚠️ 時刻関連クエリがメモとして渡された可能性があります。正常な呼び出しか確認してください: '何時？'
2026-09-09 23:41:41 [INFO] db: SQLiteデータベースを初期化しました: C:\Users\kouki\AppData\Local\Temp\pytest-of-kouki\pytest-43\test_chat_session_create_and_r0\test_jarvis.db
2026-09-09 23:41:41 [INFO] db: SQLiteデータベースを初期化しました: C:\Users\kouki\AppData\Local\Temp\pytest-of-kouki\pytest-43\test_chat_session_persistence_0\test_jarvis.db
2026-09-09 23:41:41 [INFO] db: SQLiteデータベースを初期化しました: C:\Users\kouki\AppData\Local\Temp\pytest-of-kouki\pytest-43\test_chat_session_multiple_ses0\test_jarvis.db
2026-09-09 23:41:41 [INFO] db: SQLiteデータベースを初期化しました: C:\Users\kouki\AppData\Local\Temp\pytest-of-kouki\pytest-43\test_chat_session_history_buil0\test_jarvis.db
2026-09-09 23:41:42 [INFO] db: SQLiteデータベースを初期化しました: C:\Users\kouki\AppData\Local\Temp\pytest-of-kouki\pytest-43\test_error_database_connection0\test_jarvis.db
2026-09-09 23:41:42 [INFO] db: SQLiteデータベースを初期化しました: C:\Users\kouki\AppData\Local\Temp\pytest-of-kouki\pytest-43\test_error_invalid_memo_text0\test_jarvis.db
2026-09-09 23:41:42 [WARNING] tools: add_memo: バリデーション失敗: メモのテキストが空です。内容を指定してください。
2026-09-09 23:41:42 [WARNING] tools: add_memo: バリデーション失敗: メモのテキストが短すぎます（最小2文字）: ''
2026-09-09 23:41:42 [WARNING] tools: add_memo: バリデーション失敗: メモのテキストが短すぎます（最小2文字）: 'a'
2026-09-09 23:41:42 [INFO] db: SQLiteデータベースを初期化しました: C:\Users\kouki\AppData\Local\Temp\pytest-of-kouki\pytest-43\test_error_malformed_chat_data0\test_jarvis.db
2026-09-09 23:41:42 [INFO] db: SQLiteデータベースを初期化しました: C:\Users\kouki\AppData\Local\Temp\pytest-of-kouki\pytest-43\test_error_gemini_api_failure_0\test_jarvis.db
2026-09-09 23:41:42 [INFO] db: SQLiteデータベースを初期化しました: C:\Users\kouki\AppData\Local\Temp\pytest-of-kouki\pytest-43\test_error_search_with_invalid0\test_jarvis.db
2026-09-09 23:41:42 [INFO] tools: メモを追加しました（memo_1）: Test memo
2026-09-09 23:41:42 [WARNING] tools: 検索キーワードに疑わしい文字が含まれています: "'; DROP TABLE memos; --"
2026-09-09 23:41:42 [WARNING] tools: 検索キーワードに疑わしい文字が含まれています: '% OR 1=1 --'
2026-09-09 23:41:42 [INFO] tools: メモを検索しました（キーワード:  null byte、結果: 1件）
2026-09-09 23:41:42 [INFO] db: SQLiteデータベースを初期化しました: C:\Users\kouki\AppData\Local\Temp\pytest-of-kouki\pytest-43\test_scenario_complete_memo_wo0\test_jarvis.db
2026-09-09 23:41:42 [INFO] tools: メモを追加しました（memo_1）: Prepare presentation for meeting
2026-09-09 23:41:42 [INFO] tools: メモを追加しました（memo_2）: Review pull requests
2026-09-09 23:41:42 [INFO] tools: メモを追加しました（memo_3）: Update project documentation
2026-09-09 23:41:42 [INFO] tools: メモを追加しました（memo_4）: Schedule team sync
2026-09-09 23:41:42 [INFO] tools: メモ一覧を取得しました（4件）
2026-09-09 23:41:42 [INFO] tools: メモを検索しました（キーワード: presentation、結果: 1件）
2026-09-09 23:41:42 [INFO] tools: メモを完了状態にしました（memo_1）
2026-09-09 23:41:42 [INFO] tools: メモ一覧を取得しました（4件）
2026-09-09 23:41:42 [INFO] db: SQLiteデータベースを初期化しました: C:\Users\kouki\AppData\Local\Temp\pytest-of-kouki\pytest-43\test_scenario_multi_turn_chat_0\test_jarvis.db
2026-09-09 23:41:42 [INFO] tools: メモを追加しました（memo_1）: Remind me to call John tomorrow
2026-09-09 23:41:43 [INFO] tools: メモを追加しました（memo_2）: Add a memo: prepare slides for presentation
2026-09-09 23:41:43 [INFO] tools: メモを追加しました（memo_3）: What memos do I have?
2026-09-09 23:41:43 [INFO] tools: メモ一覧を取得しました（3件）
2026-09-09 23:41:43 [INFO] db: SQLiteデータベースを初期化しました: C:\Users\kouki\AppData\Local\Temp\pytest-of-kouki\pytest-43\test_scenario_rag_search_in_ch0\test_jarvis.db
2026-09-09 23:41:43 [INFO] db: SQLiteデータベースを初期化しました: C:\Users\kouki\AppData\Local\Temp\pytest-of-kouki\pytest-43\test_large_memo_list_handling0\test_jarvis.db
2026-09-09 23:41:43 [INFO] tools: メモを追加しました（memo_1）: Memo item 0
2026-09-09 23:41:43 [INFO] tools: メモを追加しました（memo_2）: Memo item 1
2026-09-09 23:41:43 [INFO] tools: メモを追加しました（memo_3）: Memo item 2
2026-09-09 23:41:43 [INFO] tools: メモを追加しました（memo_4）: Memo item 3
2026-09-09 23:41:43 [INFO] tools: メモを追加しました（memo_5）: Memo item 4
2026-09-09 23:41:43 [INFO] tools: メモを追加しました（memo_6）: Memo item 5
2026-09-09 23:41:43 [INFO] tools: メモを追加しました（memo_7）: Memo item 6
2026-09-09 23:41:43 [INFO] tools: メモを追加しました（memo_8）: Memo item 7
2026-09-09 23:41:43 [INFO] tools: メモを追加しました（memo_9）: Memo item 8
2026-09-09 23:41:43 [INFO] tools: メモを追加しました（memo_10）: Memo item 9
2026-09-09 23:41:43 [INFO] tools: メモを追加しました（memo_11）: Memo item 10
2026-09-09 23:41:43 [INFO] tools: メモを追加しました（memo_12）: Memo item 11
2026-09-09 23:41:43 [INFO] tools: メモを追加しました（memo_13）: Memo item 12
2026-09-09 23:41:43 [INFO] tools: メモを追加しました（memo_14）: Memo item 13
2026-09-09 23:41:43 [INFO] tools: メモを追加しました（memo_15）: Memo item 14
2026-09-09 23:41:43 [INFO] tools: メモを追加しました（memo_16）: Memo item 15
2026-09-09 23:41:43 [INFO] tools: メモを追加しました（memo_17）: Memo item 16
2026-09-09 23:41:43 [INFO] tools: メモを追加しました（memo_18）: Memo item 17
2026-09-09 23:41:43 [INFO] tools: メモを追加しました（memo_19）: Memo item 18
2026-09-09 23:41:43 [INFO] tools: メモを追加しました（memo_20）: Memo item 19
2026-09-09 23:41:43 [INFO] tools: メモを追加しました（memo_21）: Memo item 20
2026-09-09 23:41:43 [INFO] tools: メモを追加しました（memo_22）: Memo item 21
2026-09-09 23:41:43 [INFO] tools: メモを追加しました（memo_23）: Memo item 22
2026-09-09 23:41:43 [INFO] tools: メモを追加しました（memo_24）: Memo item 23
2026-09-09 23:41:43 [INFO] tools: メモを追加しました（memo_25）: Memo item 24
2026-09-09 23:41:43 [INFO] tools: メモを追加しました（memo_26）: Memo item 25
2026-09-09 23:41:43 [INFO] tools: メモを追加しました（memo_27）: Memo item 26
2026-09-09 23:41:43 [INFO] tools: メモを追加しました（memo_28）: Memo item 27
2026-09-09 23:41:43 [INFO] tools: メモを追加しました（memo_29）: Memo item 28
2026-09-09 23:41:43 [INFO] tools: メモを追加しました（memo_30）: Memo item 29
2026-09-09 23:41:43 [INFO] tools: メモを追加しました（memo_31）: Memo item 30
2026-09-09 23:41:43 [INFO] tools: メモを追加しました（memo_32）: Memo item 31
2026-09-09 23:41:43 [INFO] tools: メモを追加しました（memo_33）: Memo item 32
2026-09-09 23:41:43 [INFO] tools: メモを追加しました（memo_34）: Memo item 33
2026-09-09 23:41:43 [INFO] tools: メモを追加しました（memo_35）: Memo item 34
2026-09-09 23:41:43 [INFO] tools: メモを追加しました（memo_36）: Memo item 35
2026-09-09 23:41:43 [INFO] tools: メモを追加しました（memo_37）: Memo item 36
2026-09-09 23:41:43 [INFO] tools: メモを追加しました（memo_38）: Memo item 37
2026-09-09 23:41:43 [INFO] tools: メモを追加しました（memo_39）: Memo item 38
2026-09-09 23:41:43 [INFO] tools: メモを追加しました（memo_40）: Memo item 39
2026-09-09 23:41:44 [INFO] tools: メモを追加しました（memo_41）: Memo item 40
2026-09-09 23:41:44 [INFO] tools: メモを追加しました（memo_42）: Memo item 41
2026-09-09 23:41:44 [INFO] tools: メモを追加しました（memo_43）: Memo item 42
2026-09-09 23:41:44 [INFO] tools: メモを追加しました（memo_44）: Memo item 43
2026-09-09 23:41:44 [INFO] tools: メモを追加しました（memo_45）: Memo item 44
2026-09-09 23:41:44 [INFO] tools: メモを追加しました（memo_46）: Memo item 45
2026-09-09 23:41:44 [INFO] tools: メモを追加しました（memo_47）: Memo item 46
2026-09-09 23:41:44 [INFO] tools: メモを追加しました（memo_48）: Memo item 47
2026-09-09 23:41:44 [INFO] tools: メモを追加しました（memo_49）: Memo item 48
2026-09-09 23:41:44 [INFO] tools: メモを追加しました（memo_50）: Memo item 49
2026-09-09 23:41:44 [INFO] tools: メモを追加しました（memo_51）: Memo item 50
2026-09-09 23:41:44 [INFO] tools: メモを追加しました（memo_52）: Memo item 51
2026-09-09 23:41:44 [INFO] tools: メモを追加しました（memo_53）: Memo item 52
2026-09-09 23:41:44 [INFO] tools: メモを追加しました（memo_54）: Memo item 53
2026-09-09 23:41:44 [INFO] tools: メモを追加しました（memo_55）: Memo item 54
2026-09-09 23:41:44 [INFO] tools: メモを追加しました（memo_56）: Memo item 55
2026-09-09 23:41:44 [INFO] tools: メモを追加しました（memo_57）: Memo item 56
2026-09-09 23:41:44 [INFO] tools: メモを追加しました（memo_58）: Memo item 57
2026-09-09 23:41:44 [INFO] tools: メモを追加しました（memo_59）: Memo item 58
2026-09-09 23:41:44 [INFO] tools: メモを追加しました（memo_60）: Memo item 59
2026-09-09 23:41:44 [INFO] tools: メモを追加しました（memo_61）: Memo item 60
2026-09-09 23:41:44 [INFO] tools: メモを追加しました（memo_62）: Memo item 61
2026-09-09 23:41:44 [INFO] tools: メモを追加しました（memo_63）: Memo item 62
2026-09-09 23:41:44 [INFO] tools: メモを追加しました（memo_64）: Memo item 63
2026-09-09 23:41:44 [INFO] tools: メモを追加しました（memo_65）: Memo item 64
2026-09-09 23:41:44 [INFO] tools: メモを追加しました（memo_66）: Memo item 65
2026-09-09 23:41:44 [INFO] tools: メモを追加しました（memo_67）: Memo item 66
2026-09-09 23:41:44 [INFO] tools: メモを追加しました（memo_68）: Memo item 67
2026-09-09 23:41:44 [INFO] tools: メモを追加しました（memo_69）: Memo item 68
2026-09-09 23:41:44 [INFO] tools: メモを追加しました（memo_70）: Memo item 69
2026-09-09 23:41:44 [INFO] tools: メモを追加しました（memo_71）: Memo item 70
2026-09-09 23:41:44 [INFO] tools: メモを追加しました（memo_72）: Memo item 71
2026-09-09 23:41:44 [INFO] tools: メモを追加しました（memo_73）: Memo item 72
2026-09-09 23:41:44 [INFO] tools: メモを追加しました（memo_74）: Memo item 73
2026-09-09 23:41:44 [INFO] tools: メモを追加しました（memo_75）: Memo item 74
2026-09-09 23:41:44 [INFO] tools: メモを追加しました（memo_76）: Memo item 75
2026-09-09 23:41:44 [INFO] tools: メモを追加しました（memo_77）: Memo item 76
2026-09-09 23:41:44 [INFO] tools: メモを追加しました（memo_78）: Memo item 77
2026-09-09 23:41:44 [INFO] tools: メモを追加しました（memo_79）: Memo item 78
2026-09-09 23:41:44 [INFO] tools: メモを追加しました（memo_80）: Memo item 79
2026-09-09 23:41:44 [INFO] tools: メモを追加しました（memo_81）: Memo item 80
2026-09-09 23:41:44 [INFO] tools: メモを追加しました（memo_82）: Memo item 81
2026-09-09 23:41:44 [INFO] tools: メモを追加しました（memo_83）: Memo item 82
2026-09-09 23:41:44 [INFO] tools: メモを追加しました（memo_84）: Memo item 83
2026-09-09 23:41:44 [INFO] tools: メモを追加しました（memo_85）: Memo item 84
2026-09-09 23:41:45 [INFO] tools: メモを追加しました（memo_86）: Memo item 85
2026-09-09 23:41:45 [INFO] tools: メモを追加しました（memo_87）: Memo item 86
2026-09-09 23:41:45 [INFO] tools: メモを追加しました（memo_88）: Memo item 87
2026-09-09 23:41:45 [INFO] tools: メモを追加しました（memo_89）: Memo item 88
2026-09-09 23:41:45 [INFO] tools: メモを追加しました（memo_90）: Memo item 89
2026-09-09 23:41:45 [INFO] tools: メモを追加しました（memo_91）: Memo item 90
2026-09-09 23:41:45 [INFO] tools: メモを追加しました（memo_92）: Memo item 91
2026-09-09 23:41:45 [INFO] tools: メモを追加しました（memo_93）: Memo item 92
2026-09-09 23:41:45 [INFO] tools: メモを追加しました（memo_94）: Memo item 93
2026-09-09 23:41:45 [INFO] tools: メモを追加しました（memo_95）: Memo item 94
2026-09-09 23:41:45 [INFO] tools: メモを追加しました（memo_96）: Memo item 95
2026-09-09 23:41:45 [INFO] tools: メモを追加しました（memo_97）: Memo item 96
2026-09-09 23:41:45 [INFO] tools: メモを追加しました（memo_98）: Memo item 97
2026-09-09 23:41:45 [INFO] tools: メモを追加しました（memo_99）: Memo item 98
2026-09-09 23:41:45 [INFO] tools: メモを追加しました（memo_100）: Memo item 99
2026-09-09 23:41:45 [INFO] tools: メモ一覧を取得しました（100件）
2026-09-09 23:41:45 [INFO] db: SQLiteデータベースを初期化しました: C:\Users\kouki\AppData\Local\Temp\pytest-of-kouki\pytest-43\test_large_chat_history_buildi0\test_jarvis.db
2026-09-09 23:41:45 [INFO] db: SQLiteデータベースを初期化しました: C:\Users\kouki\AppData\Local\Temp\pytest-of-kouki\pytest-43\test_database_table_row_counts0\test_jarvis.db
2026-09-09 23:41:45 [INFO] tools: メモを追加しました（memo_1）: Test memo 1
2026-09-09 23:41:45 [INFO] tools: メモを追加しました（memo_2）: Test memo 2
2026-09-09 23:41:45 [INFO] db: SQLiteデータベースを初期化しました: C:\Users\kouki\Downloads\j\jarvis.db
2026-09-09 23:41:45 [WARNING] tools: add_memo: バリデーション失敗: メモのテキストが空です。内容を指定してください。
2026-09-09 23:41:45 [INFO] db: SQLiteデータベースを初期化しました: C:\Users\kouki\Downloads\j\jarvis.db
2026-09-09 23:41:45 [WARNING] tools: add_memo: バリデーション失敗: メモのテキストが短すぎます（最小2文字）: ''
2026-09-09 23:41:45 [INFO] db: SQLiteデータベースを初期化しました: C:\Users\kouki\Downloads\j\jarvis.db
2026-09-09 23:41:45 [WARNING] tools: add_memo: バリデーション失敗: メモのテキストが短すぎます（最小2文字）: ''
2026-09-09 23:41:45 [INFO] db: SQLiteデータベースを初期化しました: C:\Users\kouki\Downloads\j\jarvis.db
2026-09-09 23:41:45 [WARNING] tools: add_memo: バリデーション失敗: メモのテキストが短すぎます（最小2文字）: 'a'
2026-09-09 23:41:45 [INFO] db: SQLiteデータベースを初期化しました: C:\Users\kouki\Downloads\j\jarvis.db
2026-09-09 23:41:45 [WARNING] tools: add_memo: バリデーション失敗: メモのテキストが長すぎます（最大5000文字）
2026-09-09 23:41:45 [INFO] db: SQLiteデータベースを初期化しました: C:\Users\kouki\Downloads\j\jarvis.db
2026-09-09 23:41:45 [WARNING] tools: add_memo: バリデーション失敗: メモのテキストが長すぎます（最大5000文字）
2026-09-09 23:41:45 [INFO] db: SQLiteデータベースを初期化しました: C:\Users\kouki\Downloads\j\jarvis.db
2026-09-09 23:41:46 [INFO] tools: メモを追加しました（memo_773）: 予定 🗓️ 15:00
2026-09-09 23:41:46 [INFO] db: SQLiteデータベースを初期化しました: C:\Users\kouki\Downloads\j\jarvis.db
2026-09-09 23:41:46 [INFO] tools: メモを追加しました（memo_774）: 日本語と English mixed
2026-09-09 23:41:46 [INFO] db: SQLiteデータベースを初期化しました: C:\Users\kouki\Downloads\j\jarvis.db
2026-09-09 23:41:46 [INFO] tools: メモを追加しました（memo_775）: quotes ' \" backslash \\ percent % underscore _
2026-09-09 23:41:46 [INFO] db: SQLiteデータベースを初期化しました: C:\Users\kouki\Downloads\j\jarvis.db
2026-09-09 23:41:46 [INFO] tools: メモを追加しました（memo_776）: 改行
を含むメモ
2026-09-09 23:41:46 [INFO] db: SQLiteデータベースを初期化しました: C:\Users\kouki\Downloads\j\jarvis.db
2026-09-09 23:41:46 [WARNING] tools: ⚠️ 時刻関連クエリがメモとして渡された可能性があります。正常な呼び出しか確認してください: '何時'
2026-09-09 23:41:46 [INFO] db: SQLiteデータベースを初期化しました: C:\Users\kouki\Downloads\j\jarvis.db
2026-09-09 23:41:46 [WARNING] tools: ⚠️ 時刻関連クエリがメモとして渡された可能性があります。正常な呼び出しか確認してください: '今何時'
2026-09-09 23:41:46 [INFO] db: SQLiteデータベースを初期化しました: C:\Users\kouki\Downloads\j\jarvis.db
2026-09-09 23:41:46 [WARNING] tools: ⚠️ 時刻関連クエリがメモとして渡された可能性があります。正常な呼び出しか確認してください: '時刻'
2026-09-09 23:41:46 [INFO] db: SQLiteデータベースを初期化しました: C:\Users\kouki\Downloads\j\jarvis.db
2026-09-09 23:41:46 [WARNING] tools: ⚠️ 時刻関連クエリがメモとして渡された可能性があります。正常な呼び出しか確認してください: '昨日'
2026-09-09 23:41:46 [INFO] db: SQLiteデータベースを初期化しました: C:\Users\kouki\Downloads\j\jarvis.db
2026-09-09 23:41:46 [WARNING] tools: ⚠️ 時刻関連クエリがメモとして渡された可能性があります。正常な呼び出しか確認してください: '明日'
2026-09-09 23:41:46 [INFO] db: SQLiteデータベースを初期化しました: C:\Users\kouki\Downloads\j\jarvis.db
2026-09-09 23:41:46 [INFO] tools: メモを追加しました（memo_777）: 2026年8月28日15時に歯医者
2026-09-09 23:41:46 [INFO] db: SQLiteデータベースを初期化しました: C:\Users\kouki\Downloads\j\jarvis.db
2026-09-09 23:41:46 [INFO] tools: メモを追加しました（memo_778）: 明日の会議を15時に予約
2026-09-09 23:41:46 [INFO] db: SQLiteデータベースを初期化しました: C:\Users\kouki\Downloads\j\jarvis.db
2026-09-09 23:41:46 [INFO] tools: メモを追加しました（memo_779）: 時間がないので買い物をする
2026-09-09 23:41:46 [INFO] db: SQLiteデータベースを初期化しました: C:\Users\kouki\Downloads\j\jarvis.db
2026-09-09 23:41:46 [INFO] tools: メモを追加しました（memo_780）: 今日の予定は時間がある
2026-09-09 23:41:46 [INFO] db: SQLiteデータベースを初期化しました: C:\Users\kouki\Downloads\j\jarvis.db
2026-09-09 23:41:46 [INFO] tools: メモを追加しました（memo_781）: 2026-08-28T15:00:00+09:00
2026-09-09 23:41:46 [INFO] db: SQLiteデータベースを初期化しました: C:\Users\kouki\Downloads\j\jarvis.db
2026-09-09 23:41:46 [WARNING] tools: 検索キーワードに疑わしい文字が含まれています: "'; DROP TABLE memos; --"
2026-09-09 23:41:46 [INFO] db: SQLiteデータベースを初期化しました: C:\Users\kouki\Downloads\j\jarvis.db
2026-09-09 23:41:46 [INFO] db: SQLiteデータベースを初期化しました: C:\Users\kouki\Downloads\j\jarvis.db
2026-09-09 23:41:46 [INFO] db: SQLiteデータベースを初期化しました: C:\Users\kouki\Downloads\j\jarvis.db
2026-09-09 23:41:46 [INFO] db: SQLiteデータベースを初期化しました: C:\Users\kouki\Downloads\j\jarvis.db
2026-09-09 23:41:46 [WARNING] tools: 検索キーワードに疑わしい文字が含まれています: '\\x00'
2026-09-09 23:41:46 [INFO] db: SQLiteデータベースを初期化しました: C:\Users\kouki\Downloads\j\jarvis.db
2026-09-09 23:41:46 [INFO] tools: メモを追加しました（memo_782）: Project Aurora planning
2026-09-09 23:41:46 [INFO] tools: メモを検索しました（キーワード: Aurora、結果: 1件）
2026-09-09 23:41:46 [WARNING] tools: 検索キーワードに疑わしい文字が含まれています: 'missing-keyword'
2026-09-09 23:41:46 [INFO] db: SQLiteデータベースを初期化しました: C:\Users\kouki\Downloads\j\jarvis.db
2026-09-09 23:41:46 [INFO] tools: メモを追加しました（memo_783）: bulk memo 0 xxxxxxxxxxxxxxxxxxxxxxxxxxxxxxxxxxxxxxxxxxxxxxxxxxxxxxxxxxxxxxxxxxxxxxxxxxxxxxxxxxxxxxxxxxxxxxxxxxxxxxxxxxxxxxxxxxxxxxxxxxxxxxxxxxxxxxxxxxxxxxxxxxxxxxxxxxxxxxxxxxxxxxxxxxxxxxxxxxxxxxxxxxxxxxxxxxxxxxxxxxxxxxxxxxxxxxxxxxxxxxxxxxxxxxxxxxxxxxxxxxxxxxxxxxxxxxxxxxxxxxxxxxxxxxxxxxxxxxxxxxxxxxxxxxxxxxxxxxxxxxxxxxxxxxxxxxxxxxxxxxxxxxxxxxxxxxxxxxxxxxxxxxxxxxxxxxxxxxxxxxxxxxxxxxxxxxxxxxxxxxxxxxxxxxxxxxxxxxxx
2026-09-09 23:41:46 [INFO] tools: メモを追加しました（memo_784）: bulk memo 1 xxxxxxxxxxxxxxxxxxxxxxxxxxxxxxxxxxxxxxxxxxxxxxxxxxxxxxxxxxxxxxxxxxxxxxxxxxxxxxxxxxxxxxxxxxxxxxxxxxxxxxxxxxxxxxxxxxxxxxxxxxxxxxxxxxxxxxxxxxxxxxxxxxxxxxxxxxxxxxxxxxxxxxxxxxxxxxxxxxxxxxxxxxxxxxxxxxxxxxxxxxxxxxxxxxxxxxxxxxxxxxxxxxxxxxxxxxxxxxxxxxxxxxxxxxxxxxxxxxxxxxxxxxxxxxxxxxxxxxxxxxxxxxxxxxxxxxxxxxxxxxxxxxxxxxxxxxxxxxxxxxxxxxxxxxxxxxxxxxxxxxxxxxxxxxxxxxxxxxxxxxxxxxxxxxxxxxxxxxxxxxxxxxxxxxxxxxxxxxxx
2026-09-09 23:41:46 [INFO] tools: メモを追加しました（memo_785）: bulk memo 2 xxxxxxxxxxxxxxxxxxxxxxxxxxxxxxxxxxxxxxxxxxxxxxxxxxxxxxxxxxxxxxxxxxxxxxxxxxxxxxxxxxxxxxxxxxxxxxxxxxxxxxxxxxxxxxxxxxxxxxxxxxxxxxxxxxxxxxxxxxxxxxxxxxxxxxxxxxxxxxxxxxxxxxxxxxxxxxxxxxxxxxxxxxxxxxxxxxxxxxxxxxxxxxxxxxxxxxxxxxxxxxxxxxxxxxxxxxxxxxxxxxxxxxxxxxxxxxxxxxxxxxxxxxxxxxxxxxxxxxxxxxxxxxxxxxxxxxxxxxxxxxxxxxxxxxxxxxxxxxxxxxxxxxxxxxxxxxxxxxxxxxxxxxxxxxxxxxxxxxxxxxxxxxxxxxxxxxxxxxxxxxxxxxxxxxxxxxxxxxxx
2026-09-09 23:41:46 [INFO] tools: メモを追加しました（memo_786）: bulk memo 3 xxxxxxxxxxxxxxxxxxxxxxxxxxxxxxxxxxxxxxxxxxxxxxxxxxxxxxxxxxxxxxxxxxxxxxxxxxxxxxxxxxxxxxxxxxxxxxxxxxxxxxxxxxxxxxxxxxxxxxxxxxxxxxxxxxxxxxxxxxxxxxxxxxxxxxxxxxxxxxxxxxxxxxxxxxxxxxxxxxxxxxxxxxxxxxxxxxxxxxxxxxxxxxxxxxxxxxxxxxxxxxxxxxxxxxxxxxxxxxxxxxxxxxxxxxxxxxxxxxxxxxxxxxxxxxxxxxxxxxxxxxxxxxxxxxxxxxxxxxxxxxxxxxxxxxxxxxxxxxxxxxxxxxxxxxxxxxxxxxxxxxxxxxxxxxxxxxxxxxxxxxxxxxxxxxxxxxxxxxxxxxxxxxxxxxxxxxxxxxxx
2026-09-09 23:41:46 [INFO] tools: メモを追加しました（memo_787）: bulk memo 4 xxxxxxxxxxxxxxxxxxxxxxxxxxxxxxxxxxxxxxxxxxxxxxxxxxxxxxxxxxxxxxxxxxxxxxxxxxxxxxxxxxxxxxxxxxxxxxxxxxxxxxxxxxxxxxxxxxxxxxxxxxxxxxxxxxxxxxxxxxxxxxxxxxxxxxxxxxxxxxxxxxxxxxxxxxxxxxxxxxxxxxxxxxxxxxxxxxxxxxxxxxxxxxxxxxxxxxxxxxxxxxxxxxxxxxxxxxxxxxxxxxxxxxxxxxxxxxxxxxxxxxxxxxxxxxxxxxxxxxxxxxxxxxxxxxxxxxxxxxxxxxxxxxxxxxxxxxxxxxxxxxxxxxxxxxxxxxxxxxxxxxxxxxxxxxxxxxxxxxxxxxxxxxxxxxxxxxxxxxxxxxxxxxxxxxxxxxxxxxxx
2026-09-09 23:41:47 [INFO] tools: メモを追加しました（memo_788）: bulk memo 5 xxxxxxxxxxxxxxxxxxxxxxxxxxxxxxxxxxxxxxxxxxxxxxxxxxxxxxxxxxxxxxxxxxxxxxxxxxxxxxxxxxxxxxxxxxxxxxxxxxxxxxxxxxxxxxxxxxxxxxxxxxxxxxxxxxxxxxxxxxxxxxxxxxxxxxxxxxxxxxxxxxxxxxxxxxxxxxxxxxxxxxxxxxxxxxxxxxxxxxxxxxxxxxxxxxxxxxxxxxxxxxxxxxxxxxxxxxxxxxxxxxxxxxxxxxxxxxxxxxxxxxxxxxxxxxxxxxxxxxxxxxxxxxxxxxxxxxxxxxxxxxxxxxxxxxxxxxxxxxxxxxxxxxxxxxxxxxxxxxxxxxxxxxxxxxxxxxxxxxxxxxxxxxxxxxxxxxxxxxxxxxxxxxxxxxxxxxxxxxxx
2026-09-09 23:41:47 [INFO] tools: メモを追加しました（memo_789）: bulk memo 6 xxxxxxxxxxxxxxxxxxxxxxxxxxxxxxxxxxxxxxxxxxxxxxxxxxxxxxxxxxxxxxxxxxxxxxxxxxxxxxxxxxxxxxxxxxxxxxxxxxxxxxxxxxxxxxxxxxxxxxxxxxxxxxxxxxxxxxxxxxxxxxxxxxxxxxxxxxxxxxxxxxxxxxxxxxxxxxxxxxxxxxxxxxxxxxxxxxxxxxxxxxxxxxxxxxxxxxxxxxxxxxxxxxxxxxxxxxxxxxxxxxxxxxxxxxxxxxxxxxxxxxxxxxxxxxxxxxxxxxxxxxxxxxxxxxxxxxxxxxxxxxxxxxxxxxxxxxxxxxxxxxxxxxxxxxxxxxxxxxxxxxxxxxxxxxxxxxxxxxxxxxxxxxxxxxxxxxxxxxxxxxxxxxxxxxxxxxxxxxxx
2026-09-09 23:41:47 [INFO] tools: メモを追加しました（memo_790）: bulk memo 7 xxxxxxxxxxxxxxxxxxxxxxxxxxxxxxxxxxxxxxxxxxxxxxxxxxxxxxxxxxxxxxxxxxxxxxxxxxxxxxxxxxxxxxxxxxxxxxxxxxxxxxxxxxxxxxxxxxxxxxxxxxxxxxxxxxxxxxxxxxxxxxxxxxxxxxxxxxxxxxxxxxxxxxxxxxxxxxxxxxxxxxxxxxxxxxxxxxxxxxxxxxxxxxxxxxxxxxxxxxxxxxxxxxxxxxxxxxxxxxxxxxxxxxxxxxxxxxxxxxxxxxxxxxxxxxxxxxxxxxxxxxxxxxxxxxxxxxxxxxxxxxxxxxxxxxxxxxxxxxxxxxxxxxxxxxxxxxxxxxxxxxxxxxxxxxxxxxxxxxxxxxxxxxxxxxxxxxxxxxxxxxxxxxxxxxxxxxxxxxxx
2026-09-09 23:41:47 [INFO] tools: メモを追加しました（memo_791）: bulk memo 8 xxxxxxxxxxxxxxxxxxxxxxxxxxxxxxxxxxxxxxxxxxxxxxxxxxxxxxxxxxxxxxxxxxxxxxxxxxxxxxxxxxxxxxxxxxxxxxxxxxxxxxxxxxxxxxxxxxxxxxxxxxxxxxxxxxxxxxxxxxxxxxxxxxxxxxxxxxxxxxxxxxxxxxxxxxxxxxxxxxxxxxxxxxxxxxxxxxxxxxxxxxxxxxxxxxxxxxxxxxxxxxxxxxxxxxxxxxxxxxxxxxxxxxxxxxxxxxxxxxxxxxxxxxxxxxxxxxxxxxxxxxxxxxxxxxxxxxxxxxxxxxxxxxxxxxxxxxxxxxxxxxxxxxxxxxxxxxxxxxxxxxxxxxxxxxxxxxxxxxxxxxxxxxxxxxxxxxxxxxxxxxxxxxxxxxxxxxxxxxxx
2026-09-09 23:41:47 [INFO] tools: メモを追加しました（memo_792）: bulk memo 9 xxxxxxxxxxxxxxxxxxxxxxxxxxxxxxxxxxxxxxxxxxxxxxxxxxxxxxxxxxxxxxxxxxxxxxxxxxxxxxxxxxxxxxxxxxxxxxxxxxxxxxxxxxxxxxxxxxxxxxxxxxxxxxxxxxxxxxxxxxxxxxxxxxxxxxxxxxxxxxxxxxxxxxxxxxxxxxxxxxxxxxxxxxxxxxxxxxxxxxxxxxxxxxxxxxxxxxxxxxxxxxxxxxxxxxxxxxxxxxxxxxxxxxxxxxxxxxxxxxxxxxxxxxxxxxxxxxxxxxxxxxxxxxxxxxxxxxxxxxxxxxxxxxxxxxxxxxxxxxxxxxxxxxxxxxxxxxxxxxxxxxxxxxxxxxxxxxxxxxxxxxxxxxxxxxxxxxxxxxxxxxxxxxxxxxxxxxxxxxxx
2026-09-09 23:41:47 [INFO] tools: メモを追加しました（memo_793）: bulk memo 10 xxxxxxxxxxxxxxxxxxxxxxxxxxxxxxxxxxxxxxxxxxxxxxxxxxxxxxxxxxxxxxxxxxxxxxxxxxxxxxxxxxxxxxxxxxxxxxxxxxxxxxxxxxxxxxxxxxxxxxxxxxxxxxxxxxxxxxxxxxxxxxxxxxxxxxxxxxxxxxxxxxxxxxxxxxxxxxxxxxxxxxxxxxxxxxxxxxxxxxxxxxxxxxxxxxxxxxxxxxxxxxxxxxxxxxxxxxxxxxxxxxxxxxxxxxxxxxxxxxxxxxxxxxxxxxxxxxxxxxxxxxxxxxxxxxxxxxxxxxxxxxxxxxxxxxxxxxxxxxxxxxxxxxxxxxxxxxxxxxxxxxxxxxxxxxxxxxxxxxxxxxxxxxxxxxxxxxxxxxxxxxxxxxxxxxxxxxxxxxxx
2026-09-09 23:41:47 [INFO] tools: メモを追加しました（memo_794）: bulk memo 11 xxxxxxxxxxxxxxxxxxxxxxxxxxxxxxxxxxxxxxxxxxxxxxxxxxxxxxxxxxxxxxxxxxxxxxxxxxxxxxxxxxxxxxxxxxxxxxxxxxxxxxxxxxxxxxxxxxxxxxxxxxxxxxxxxxxxxxxxxxxxxxxxxxxxxxxxxxxxxxxxxxxxxxxxxxxxxxxxxxxxxxxxxxxxxxxxxxxxxxxxxxxxxxxxxxxxxxxxxxxxxxxxxxxxxxxxxxxxxxxxxxxxxxxxxxxxxxxxxxxxxxxxxxxxxxxxxxxxxxxxxxxxxxxxxxxxxxxxxxxxxxxxxxxxxxxxxxxxxxxxxxxxxxxxxxxxxxxxxxxxxxxxxxxxxxxxxxxxxxxxxxxxxxxxxxxxxxxxxxxxxxxxxxxxxxxxxxxxxxxx
2026-09-09 23:41:47 [INFO] tools: メモを追加しました（memo_795）: bulk memo 12 xxxxxxxxxxxxxxxxxxxxxxxxxxxxxxxxxxxxxxxxxxxxxxxxxxxxxxxxxxxxxxxxxxxxxxxxxxxxxxxxxxxxxxxxxxxxxxxxxxxxxxxxxxxxxxxxxxxxxxxxxxxxxxxxxxxxxxxxxxxxxxxxxxxxxxxxxxxxxxxxxxxxxxxxxxxxxxxxxxxxxxxxxxxxxxxxxxxxxxxxxxxxxxxxxxxxxxxxxxxxxxxxxxxxxxxxxxxxxxxxxxxxxxxxxxxxxxxxxxxxxxxxxxxxxxxxxxxxxxxxxxxxxxxxxxxxxxxxxxxxxxxxxxxxxxxxxxxxxxxxxxxxxxxxxxxxxxxxxxxxxxxxxxxxxxxxxxxxxxxxxxxxxxxxxxxxxxxxxxxxxxxxxxxxxxxxxxxxxxxx
2026-09-09 23:41:47 [INFO] tools: メモを追加しました（memo_796）: bulk memo 13 xxxxxxxxxxxxxxxxxxxxxxxxxxxxxxxxxxxxxxxxxxxxxxxxxxxxxxxxxxxxxxxxxxxxxxxxxxxxxxxxxxxxxxxxxxxxxxxxxxxxxxxxxxxxxxxxxxxxxxxxxxxxxxxxxxxxxxxxxxxxxxxxxxxxxxxxxxxxxxxxxxxxxxxxxxxxxxxxxxxxxxxxxxxxxxxxxxxxxxxxxxxxxxxxxxxxxxxxxxxxxxxxxxxxxxxxxxxxxxxxxxxxxxxxxxxxxxxxxxxxxxxxxxxxxxxxxxxxxxxxxxxxxxxxxxxxxxxxxxxxxxxxxxxxxxxxxxxxxxxxxxxxxxxxxxxxxxxxxxxxxxxxxxxxxxxxxxxxxxxxxxxxxxxxxxxxxxxxxxxxxxxxxxxxxxxxxxxxxxxx
2026-09-09 23:41:47 [INFO] tools: メモを追加しました（memo_797）: bulk memo 14 xxxxxxxxxxxxxxxxxxxxxxxxxxxxxxxxxxxxxxxxxxxxxxxxxxxxxxxxxxxxxxxxxxxxxxxxxxxxxxxxxxxxxxxxxxxxxxxxxxxxxxxxxxxxxxxxxxxxxxxxxxxxxxxxxxxxxxxxxxxxxxxxxxxxxxxxxxxxxxxxxxxxxxxxxxxxxxxxxxxxxxxxxxxxxxxxxxxxxxxxxxxxxxxxxxxxxxxxxxxxxxxxxxxxxxxxxxxxxxxxxxxxxxxxxxxxxxxxxxxxxxxxxxxxxxxxxxxxxxxxxxxxxxxxxxxxxxxxxxxxxxxxxxxxxxxxxxxxxxxxxxxxxxxxxxxxxxxxxxxxxxxxxxxxxxxxxxxxxxxxxxxxxxxxxxxxxxxxxxxxxxxxxxxxxxxxxxxxxxxx
2026-09-09 23:41:47 [INFO] tools: メモを追加しました（memo_798）: bulk memo 15 xxxxxxxxxxxxxxxxxxxxxxxxxxxxxxxxxxxxxxxxxxxxxxxxxxxxxxxxxxxxxxxxxxxxxxxxxxxxxxxxxxxxxxxxxxxxxxxxxxxxxxxxxxxxxxxxxxxxxxxxxxxxxxxxxxxxxxxxxxxxxxxxxxxxxxxxxxxxxxxxxxxxxxxxxxxxxxxxxxxxxxxxxxxxxxxxxxxxxxxxxxxxxxxxxxxxxxxxxxxxxxxxxxxxxxxxxxxxxxxxxxxxxxxxxxxxxxxxxxxxxxxxxxxxxxxxxxxxxxxxxxxxxxxxxxxxxxxxxxxxxxxxxxxxxxxxxxxxxxxxxxxxxxxxxxxxxxxxxxxxxxxxxxxxxxxxxxxxxxxxxxxxxxxxxxxxxxxxxxxxxxxxxxxxxxxxxxxxxxxx
2026-09-09 23:41:47 [INFO] tools: メモを追加しました（memo_799）: bulk memo 16 xxxxxxxxxxxxxxxxxxxxxxxxxxxxxxxxxxxxxxxxxxxxxxxxxxxxxxxxxxxxxxxxxxxxxxxxxxxxxxxxxxxxxxxxxxxxxxxxxxxxxxxxxxxxxxxxxxxxxxxxxxxxxxxxxxxxxxxxxxxxxxxxxxxxxxxxxxxxxxxxxxxxxxxxxxxxxxxxxxxxxxxxxxxxxxxxxxxxxxxxxxxxxxxxxxxxxxxxxxxxxxxxxxxxxxxxxxxxxxxxxxxxxxxxxxxxxxxxxxxxxxxxxxxxxxxxxxxxxxxxxxxxxxxxxxxxxxxxxxxxxxxxxxxxxxxxxxxxxxxxxxxxxxxxxxxxxxxxxxxxxxxxxxxxxxxxxxxxxxxxxxxxxxxxxxxxxxxxxxxxxxxxxxxxxxxxxxxxxxxx
2026-09-09 23:41:47 [INFO] tools: メモを追加しました（memo_800）: bulk memo 17 xxxxxxxxxxxxxxxxxxxxxxxxxxxxxxxxxxxxxxxxxxxxxxxxxxxxxxxxxxxxxxxxxxxxxxxxxxxxxxxxxxxxxxxxxxxxxxxxxxxxxxxxxxxxxxxxxxxxxxxxxxxxxxxxxxxxxxxxxxxxxxxxxxxxxxxxxxxxxxxxxxxxxxxxxxxxxxxxxxxxxxxxxxxxxxxxxxxxxxxxxxxxxxxxxxxxxxxxxxxxxxxxxxxxxxxxxxxxxxxxxxxxxxxxxxxxxxxxxxxxxxxxxxxxxxxxxxxxxxxxxxxxxxxxxxxxxxxxxxxxxxxxxxxxxxxxxxxxxxxxxxxxxxxxxxxxxxxxxxxxxxxxxxxxxxxxxxxxxxxxxxxxxxxxxxxxxxxxxxxxxxxxxxxxxxxxxxxxxxxx
2026-09-09 23:41:47 [INFO] tools: メモを追加しました（memo_801）: bulk memo 18 xxxxxxxxxxxxxxxxxxxxxxxxxxxxxxxxxxxxxxxxxxxxxxxxxxxxxxxxxxxxxxxxxxxxxxxxxxxxxxxxxxxxxxxxxxxxxxxxxxxxxxxxxxxxxxxxxxxxxxxxxxxxxxxxxxxxxxxxxxxxxxxxxxxxxxxxxxxxxxxxxxxxxxxxxxxxxxxxxxxxxxxxxxxxxxxxxxxxxxxxxxxxxxxxxxxxxxxxxxxxxxxxxxxxxxxxxxxxxxxxxxxxxxxxxxxxxxxxxxxxxxxxxxxxxxxxxxxxxxxxxxxxxxxxxxxxxxxxxxxxxxxxxxxxxxxxxxxxxxxxxxxxxxxxxxxxxxxxxxxxxxxxxxxxxxxxxxxxxxxxxxxxxxxxxxxxxxxxxxxxxxxxxxxxxxxxxxxxxxxx
2026-09-09 23:41:47 [INFO] tools: メモを追加しました（memo_802）: bulk memo 19 xxxxxxxxxxxxxxxxxxxxxxxxxxxxxxxxxxxxxxxxxxxxxxxxxxxxxxxxxxxxxxxxxxxxxxxxxxxxxxxxxxxxxxxxxxxxxxxxxxxxxxxxxxxxxxxxxxxxxxxxxxxxxxxxxxxxxxxxxxxxxxxxxxxxxxxxxxxxxxxxxxxxxxxxxxxxxxxxxxxxxxxxxxxxxxxxxxxxxxxxxxxxxxxxxxxxxxxxxxxxxxxxxxxxxxxxxxxxxxxxxxxxxxxxxxxxxxxxxxxxxxxxxxxxxxxxxxxxxxxxxxxxxxxxxxxxxxxxxxxxxxxxxxxxxxxxxxxxxxxxxxxxxxxxxxxxxxxxxxxxxxxxxxxxxxxxxxxxxxxxxxxxxxxxxxxxxxxxxxxxxxxxxxxxxxxxxxxxxxxx
2026-09-09 23:41:47 [INFO] tools: メモを追加しました（memo_803）: bulk memo 20 xxxxxxxxxxxxxxxxxxxxxxxxxxxxxxxxxxxxxxxxxxxxxxxxxxxxxxxxxxxxxxxxxxxxxxxxxxxxxxxxxxxxxxxxxxxxxxxxxxxxxxxxxxxxxxxxxxxxxxxxxxxxxxxxxxxxxxxxxxxxxxxxxxxxxxxxxxxxxxxxxxxxxxxxxxxxxxxxxxxxxxxxxxxxxxxxxxxxxxxxxxxxxxxxxxxxxxxxxxxxxxxxxxxxxxxxxxxxxxxxxxxxxxxxxxxxxxxxxxxxxxxxxxxxxxxxxxxxxxxxxxxxxxxxxxxxxxxxxxxxxxxxxxxxxxxxxxxxxxxxxxxxxxxxxxxxxxxxxxxxxxxxxxxxxxxxxxxxxxxxxxxxxxxxxxxxxxxxxxxxxxxxxxxxxxxxxxxxxxxx
2026-09-09 23:41:47 [INFO] tools: メモを追加しました（memo_804）: bulk memo 21 xxxxxxxxxxxxxxxxxxxxxxxxxxxxxxxxxxxxxxxxxxxxxxxxxxxxxxxxxxxxxxxxxxxxxxxxxxxxxxxxxxxxxxxxxxxxxxxxxxxxxxxxxxxxxxxxxxxxxxxxxxxxxxxxxxxxxxxxxxxxxxxxxxxxxxxxxxxxxxxxxxxxxxxxxxxxxxxxxxxxxxxxxxxxxxxxxxxxxxxxxxxxxxxxxxxxxxxxxxxxxxxxxxxxxxxxxxxxxxxxxxxxxxxxxxxxxxxxxxxxxxxxxxxxxxxxxxxxxxxxxxxxxxxxxxxxxxxxxxxxxxxxxxxxxxxxxxxxxxxxxxxxxxxxxxxxxxxxxxxxxxxxxxxxxxxxxxxxxxxxxxxxxxxxxxxxxxxxxxxxxxxxxxxxxxxxxxxxxxxx
2026-09-09 23:41:47 [INFO] tools: メモを追加しました（memo_805）: bulk memo 22 xxxxxxxxxxxxxxxxxxxxxxxxxxxxxxxxxxxxxxxxxxxxxxxxxxxxxxxxxxxxxxxxxxxxxxxxxxxxxxxxxxxxxxxxxxxxxxxxxxxxxxxxxxxxxxxxxxxxxxxxxxxxxxxxxxxxxxxxxxxxxxxxxxxxxxxxxxxxxxxxxxxxxxxxxxxxxxxxxxxxxxxxxxxxxxxxxxxxxxxxxxxxxxxxxxxxxxxxxxxxxxxxxxxxxxxxxxxxxxxxxxxxxxxxxxxxxxxxxxxxxxxxxxxxxxxxxxxxxxxxxxxxxxxxxxxxxxxxxxxxxxxxxxxxxxxxxxxxxxxxxxxxxxxxxxxxxxxxxxxxxxxxxxxxxxxxxxxxxxxxxxxxxxxxxxxxxxxxxxxxxxxxxxxxxxxxxxxxxxxx
2026-09-09 23:41:47 [INFO] tools: メモを追加しました（memo_806）: bulk memo 23 xxxxxxxxxxxxxxxxxxxxxxxxxxxxxxxxxxxxxxxxxxxxxxxxxxxxxxxxxxxxxxxxxxxxxxxxxxxxxxxxxxxxxxxxxxxxxxxxxxxxxxxxxxxxxxxxxxxxxxxxxxxxxxxxxxxxxxxxxxxxxxxxxxxxxxxxxxxxxxxxxxxxxxxxxxxxxxxxxxxxxxxxxxxxxxxxxxxxxxxxxxxxxxxxxxxxxxxxxxxxxxxxxxxxxxxxxxxxxxxxxxxxxxxxxxxxxxxxxxxxxxxxxxxxxxxxxxxxxxxxxxxxxxxxxxxxxxxxxxxxxxxxxxxxxxxxxxxxxxxxxxxxxxxxxxxxxxxxxxxxxxxxxxxxxxxxxxxxxxxxxxxxxxxxxxxxxxxxxxxxxxxxxxxxxxxxxxxxxxxx
2026-09-09 23:41:47 [INFO] tools: メモを追加しました（memo_807）: bulk memo 24 xxxxxxxxxxxxxxxxxxxxxxxxxxxxxxxxxxxxxxxxxxxxxxxxxxxxxxxxxxxxxxxxxxxxxxxxxxxxxxxxxxxxxxxxxxxxxxxxxxxxxxxxxxxxxxxxxxxxxxxxxxxxxxxxxxxxxxxxxxxxxxxxxxxxxxxxxxxxxxxxxxxxxxxxxxxxxxxxxxxxxxxxxxxxxxxxxxxxxxxxxxxxxxxxxxxxxxxxxxxxxxxxxxxxxxxxxxxxxxxxxxxxxxxxxxxxxxxxxxxxxxxxxxxxxxxxxxxxxxxxxxxxxxxxxxxxxxxxxxxxxxxxxxxxxxxxxxxxxxxxxxxxxxxxxxxxxxxxxxxxxxxxxxxxxxxxxxxxxxxxxxxxxxxxxxxxxxxxxxxxxxxxxxxxxxxxxxxxxxxx
2026-09-09 23:41:47 [INFO] tools: メモを追加しました（memo_808）: bulk memo 25 xxxxxxxxxxxxxxxxxxxxxxxxxxxxxxxxxxxxxxxxxxxxxxxxxxxxxxxxxxxxxxxxxxxxxxxxxxxxxxxxxxxxxxxxxxxxxxxxxxxxxxxxxxxxxxxxxxxxxxxxxxxxxxxxxxxxxxxxxxxxxxxxxxxxxxxxxxxxxxxxxxxxxxxxxxxxxxxxxxxxxxxxxxxxxxxxxxxxxxxxxxxxxxxxxxxxxxxxxxxxxxxxxxxxxxxxxxxxxxxxxxxxxxxxxxxxxxxxxxxxxxxxxxxxxxxxxxxxxxxxxxxxxxxxxxxxxxxxxxxxxxxxxxxxxxxxxxxxxxxxxxxxxxxxxxxxxxxxxxxxxxxxxxxxxxxxxxxxxxxxxxxxxxxxxxxxxxxxxxxxxxxxxxxxxxxxxxxxxxxx
2026-09-09 23:41:47 [INFO] tools: メモを追加しました（memo_809）: bulk memo 26 xxxxxxxxxxxxxxxxxxxxxxxxxxxxxxxxxxxxxxxxxxxxxxxxxxxxxxxxxxxxxxxxxxxxxxxxxxxxxxxxxxxxxxxxxxxxxxxxxxxxxxxxxxxxxxxxxxxxxxxxxxxxxxxxxxxxxxxxxxxxxxxxxxxxxxxxxxxxxxxxxxxxxxxxxxxxxxxxxxxxxxxxxxxxxxxxxxxxxxxxxxxxxxxxxxxxxxxxxxxxxxxxxxxxxxxxxxxxxxxxxxxxxxxxxxxxxxxxxxxxxxxxxxxxxxxxxxxxxxxxxxxxxxxxxxxxxxxxxxxxxxxxxxxxxxxxxxxxxxxxxxxxxxxxxxxxxxxxxxxxxxxxxxxxxxxxxxxxxxxxxxxxxxxxxxxxxxxxxxxxxxxxxxxxxxxxxxxxxxxx
2026-09-09 23:41:47 [INFO] tools: メモを追加しました（memo_810）: bulk memo 27 xxxxxxxxxxxxxxxxxxxxxxxxxxxxxxxxxxxxxxxxxxxxxxxxxxxxxxxxxxxxxxxxxxxxxxxxxxxxxxxxxxxxxxxxxxxxxxxxxxxxxxxxxxxxxxxxxxxxxxxxxxxxxxxxxxxxxxxxxxxxxxxxxxxxxxxxxxxxxxxxxxxxxxxxxxxxxxxxxxxxxxxxxxxxxxxxxxxxxxxxxxxxxxxxxxxxxxxxxxxxxxxxxxxxxxxxxxxxxxxxxxxxxxxxxxxxxxxxxxxxxxxxxxxxxxxxxxxxxxxxxxxxxxxxxxxxxxxxxxxxxxxxxxxxxxxxxxxxxxxxxxxxxxxxxxxxxxxxxxxxxxxxxxxxxxxxxxxxxxxxxxxxxxxxxxxxxxxxxxxxxxxxxxxxxxxxxxxxxxxx
2026-09-09 23:41:47 [INFO] tools: メモを追加しました（memo_811）: bulk memo 28 xxxxxxxxxxxxxxxxxxxxxxxxxxxxxxxxxxxxxxxxxxxxxxxxxxxxxxxxxxxxxxxxxxxxxxxxxxxxxxxxxxxxxxxxxxxxxxxxxxxxxxxxxxxxxxxxxxxxxxxxxxxxxxxxxxxxxxxxxxxxxxxxxxxxxxxxxxxxxxxxxxxxxxxxxxxxxxxxxxxxxxxxxxxxxxxxxxxxxxxxxxxxxxxxxxxxxxxxxxxxxxxxxxxxxxxxxxxxxxxxxxxxxxxxxxxxxxxxxxxxxxxxxxxxxxxxxxxxxxxxxxxxxxxxxxxxxxxxxxxxxxxxxxxxxxxxxxxxxxxxxxxxxxxxxxxxxxxxxxxxxxxxxxxxxxxxxxxxxxxxxxxxxxxxxxxxxxxxxxxxxxxxxxxxxxxxxxxxxxxx
2026-09-09 23:41:47 [INFO] tools: メモを追加しました（memo_812）: bulk memo 29 xxxxxxxxxxxxxxxxxxxxxxxxxxxxxxxxxxxxxxxxxxxxxxxxxxxxxxxxxxxxxxxxxxxxxxxxxxxxxxxxxxxxxxxxxxxxxxxxxxxxxxxxxxxxxxxxxxxxxxxxxxxxxxxxxxxxxxxxxxxxxxxxxxxxxxxxxxxxxxxxxxxxxxxxxxxxxxxxxxxxxxxxxxxxxxxxxxxxxxxxxxxxxxxxxxxxxxxxxxxxxxxxxxxxxxxxxxxxxxxxxxxxxxxxxxxxxxxxxxxxxxxxxxxxxxxxxxxxxxxxxxxxxxxxxxxxxxxxxxxxxxxxxxxxxxxxxxxxxxxxxxxxxxxxxxxxxxxxxxxxxxxxxxxxxxxxxxxxxxxxxxxxxxxxxxxxxxxxxxxxxxxxxxxxxxxxxxxxxxxx
2026-09-09 23:41:47 [INFO] tools: メモを追加しました（memo_813）: bulk memo 30 xxxxxxxxxxxxxxxxxxxxxxxxxxxxxxxxxxxxxxxxxxxxxxxxxxxxxxxxxxxxxxxxxxxxxxxxxxxxxxxxxxxxxxxxxxxxxxxxxxxxxxxxxxxxxxxxxxxxxxxxxxxxxxxxxxxxxxxxxxxxxxxxxxxxxxxxxxxxxxxxxxxxxxxxxxxxxxxxxxxxxxxxxxxxxxxxxxxxxxxxxxxxxxxxxxxxxxxxxxxxxxxxxxxxxxxxxxxxxxxxxxxxxxxxxxxxxxxxxxxxxxxxxxxxxxxxxxxxxxxxxxxxxxxxxxxxxxxxxxxxxxxxxxxxxxxxxxxxxxxxxxxxxxxxxxxxxxxxxxxxxxxxxxxxxxxxxxxxxxxxxxxxxxxxxxxxxxxxxxxxxxxxxxxxxxxxxxxxxxxx
2026-09-09 23:41:47 [INFO] tools: メモを追加しました（memo_814）: bulk memo 31 xxxxxxxxxxxxxxxxxxxxxxxxxxxxxxxxxxxxxxxxxxxxxxxxxxxxxxxxxxxxxxxxxxxxxxxxxxxxxxxxxxxxxxxxxxxxxxxxxxxxxxxxxxxxxxxxxxxxxxxxxxxxxxxxxxxxxxxxxxxxxxxxxxxxxxxxxxxxxxxxxxxxxxxxxxxxxxxxxxxxxxxxxxxxxxxxxxxxxxxxxxxxxxxxxxxxxxxxxxxxxxxxxxxxxxxxxxxxxxxxxxxxxxxxxxxxxxxxxxxxxxxxxxxxxxxxxxxxxxxxxxxxxxxxxxxxxxxxxxxxxxxxxxxxxxxxxxxxxxxxxxxxxxxxxxxxxxxxxxxxxxxxxxxxxxxxxxxxxxxxxxxxxxxxxxxxxxxxxxxxxxxxxxxxxxxxxxxxxxxx
2026-09-09 23:41:47 [INFO] tools: メモを追加しました（memo_815）: bulk memo 32 xxxxxxxxxxxxxxxxxxxxxxxxxxxxxxxxxxxxxxxxxxxxxxxxxxxxxxxxxxxxxxxxxxxxxxxxxxxxxxxxxxxxxxxxxxxxxxxxxxxxxxxxxxxxxxxxxxxxxxxxxxxxxxxxxxxxxxxxxxxxxxxxxxxxxxxxxxxxxxxxxxxxxxxxxxxxxxxxxxxxxxxxxxxxxxxxxxxxxxxxxxxxxxxxxxxxxxxxxxxxxxxxxxxxxxxxxxxxxxxxxxxxxxxxxxxxxxxxxxxxxxxxxxxxxxxxxxxxxxxxxxxxxxxxxxxxxxxxxxxxxxxxxxxxxxxxxxxxxxxxxxxxxxxxxxxxxxxxxxxxxxxxxxxxxxxxxxxxxxxxxxxxxxxxxxxxxxxxxxxxxxxxxxxxxxxxxxxxxxxx
2026-09-09 23:41:47 [INFO] tools: メモを追加しました（memo_816）: bulk memo 33 xxxxxxxxxxxxxxxxxxxxxxxxxxxxxxxxxxxxxxxxxxxxxxxxxxxxxxxxxxxxxxxxxxxxxxxxxxxxxxxxxxxxxxxxxxxxxxxxxxxxxxxxxxxxxxxxxxxxxxxxxxxxxxxxxxxxxxxxxxxxxxxxxxxxxxxxxxxxxxxxxxxxxxxxxxxxxxxxxxxxxxxxxxxxxxxxxxxxxxxxxxxxxxxxxxxxxxxxxxxxxxxxxxxxxxxxxxxxxxxxxxxxxxxxxxxxxxxxxxxxxxxxxxxxxxxxxxxxxxxxxxxxxxxxxxxxxxxxxxxxxxxxxxxxxxxxxxxxxxxxxxxxxxxxxxxxxxxxxxxxxxxxxxxxxxxxxxxxxxxxxxxxxxxxxxxxxxxxxxxxxxxxxxxxxxxxxxxxxxxx
2026-09-09 23:41:47 [INFO] tools: メモを追加しました（memo_817）: bulk memo 34 xxxxxxxxxxxxxxxxxxxxxxxxxxxxxxxxxxxxxxxxxxxxxxxxxxxxxxxxxxxxxxxxxxxxxxxxxxxxxxxxxxxxxxxxxxxxxxxxxxxxxxxxxxxxxxxxxxxxxxxxxxxxxxxxxxxxxxxxxxxxxxxxxxxxxxxxxxxxxxxxxxxxxxxxxxxxxxxxxxxxxxxxxxxxxxxxxxxxxxxxxxxxxxxxxxxxxxxxxxxxxxxxxxxxxxxxxxxxxxxxxxxxxxxxxxxxxxxxxxxxxxxxxxxxxxxxxxxxxxxxxxxxxxxxxxxxxxxxxxxxxxxxxxxxxxxxxxxxxxxxxxxxxxxxxxxxxxxxxxxxxxxxxxxxxxxxxxxxxxxxxxxxxxxxxxxxxxxxxxxxxxxxxxxxxxxxxxxxxxxx
2026-09-09 23:41:47 [INFO] tools: メモを追加しました（memo_818）: bulk memo 35 xxxxxxxxxxxxxxxxxxxxxxxxxxxxxxxxxxxxxxxxxxxxxxxxxxxxxxxxxxxxxxxxxxxxxxxxxxxxxxxxxxxxxxxxxxxxxxxxxxxxxxxxxxxxxxxxxxxxxxxxxxxxxxxxxxxxxxxxxxxxxxxxxxxxxxxxxxxxxxxxxxxxxxxxxxxxxxxxxxxxxxxxxxxxxxxxxxxxxxxxxxxxxxxxxxxxxxxxxxxxxxxxxxxxxxxxxxxxxxxxxxxxxxxxxxxxxxxxxxxxxxxxxxxxxxxxxxxxxxxxxxxxxxxxxxxxxxxxxxxxxxxxxxxxxxxxxxxxxxxxxxxxxxxxxxxxxxxxxxxxxxxxxxxxxxxxxxxxxxxxxxxxxxxxxxxxxxxxxxxxxxxxxxxxxxxxxxxxxxxx
2026-09-09 23:41:47 [INFO] tools: メモを追加しました（memo_819）: bulk memo 36 xxxxxxxxxxxxxxxxxxxxxxxxxxxxxxxxxxxxxxxxxxxxxxxxxxxxxxxxxxxxxxxxxxxxxxxxxxxxxxxxxxxxxxxxxxxxxxxxxxxxxxxxxxxxxxxxxxxxxxxxxxxxxxxxxxxxxxxxxxxxxxxxxxxxxxxxxxxxxxxxxxxxxxxxxxxxxxxxxxxxxxxxxxxxxxxxxxxxxxxxxxxxxxxxxxxxxxxxxxxxxxxxxxxxxxxxxxxxxxxxxxxxxxxxxxxxxxxxxxxxxxxxxxxxxxxxxxxxxxxxxxxxxxxxxxxxxxxxxxxxxxxxxxxxxxxxxxxxxxxxxxxxxxxxxxxxxxxxxxxxxxxxxxxxxxxxxxxxxxxxxxxxxxxxxxxxxxxxxxxxxxxxxxxxxxxxxxxxxxxx
2026-09-09 23:41:47 [INFO] tools: メモを追加しました（memo_820）: bulk memo 37 xxxxxxxxxxxxxxxxxxxxxxxxxxxxxxxxxxxxxxxxxxxxxxxxxxxxxxxxxxxxxxxxxxxxxxxxxxxxxxxxxxxxxxxxxxxxxxxxxxxxxxxxxxxxxxxxxxxxxxxxxxxxxxxxxxxxxxxxxxxxxxxxxxxxxxxxxxxxxxxxxxxxxxxxxxxxxxxxxxxxxxxxxxxxxxxxxxxxxxxxxxxxxxxxxxxxxxxxxxxxxxxxxxxxxxxxxxxxxxxxxxxxxxxxxxxxxxxxxxxxxxxxxxxxxxxxxxxxxxxxxxxxxxxxxxxxxxxxxxxxxxxxxxxxxxxxxxxxxxxxxxxxxxxxxxxxxxxxxxxxxxxxxxxxxxxxxxxxxxxxxxxxxxxxxxxxxxxxxxxxxxxxxxxxxxxxxxxxxxxx
2026-09-09 23:41:47 [INFO] tools: メモを追加しました（memo_821）: bulk memo 38 xxxxxxxxxxxxxxxxxxxxxxxxxxxxxxxxxxxxxxxxxxxxxxxxxxxxxxxxxxxxxxxxxxxxxxxxxxxxxxxxxxxxxxxxxxxxxxxxxxxxxxxxxxxxxxxxxxxxxxxxxxxxxxxxxxxxxxxxxxxxxxxxxxxxxxxxxxxxxxxxxxxxxxxxxxxxxxxxxxxxxxxxxxxxxxxxxxxxxxxxxxxxxxxxxxxxxxxxxxxxxxxxxxxxxxxxxxxxxxxxxxxxxxxxxxxxxxxxxxxxxxxxxxxxxxxxxxxxxxxxxxxxxxxxxxxxxxxxxxxxxxxxxxxxxxxxxxxxxxxxxxxxxxxxxxxxxxxxxxxxxxxxxxxxxxxxxxxxxxxxxxxxxxxxxxxxxxxxxxxxxxxxxxxxxxxxxxxxxxxx
2026-09-09 23:41:47 [INFO] tools: メモを追加しました（memo_822）: bulk memo 39 xxxxxxxxxxxxxxxxxxxxxxxxxxxxxxxxxxxxxxxxxxxxxxxxxxxxxxxxxxxxxxxxxxxxxxxxxxxxxxxxxxxxxxxxxxxxxxxxxxxxxxxxxxxxxxxxxxxxxxxxxxxxxxxxxxxxxxxxxxxxxxxxxxxxxxxxxxxxxxxxxxxxxxxxxxxxxxxxxxxxxxxxxxxxxxxxxxxxxxxxxxxxxxxxxxxxxxxxxxxxxxxxxxxxxxxxxxxxxxxxxxxxxxxxxxxxxxxxxxxxxxxxxxxxxxxxxxxxxxxxxxxxxxxxxxxxxxxxxxxxxxxxxxxxxxxxxxxxxxxxxxxxxxxxxxxxxxxxxxxxxxxxxxxxxxxxxxxxxxxxxxxxxxxxxxxxxxxxxxxxxxxxxxxxxxxxxxxxxxxx
2026-09-09 23:41:47 [INFO] tools: メモを追加しました（memo_823）: bulk memo 40 xxxxxxxxxxxxxxxxxxxxxxxxxxxxxxxxxxxxxxxxxxxxxxxxxxxxxxxxxxxxxxxxxxxxxxxxxxxxxxxxxxxxxxxxxxxxxxxxxxxxxxxxxxxxxxxxxxxxxxxxxxxxxxxxxxxxxxxxxxxxxxxxxxxxxxxxxxxxxxxxxxxxxxxxxxxxxxxxxxxxxxxxxxxxxxxxxxxxxxxxxxxxxxxxxxxxxxxxxxxxxxxxxxxxxxxxxxxxxxxxxxxxxxxxxxxxxxxxxxxxxxxxxxxxxxxxxxxxxxxxxxxxxxxxxxxxxxxxxxxxxxxxxxxxxxxxxxxxxxxxxxxxxxxxxxxxxxxxxxxxxxxxxxxxxxxxxxxxxxxxxxxxxxxxxxxxxxxxxxxxxxxxxxxxxxxxxxxxxxxx
2026-09-09 23:41:47 [INFO] tools: メモを追加しました（memo_824）: bulk memo 41 xxxxxxxxxxxxxxxxxxxxxxxxxxxxxxxxxxxxxxxxxxxxxxxxxxxxxxxxxxxxxxxxxxxxxxxxxxxxxxxxxxxxxxxxxxxxxxxxxxxxxxxxxxxxxxxxxxxxxxxxxxxxxxxxxxxxxxxxxxxxxxxxxxxxxxxxxxxxxxxxxxxxxxxxxxxxxxxxxxxxxxxxxxxxxxxxxxxxxxxxxxxxxxxxxxxxxxxxxxxxxxxxxxxxxxxxxxxxxxxxxxxxxxxxxxxxxxxxxxxxxxxxxxxxxxxxxxxxxxxxxxxxxxxxxxxxxxxxxxxxxxxxxxxxxxxxxxxxxxxxxxxxxxxxxxxxxxxxxxxxxxxxxxxxxxxxxxxxxxxxxxxxxxxxxxxxxxxxxxxxxxxxxxxxxxxxxxxxxxxx
2026-09-09 23:41:47 [INFO] tools: メモを追加しました（memo_825）: bulk memo 42 xxxxxxxxxxxxxxxxxxxxxxxxxxxxxxxxxxxxxxxxxxxxxxxxxxxxxxxxxxxxxxxxxxxxxxxxxxxxxxxxxxxxxxxxxxxxxxxxxxxxxxxxxxxxxxxxxxxxxxxxxxxxxxxxxxxxxxxxxxxxxxxxxxxxxxxxxxxxxxxxxxxxxxxxxxxxxxxxxxxxxxxxxxxxxxxxxxxxxxxxxxxxxxxxxxxxxxxxxxxxxxxxxxxxxxxxxxxxxxxxxxxxxxxxxxxxxxxxxxxxxxxxxxxxxxxxxxxxxxxxxxxxxxxxxxxxxxxxxxxxxxxxxxxxxxxxxxxxxxxxxxxxxxxxxxxxxxxxxxxxxxxxxxxxxxxxxxxxxxxxxxxxxxxxxxxxxxxxxxxxxxxxxxxxxxxxxxxxxxxx
2026-09-09 23:41:47 [INFO] tools: メモを追加しました（memo_826）: bulk memo 43 xxxxxxxxxxxxxxxxxxxxxxxxxxxxxxxxxxxxxxxxxxxxxxxxxxxxxxxxxxxxxxxxxxxxxxxxxxxxxxxxxxxxxxxxxxxxxxxxxxxxxxxxxxxxxxxxxxxxxxxxxxxxxxxxxxxxxxxxxxxxxxxxxxxxxxxxxxxxxxxxxxxxxxxxxxxxxxxxxxxxxxxxxxxxxxxxxxxxxxxxxxxxxxxxxxxxxxxxxxxxxxxxxxxxxxxxxxxxxxxxxxxxxxxxxxxxxxxxxxxxxxxxxxxxxxxxxxxxxxxxxxxxxxxxxxxxxxxxxxxxxxxxxxxxxxxxxxxxxxxxxxxxxxxxxxxxxxxxxxxxxxxxxxxxxxxxxxxxxxxxxxxxxxxxxxxxxxxxxxxxxxxxxxxxxxxxxxxxxxxx
2026-09-09 23:41:47 [INFO] tools: メモを追加しました（memo_827）: bulk memo 44 xxxxxxxxxxxxxxxxxxxxxxxxxxxxxxxxxxxxxxxxxxxxxxxxxxxxxxxxxxxxxxxxxxxxxxxxxxxxxxxxxxxxxxxxxxxxxxxxxxxxxxxxxxxxxxxxxxxxxxxxxxxxxxxxxxxxxxxxxxxxxxxxxxxxxxxxxxxxxxxxxxxxxxxxxxxxxxxxxxxxxxxxxxxxxxxxxxxxxxxxxxxxxxxxxxxxxxxxxxxxxxxxxxxxxxxxxxxxxxxxxxxxxxxxxxxxxxxxxxxxxxxxxxxxxxxxxxxxxxxxxxxxxxxxxxxxxxxxxxxxxxxxxxxxxxxxxxxxxxxxxxxxxxxxxxxxxxxxxxxxxxxxxxxxxxxxxxxxxxxxxxxxxxxxxxxxxxxxxxxxxxxxxxxxxxxxxxxxxxxx
2026-09-09 23:41:47 [INFO] tools: メモを追加しました（memo_828）: bulk memo 45 xxxxxxxxxxxxxxxxxxxxxxxxxxxxxxxxxxxxxxxxxxxxxxxxxxxxxxxxxxxxxxxxxxxxxxxxxxxxxxxxxxxxxxxxxxxxxxxxxxxxxxxxxxxxxxxxxxxxxxxxxxxxxxxxxxxxxxxxxxxxxxxxxxxxxxxxxxxxxxxxxxxxxxxxxxxxxxxxxxxxxxxxxxxxxxxxxxxxxxxxxxxxxxxxxxxxxxxxxxxxxxxxxxxxxxxxxxxxxxxxxxxxxxxxxxxxxxxxxxxxxxxxxxxxxxxxxxxxxxxxxxxxxxxxxxxxxxxxxxxxxxxxxxxxxxxxxxxxxxxxxxxxxxxxxxxxxxxxxxxxxxxxxxxxxxxxxxxxxxxxxxxxxxxxxxxxxxxxxxxxxxxxxxxxxxxxxxxxxxxx
2026-09-09 23:41:47 [INFO] tools: メモを追加しました（memo_829）: bulk memo 46 xxxxxxxxxxxxxxxxxxxxxxxxxxxxxxxxxxxxxxxxxxxxxxxxxxxxxxxxxxxxxxxxxxxxxxxxxxxxxxxxxxxxxxxxxxxxxxxxxxxxxxxxxxxxxxxxxxxxxxxxxxxxxxxxxxxxxxxxxxxxxxxxxxxxxxxxxxxxxxxxxxxxxxxxxxxxxxxxxxxxxxxxxxxxxxxxxxxxxxxxxxxxxxxxxxxxxxxxxxxxxxxxxxxxxxxxxxxxxxxxxxxxxxxxxxxxxxxxxxxxxxxxxxxxxxxxxxxxxxxxxxxxxxxxxxxxxxxxxxxxxxxxxxxxxxxxxxxxxxxxxxxxxxxxxxxxxxxxxxxxxxxxxxxxxxxxxxxxxxxxxxxxxxxxxxxxxxxxxxxxxxxxxxxxxxxxxxxxxxxx
2026-09-09 23:41:47 [INFO] tools: メモを追加しました（memo_830）: bulk memo 47 xxxxxxxxxxxxxxxxxxxxxxxxxxxxxxxxxxxxxxxxxxxxxxxxxxxxxxxxxxxxxxxxxxxxxxxxxxxxxxxxxxxxxxxxxxxxxxxxxxxxxxxxxxxxxxxxxxxxxxxxxxxxxxxxxxxxxxxxxxxxxxxxxxxxxxxxxxxxxxxxxxxxxxxxxxxxxxxxxxxxxxxxxxxxxxxxxxxxxxxxxxxxxxxxxxxxxxxxxxxxxxxxxxxxxxxxxxxxxxxxxxxxxxxxxxxxxxxxxxxxxxxxxxxxxxxxxxxxxxxxxxxxxxxxxxxxxxxxxxxxxxxxxxxxxxxxxxxxxxxxxxxxxxxxxxxxxxxxxxxxxxxxxxxxxxxxxxxxxxxxxxxxxxxxxxxxxxxxxxxxxxxxxxxxxxxxxxxxxxxx
2026-09-09 23:41:47 [INFO] tools: メモを追加しました（memo_831）: bulk memo 48 xxxxxxxxxxxxxxxxxxxxxxxxxxxxxxxxxxxxxxxxxxxxxxxxxxxxxxxxxxxxxxxxxxxxxxxxxxxxxxxxxxxxxxxxxxxxxxxxxxxxxxxxxxxxxxxxxxxxxxxxxxxxxxxxxxxxxxxxxxxxxxxxxxxxxxxxxxxxxxxxxxxxxxxxxxxxxxxxxxxxxxxxxxxxxxxxxxxxxxxxxxxxxxxxxxxxxxxxxxxxxxxxxxxxxxxxxxxxxxxxxxxxxxxxxxxxxxxxxxxxxxxxxxxxxxxxxxxxxxxxxxxxxxxxxxxxxxxxxxxxxxxxxxxxxxxxxxxxxxxxxxxxxxxxxxxxxxxxxxxxxxxxxxxxxxxxxxxxxxxxxxxxxxxxxxxxxxxxxxxxxxxxxxxxxxxxxxxxxxxx
2026-09-09 23:41:47 [INFO] tools: メモを追加しました（memo_832）: bulk memo 49 xxxxxxxxxxxxxxxxxxxxxxxxxxxxxxxxxxxxxxxxxxxxxxxxxxxxxxxxxxxxxxxxxxxxxxxxxxxxxxxxxxxxxxxxxxxxxxxxxxxxxxxxxxxxxxxxxxxxxxxxxxxxxxxxxxxxxxxxxxxxxxxxxxxxxxxxxxxxxxxxxxxxxxxxxxxxxxxxxxxxxxxxxxxxxxxxxxxxxxxxxxxxxxxxxxxxxxxxxxxxxxxxxxxxxxxxxxxxxxxxxxxxxxxxxxxxxxxxxxxxxxxxxxxxxxxxxxxxxxxxxxxxxxxxxxxxxxxxxxxxxxxxxxxxxxxxxxxxxxxxxxxxxxxxxxxxxxxxxxxxxxxxxxxxxxxxxxxxxxxxxxxxxxxxxxxxxxxxxxxxxxxxxxxxxxxxxxxxxxxx
2026-09-09 23:41:47 [INFO] tools: メモを追加しました（memo_833）: bulk memo 50 xxxxxxxxxxxxxxxxxxxxxxxxxxxxxxxxxxxxxxxxxxxxxxxxxxxxxxxxxxxxxxxxxxxxxxxxxxxxxxxxxxxxxxxxxxxxxxxxxxxxxxxxxxxxxxxxxxxxxxxxxxxxxxxxxxxxxxxxxxxxxxxxxxxxxxxxxxxxxxxxxxxxxxxxxxxxxxxxxxxxxxxxxxxxxxxxxxxxxxxxxxxxxxxxxxxxxxxxxxxxxxxxxxxxxxxxxxxxxxxxxxxxxxxxxxxxxxxxxxxxxxxxxxxxxxxxxxxxxxxxxxxxxxxxxxxxxxxxxxxxxxxxxxxxxxxxxxxxxxxxxxxxxxxxxxxxxxxxxxxxxxxxxxxxxxxxxxxxxxxxxxxxxxxxxxxxxxxxxxxxxxxxxxxxxxxxxxxxxxxx
2026-09-09 23:41:47 [INFO] tools: メモを追加しました（memo_834）: bulk memo 51 xxxxxxxxxxxxxxxxxxxxxxxxxxxxxxxxxxxxxxxxxxxxxxxxxxxxxxxxxxxxxxxxxxxxxxxxxxxxxxxxxxxxxxxxxxxxxxxxxxxxxxxxxxxxxxxxxxxxxxxxxxxxxxxxxxxxxxxxxxxxxxxxxxxxxxxxxxxxxxxxxxxxxxxxxxxxxxxxxxxxxxxxxxxxxxxxxxxxxxxxxxxxxxxxxxxxxxxxxxxxxxxxxxxxxxxxxxxxxxxxxxxxxxxxxxxxxxxxxxxxxxxxxxxxxxxxxxxxxxxxxxxxxxxxxxxxxxxxxxxxxxxxxxxxxxxxxxxxxxxxxxxxxxxxxxxxxxxxxxxxxxxxxxxxxxxxxxxxxxxxxxxxxxxxxxxxxxxxxxxxxxxxxxxxxxxxxxxxxxxx
2026-09-09 23:41:47 [INFO] tools: メモを追加しました（memo_835）: bulk memo 52 xxxxxxxxxxxxxxxxxxxxxxxxxxxxxxxxxxxxxxxxxxxxxxxxxxxxxxxxxxxxxxxxxxxxxxxxxxxxxxxxxxxxxxxxxxxxxxxxxxxxxxxxxxxxxxxxxxxxxxxxxxxxxxxxxxxxxxxxxxxxxxxxxxxxxxxxxxxxxxxxxxxxxxxxxxxxxxxxxxxxxxxxxxxxxxxxxxxxxxxxxxxxxxxxxxxxxxxxxxxxxxxxxxxxxxxxxxxxxxxxxxxxxxxxxxxxxxxxxxxxxxxxxxxxxxxxxxxxxxxxxxxxxxxxxxxxxxxxxxxxxxxxxxxxxxxxxxxxxxxxxxxxxxxxxxxxxxxxxxxxxxxxxxxxxxxxxxxxxxxxxxxxxxxxxxxxxxxxxxxxxxxxxxxxxxxxxxxxxxxx
2026-09-09 23:41:47 [INFO] tools: メモを追加しました（memo_836）: bulk memo 53 xxxxxxxxxxxxxxxxxxxxxxxxxxxxxxxxxxxxxxxxxxxxxxxxxxxxxxxxxxxxxxxxxxxxxxxxxxxxxxxxxxxxxxxxxxxxxxxxxxxxxxxxxxxxxxxxxxxxxxxxxxxxxxxxxxxxxxxxxxxxxxxxxxxxxxxxxxxxxxxxxxxxxxxxxxxxxxxxxxxxxxxxxxxxxxxxxxxxxxxxxxxxxxxxxxxxxxxxxxxxxxxxxxxxxxxxxxxxxxxxxxxxxxxxxxxxxxxxxxxxxxxxxxxxxxxxxxxxxxxxxxxxxxxxxxxxxxxxxxxxxxxxxxxxxxxxxxxxxxxxxxxxxxxxxxxxxxxxxxxxxxxxxxxxxxxxxxxxxxxxxxxxxxxxxxxxxxxxxxxxxxxxxxxxxxxxxxxxxxxx
2026-09-09 23:41:48 [INFO] tools: メモを追加しました（memo_837）: bulk memo 54 xxxxxxxxxxxxxxxxxxxxxxxxxxxxxxxxxxxxxxxxxxxxxxxxxxxxxxxxxxxxxxxxxxxxxxxxxxxxxxxxxxxxxxxxxxxxxxxxxxxxxxxxxxxxxxxxxxxxxxxxxxxxxxxxxxxxxxxxxxxxxxxxxxxxxxxxxxxxxxxxxxxxxxxxxxxxxxxxxxxxxxxxxxxxxxxxxxxxxxxxxxxxxxxxxxxxxxxxxxxxxxxxxxxxxxxxxxxxxxxxxxxxxxxxxxxxxxxxxxxxxxxxxxxxxxxxxxxxxxxxxxxxxxxxxxxxxxxxxxxxxxxxxxxxxxxxxxxxxxxxxxxxxxxxxxxxxxxxxxxxxxxxxxxxxxxxxxxxxxxxxxxxxxxxxxxxxxxxxxxxxxxxxxxxxxxxxxxxxxxx
2026-09-09 23:41:48 [INFO] tools: メモを追加しました（memo_838）: bulk memo 55 xxxxxxxxxxxxxxxxxxxxxxxxxxxxxxxxxxxxxxxxxxxxxxxxxxxxxxxxxxxxxxxxxxxxxxxxxxxxxxxxxxxxxxxxxxxxxxxxxxxxxxxxxxxxxxxxxxxxxxxxxxxxxxxxxxxxxxxxxxxxxxxxxxxxxxxxxxxxxxxxxxxxxxxxxxxxxxxxxxxxxxxxxxxxxxxxxxxxxxxxxxxxxxxxxxxxxxxxxxxxxxxxxxxxxxxxxxxxxxxxxxxxxxxxxxxxxxxxxxxxxxxxxxxxxxxxxxxxxxxxxxxxxxxxxxxxxxxxxxxxxxxxxxxxxxxxxxxxxxxxxxxxxxxxxxxxxxxxxxxxxxxxxxxxxxxxxxxxxxxxxxxxxxxxxxxxxxxxxxxxxxxxxxxxxxxxxxxxxxxx
2026-09-09 23:41:48 [INFO] tools: メモを追加しました（memo_839）: bulk memo 56 xxxxxxxxxxxxxxxxxxxxxxxxxxxxxxxxxxxxxxxxxxxxxxxxxxxxxxxxxxxxxxxxxxxxxxxxxxxxxxxxxxxxxxxxxxxxxxxxxxxxxxxxxxxxxxxxxxxxxxxxxxxxxxxxxxxxxxxxxxxxxxxxxxxxxxxxxxxxxxxxxxxxxxxxxxxxxxxxxxxxxxxxxxxxxxxxxxxxxxxxxxxxxxxxxxxxxxxxxxxxxxxxxxxxxxxxxxxxxxxxxxxxxxxxxxxxxxxxxxxxxxxxxxxxxxxxxxxxxxxxxxxxxxxxxxxxxxxxxxxxxxxxxxxxxxxxxxxxxxxxxxxxxxxxxxxxxxxxxxxxxxxxxxxxxxxxxxxxxxxxxxxxxxxxxxxxxxxxxxxxxxxxxxxxxxxxxxxxxxxx
2026-09-09 23:41:48 [INFO] tools: メモを追加しました（memo_840）: bulk memo 57 xxxxxxxxxxxxxxxxxxxxxxxxxxxxxxxxxxxxxxxxxxxxxxxxxxxxxxxxxxxxxxxxxxxxxxxxxxxxxxxxxxxxxxxxxxxxxxxxxxxxxxxxxxxxxxxxxxxxxxxxxxxxxxxxxxxxxxxxxxxxxxxxxxxxxxxxxxxxxxxxxxxxxxxxxxxxxxxxxxxxxxxxxxxxxxxxxxxxxxxxxxxxxxxxxxxxxxxxxxxxxxxxxxxxxxxxxxxxxxxxxxxxxxxxxxxxxxxxxxxxxxxxxxxxxxxxxxxxxxxxxxxxxxxxxxxxxxxxxxxxxxxxxxxxxxxxxxxxxxxxxxxxxxxxxxxxxxxxxxxxxxxxxxxxxxxxxxxxxxxxxxxxxxxxxxxxxxxxxxxxxxxxxxxxxxxxxxxxxxxx
2026-09-09 23:41:48 [INFO] tools: メモを追加しました（memo_841）: bulk memo 58 xxxxxxxxxxxxxxxxxxxxxxxxxxxxxxxxxxxxxxxxxxxxxxxxxxxxxxxxxxxxxxxxxxxxxxxxxxxxxxxxxxxxxxxxxxxxxxxxxxxxxxxxxxxxxxxxxxxxxxxxxxxxxxxxxxxxxxxxxxxxxxxxxxxxxxxxxxxxxxxxxxxxxxxxxxxxxxxxxxxxxxxxxxxxxxxxxxxxxxxxxxxxxxxxxxxxxxxxxxxxxxxxxxxxxxxxxxxxxxxxxxxxxxxxxxxxxxxxxxxxxxxxxxxxxxxxxxxxxxxxxxxxxxxxxxxxxxxxxxxxxxxxxxxxxxxxxxxxxxxxxxxxxxxxxxxxxxxxxxxxxxxxxxxxxxxxxxxxxxxxxxxxxxxxxxxxxxxxxxxxxxxxxxxxxxxxxxxxxxxx
2026-09-09 23:41:48 [INFO] tools: メモを追加しました（memo_842）: bulk memo 59 xxxxxxxxxxxxxxxxxxxxxxxxxxxxxxxxxxxxxxxxxxxxxxxxxxxxxxxxxxxxxxxxxxxxxxxxxxxxxxxxxxxxxxxxxxxxxxxxxxxxxxxxxxxxxxxxxxxxxxxxxxxxxxxxxxxxxxxxxxxxxxxxxxxxxxxxxxxxxxxxxxxxxxxxxxxxxxxxxxxxxxxxxxxxxxxxxxxxxxxxxxxxxxxxxxxxxxxxxxxxxxxxxxxxxxxxxxxxxxxxxxxxxxxxxxxxxxxxxxxxxxxxxxxxxxxxxxxxxxxxxxxxxxxxxxxxxxxxxxxxxxxxxxxxxxxxxxxxxxxxxxxxxxxxxxxxxxxxxxxxxxxxxxxxxxxxxxxxxxxxxxxxxxxxxxxxxxxxxxxxxxxxxxxxxxxxxxxxxxxx
2026-09-09 23:41:48 [INFO] tools: メモを追加しました（memo_843）: bulk memo 60 xxxxxxxxxxxxxxxxxxxxxxxxxxxxxxxxxxxxxxxxxxxxxxxxxxxxxxxxxxxxxxxxxxxxxxxxxxxxxxxxxxxxxxxxxxxxxxxxxxxxxxxxxxxxxxxxxxxxxxxxxxxxxxxxxxxxxxxxxxxxxxxxxxxxxxxxxxxxxxxxxxxxxxxxxxxxxxxxxxxxxxxxxxxxxxxxxxxxxxxxxxxxxxxxxxxxxxxxxxxxxxxxxxxxxxxxxxxxxxxxxxxxxxxxxxxxxxxxxxxxxxxxxxxxxxxxxxxxxxxxxxxxxxxxxxxxxxxxxxxxxxxxxxxxxxxxxxxxxxxxxxxxxxxxxxxxxxxxxxxxxxxxxxxxxxxxxxxxxxxxxxxxxxxxxxxxxxxxxxxxxxxxxxxxxxxxxxxxxxxx
2026-09-09 23:41:48 [INFO] tools: メモを追加しました（memo_844）: bulk memo 61 xxxxxxxxxxxxxxxxxxxxxxxxxxxxxxxxxxxxxxxxxxxxxxxxxxxxxxxxxxxxxxxxxxxxxxxxxxxxxxxxxxxxxxxxxxxxxxxxxxxxxxxxxxxxxxxxxxxxxxxxxxxxxxxxxxxxxxxxxxxxxxxxxxxxxxxxxxxxxxxxxxxxxxxxxxxxxxxxxxxxxxxxxxxxxxxxxxxxxxxxxxxxxxxxxxxxxxxxxxxxxxxxxxxxxxxxxxxxxxxxxxxxxxxxxxxxxxxxxxxxxxxxxxxxxxxxxxxxxxxxxxxxxxxxxxxxxxxxxxxxxxxxxxxxxxxxxxxxxxxxxxxxxxxxxxxxxxxxxxxxxxxxxxxxxxxxxxxxxxxxxxxxxxxxxxxxxxxxxxxxxxxxxxxxxxxxxxxxxxxx
2026-09-09 23:41:48 [INFO] tools: メモを追加しました（memo_845）: bulk memo 62 xxxxxxxxxxxxxxxxxxxxxxxxxxxxxxxxxxxxxxxxxxxxxxxxxxxxxxxxxxxxxxxxxxxxxxxxxxxxxxxxxxxxxxxxxxxxxxxxxxxxxxxxxxxxxxxxxxxxxxxxxxxxxxxxxxxxxxxxxxxxxxxxxxxxxxxxxxxxxxxxxxxxxxxxxxxxxxxxxxxxxxxxxxxxxxxxxxxxxxxxxxxxxxxxxxxxxxxxxxxxxxxxxxxxxxxxxxxxxxxxxxxxxxxxxxxxxxxxxxxxxxxxxxxxxxxxxxxxxxxxxxxxxxxxxxxxxxxxxxxxxxxxxxxxxxxxxxxxxxxxxxxxxxxxxxxxxxxxxxxxxxxxxxxxxxxxxxxxxxxxxxxxxxxxxxxxxxxxxxxxxxxxxxxxxxxxxxxxxxxx
2026-09-09 23:41:48 [INFO] tools: メモを追加しました（memo_846）: bulk memo 63 xxxxxxxxxxxxxxxxxxxxxxxxxxxxxxxxxxxxxxxxxxxxxxxxxxxxxxxxxxxxxxxxxxxxxxxxxxxxxxxxxxxxxxxxxxxxxxxxxxxxxxxxxxxxxxxxxxxxxxxxxxxxxxxxxxxxxxxxxxxxxxxxxxxxxxxxxxxxxxxxxxxxxxxxxxxxxxxxxxxxxxxxxxxxxxxxxxxxxxxxxxxxxxxxxxxxxxxxxxxxxxxxxxxxxxxxxxxxxxxxxxxxxxxxxxxxxxxxxxxxxxxxxxxxxxxxxxxxxxxxxxxxxxxxxxxxxxxxxxxxxxxxxxxxxxxxxxxxxxxxxxxxxxxxxxxxxxxxxxxxxxxxxxxxxxxxxxxxxxxxxxxxxxxxxxxxxxxxxxxxxxxxxxxxxxxxxxxxxxxx
2026-09-09 23:41:48 [INFO] tools: メモを追加しました（memo_847）: bulk memo 64 xxxxxxxxxxxxxxxxxxxxxxxxxxxxxxxxxxxxxxxxxxxxxxxxxxxxxxxxxxxxxxxxxxxxxxxxxxxxxxxxxxxxxxxxxxxxxxxxxxxxxxxxxxxxxxxxxxxxxxxxxxxxxxxxxxxxxxxxxxxxxxxxxxxxxxxxxxxxxxxxxxxxxxxxxxxxxxxxxxxxxxxxxxxxxxxxxxxxxxxxxxxxxxxxxxxxxxxxxxxxxxxxxxxxxxxxxxxxxxxxxxxxxxxxxxxxxxxxxxxxxxxxxxxxxxxxxxxxxxxxxxxxxxxxxxxxxxxxxxxxxxxxxxxxxxxxxxxxxxxxxxxxxxxxxxxxxxxxxxxxxxxxxxxxxxxxxxxxxxxxxxxxxxxxxxxxxxxxxxxxxxxxxxxxxxxxxxxxxxxx
2026-09-09 23:41:48 [INFO] tools: メモを追加しました（memo_848）: bulk memo 65 xxxxxxxxxxxxxxxxxxxxxxxxxxxxxxxxxxxxxxxxxxxxxxxxxxxxxxxxxxxxxxxxxxxxxxxxxxxxxxxxxxxxxxxxxxxxxxxxxxxxxxxxxxxxxxxxxxxxxxxxxxxxxxxxxxxxxxxxxxxxxxxxxxxxxxxxxxxxxxxxxxxxxxxxxxxxxxxxxxxxxxxxxxxxxxxxxxxxxxxxxxxxxxxxxxxxxxxxxxxxxxxxxxxxxxxxxxxxxxxxxxxxxxxxxxxxxxxxxxxxxxxxxxxxxxxxxxxxxxxxxxxxxxxxxxxxxxxxxxxxxxxxxxxxxxxxxxxxxxxxxxxxxxxxxxxxxxxxxxxxxxxxxxxxxxxxxxxxxxxxxxxxxxxxxxxxxxxxxxxxxxxxxxxxxxxxxxxxxxxx
2026-09-09 23:41:48 [INFO] tools: メモを追加しました（memo_849）: bulk memo 66 xxxxxxxxxxxxxxxxxxxxxxxxxxxxxxxxxxxxxxxxxxxxxxxxxxxxxxxxxxxxxxxxxxxxxxxxxxxxxxxxxxxxxxxxxxxxxxxxxxxxxxxxxxxxxxxxxxxxxxxxxxxxxxxxxxxxxxxxxxxxxxxxxxxxxxxxxxxxxxxxxxxxxxxxxxxxxxxxxxxxxxxxxxxxxxxxxxxxxxxxxxxxxxxxxxxxxxxxxxxxxxxxxxxxxxxxxxxxxxxxxxxxxxxxxxxxxxxxxxxxxxxxxxxxxxxxxxxxxxxxxxxxxxxxxxxxxxxxxxxxxxxxxxxxxxxxxxxxxxxxxxxxxxxxxxxxxxxxxxxxxxxxxxxxxxxxxxxxxxxxxxxxxxxxxxxxxxxxxxxxxxxxxxxxxxxxxxxxxxxx
2026-09-09 23:41:48 [INFO] tools: メモを追加しました（memo_850）: bulk memo 67 xxxxxxxxxxxxxxxxxxxxxxxxxxxxxxxxxxxxxxxxxxxxxxxxxxxxxxxxxxxxxxxxxxxxxxxxxxxxxxxxxxxxxxxxxxxxxxxxxxxxxxxxxxxxxxxxxxxxxxxxxxxxxxxxxxxxxxxxxxxxxxxxxxxxxxxxxxxxxxxxxxxxxxxxxxxxxxxxxxxxxxxxxxxxxxxxxxxxxxxxxxxxxxxxxxxxxxxxxxxxxxxxxxxxxxxxxxxxxxxxxxxxxxxxxxxxxxxxxxxxxxxxxxxxxxxxxxxxxxxxxxxxxxxxxxxxxxxxxxxxxxxxxxxxxxxxxxxxxxxxxxxxxxxxxxxxxxxxxxxxxxxxxxxxxxxxxxxxxxxxxxxxxxxxxxxxxxxxxxxxxxxxxxxxxxxxxxxxxxxx
2026-09-09 23:41:48 [INFO] tools: メモを追加しました（memo_851）: bulk memo 68 xxxxxxxxxxxxxxxxxxxxxxxxxxxxxxxxxxxxxxxxxxxxxxxxxxxxxxxxxxxxxxxxxxxxxxxxxxxxxxxxxxxxxxxxxxxxxxxxxxxxxxxxxxxxxxxxxxxxxxxxxxxxxxxxxxxxxxxxxxxxxxxxxxxxxxxxxxxxxxxxxxxxxxxxxxxxxxxxxxxxxxxxxxxxxxxxxxxxxxxxxxxxxxxxxxxxxxxxxxxxxxxxxxxxxxxxxxxxxxxxxxxxxxxxxxxxxxxxxxxxxxxxxxxxxxxxxxxxxxxxxxxxxxxxxxxxxxxxxxxxxxxxxxxxxxxxxxxxxxxxxxxxxxxxxxxxxxxxxxxxxxxxxxxxxxxxxxxxxxxxxxxxxxxxxxxxxxxxxxxxxxxxxxxxxxxxxxxxxxxx
2026-09-09 23:41:48 [INFO] tools: メモを追加しました（memo_852）: bulk memo 69 xxxxxxxxxxxxxxxxxxxxxxxxxxxxxxxxxxxxxxxxxxxxxxxxxxxxxxxxxxxxxxxxxxxxxxxxxxxxxxxxxxxxxxxxxxxxxxxxxxxxxxxxxxxxxxxxxxxxxxxxxxxxxxxxxxxxxxxxxxxxxxxxxxxxxxxxxxxxxxxxxxxxxxxxxxxxxxxxxxxxxxxxxxxxxxxxxxxxxxxxxxxxxxxxxxxxxxxxxxxxxxxxxxxxxxxxxxxxxxxxxxxxxxxxxxxxxxxxxxxxxxxxxxxxxxxxxxxxxxxxxxxxxxxxxxxxxxxxxxxxxxxxxxxxxxxxxxxxxxxxxxxxxxxxxxxxxxxxxxxxxxxxxxxxxxxxxxxxxxxxxxxxxxxxxxxxxxxxxxxxxxxxxxxxxxxxxxxxxxxx
2026-09-09 23:41:48 [INFO] tools: メモを追加しました（memo_853）: bulk memo 70 xxxxxxxxxxxxxxxxxxxxxxxxxxxxxxxxxxxxxxxxxxxxxxxxxxxxxxxxxxxxxxxxxxxxxxxxxxxxxxxxxxxxxxxxxxxxxxxxxxxxxxxxxxxxxxxxxxxxxxxxxxxxxxxxxxxxxxxxxxxxxxxxxxxxxxxxxxxxxxxxxxxxxxxxxxxxxxxxxxxxxxxxxxxxxxxxxxxxxxxxxxxxxxxxxxxxxxxxxxxxxxxxxxxxxxxxxxxxxxxxxxxxxxxxxxxxxxxxxxxxxxxxxxxxxxxxxxxxxxxxxxxxxxxxxxxxxxxxxxxxxxxxxxxxxxxxxxxxxxxxxxxxxxxxxxxxxxxxxxxxxxxxxxxxxxxxxxxxxxxxxxxxxxxxxxxxxxxxxxxxxxxxxxxxxxxxxxxxxxxx
2026-09-09 23:41:48 [INFO] tools: メモを追加しました（memo_854）: bulk memo 71 xxxxxxxxxxxxxxxxxxxxxxxxxxxxxxxxxxxxxxxxxxxxxxxxxxxxxxxxxxxxxxxxxxxxxxxxxxxxxxxxxxxxxxxxxxxxxxxxxxxxxxxxxxxxxxxxxxxxxxxxxxxxxxxxxxxxxxxxxxxxxxxxxxxxxxxxxxxxxxxxxxxxxxxxxxxxxxxxxxxxxxxxxxxxxxxxxxxxxxxxxxxxxxxxxxxxxxxxxxxxxxxxxxxxxxxxxxxxxxxxxxxxxxxxxxxxxxxxxxxxxxxxxxxxxxxxxxxxxxxxxxxxxxxxxxxxxxxxxxxxxxxxxxxxxxxxxxxxxxxxxxxxxxxxxxxxxxxxxxxxxxxxxxxxxxxxxxxxxxxxxxxxxxxxxxxxxxxxxxxxxxxxxxxxxxxxxxxxxxxx
2026-09-09 23:41:48 [INFO] tools: メモを追加しました（memo_855）: bulk memo 72 xxxxxxxxxxxxxxxxxxxxxxxxxxxxxxxxxxxxxxxxxxxxxxxxxxxxxxxxxxxxxxxxxxxxxxxxxxxxxxxxxxxxxxxxxxxxxxxxxxxxxxxxxxxxxxxxxxxxxxxxxxxxxxxxxxxxxxxxxxxxxxxxxxxxxxxxxxxxxxxxxxxxxxxxxxxxxxxxxxxxxxxxxxxxxxxxxxxxxxxxxxxxxxxxxxxxxxxxxxxxxxxxxxxxxxxxxxxxxxxxxxxxxxxxxxxxxxxxxxxxxxxxxxxxxxxxxxxxxxxxxxxxxxxxxxxxxxxxxxxxxxxxxxxxxxxxxxxxxxxxxxxxxxxxxxxxxxxxxxxxxxxxxxxxxxxxxxxxxxxxxxxxxxxxxxxxxxxxxxxxxxxxxxxxxxxxxxxxxxxx
2026-09-09 23:41:48 [INFO] tools: メモを追加しました（memo_856）: bulk memo 73 xxxxxxxxxxxxxxxxxxxxxxxxxxxxxxxxxxxxxxxxxxxxxxxxxxxxxxxxxxxxxxxxxxxxxxxxxxxxxxxxxxxxxxxxxxxxxxxxxxxxxxxxxxxxxxxxxxxxxxxxxxxxxxxxxxxxxxxxxxxxxxxxxxxxxxxxxxxxxxxxxxxxxxxxxxxxxxxxxxxxxxxxxxxxxxxxxxxxxxxxxxxxxxxxxxxxxxxxxxxxxxxxxxxxxxxxxxxxxxxxxxxxxxxxxxxxxxxxxxxxxxxxxxxxxxxxxxxxxxxxxxxxxxxxxxxxxxxxxxxxxxxxxxxxxxxxxxxxxxxxxxxxxxxxxxxxxxxxxxxxxxxxxxxxxxxxxxxxxxxxxxxxxxxxxxxxxxxxxxxxxxxxxxxxxxxxxxxxxxxx
2026-09-09 23:41:48 [INFO] tools: メモを追加しました（memo_857）: bulk memo 74 xxxxxxxxxxxxxxxxxxxxxxxxxxxxxxxxxxxxxxxxxxxxxxxxxxxxxxxxxxxxxxxxxxxxxxxxxxxxxxxxxxxxxxxxxxxxxxxxxxxxxxxxxxxxxxxxxxxxxxxxxxxxxxxxxxxxxxxxxxxxxxxxxxxxxxxxxxxxxxxxxxxxxxxxxxxxxxxxxxxxxxxxxxxxxxxxxxxxxxxxxxxxxxxxxxxxxxxxxxxxxxxxxxxxxxxxxxxxxxxxxxxxxxxxxxxxxxxxxxxxxxxxxxxxxxxxxxxxxxxxxxxxxxxxxxxxxxxxxxxxxxxxxxxxxxxxxxxxxxxxxxxxxxxxxxxxxxxxxxxxxxxxxxxxxxxxxxxxxxxxxxxxxxxxxxxxxxxxxxxxxxxxxxxxxxxxxxxxxxxx
2026-09-09 23:41:48 [INFO] tools: メモを追加しました（memo_858）: bulk memo 75 xxxxxxxxxxxxxxxxxxxxxxxxxxxxxxxxxxxxxxxxxxxxxxxxxxxxxxxxxxxxxxxxxxxxxxxxxxxxxxxxxxxxxxxxxxxxxxxxxxxxxxxxxxxxxxxxxxxxxxxxxxxxxxxxxxxxxxxxxxxxxxxxxxxxxxxxxxxxxxxxxxxxxxxxxxxxxxxxxxxxxxxxxxxxxxxxxxxxxxxxxxxxxxxxxxxxxxxxxxxxxxxxxxxxxxxxxxxxxxxxxxxxxxxxxxxxxxxxxxxxxxxxxxxxxxxxxxxxxxxxxxxxxxxxxxxxxxxxxxxxxxxxxxxxxxxxxxxxxxxxxxxxxxxxxxxxxxxxxxxxxxxxxxxxxxxxxxxxxxxxxxxxxxxxxxxxxxxxxxxxxxxxxxxxxxxxxxxxxxxx
2026-09-09 23:41:48 [INFO] tools: メモを追加しました（memo_859）: bulk memo 76 xxxxxxxxxxxxxxxxxxxxxxxxxxxxxxxxxxxxxxxxxxxxxxxxxxxxxxxxxxxxxxxxxxxxxxxxxxxxxxxxxxxxxxxxxxxxxxxxxxxxxxxxxxxxxxxxxxxxxxxxxxxxxxxxxxxxxxxxxxxxxxxxxxxxxxxxxxxxxxxxxxxxxxxxxxxxxxxxxxxxxxxxxxxxxxxxxxxxxxxxxxxxxxxxxxxxxxxxxxxxxxxxxxxxxxxxxxxxxxxxxxxxxxxxxxxxxxxxxxxxxxxxxxxxxxxxxxxxxxxxxxxxxxxxxxxxxxxxxxxxxxxxxxxxxxxxxxxxxxxxxxxxxxxxxxxxxxxxxxxxxxxxxxxxxxxxxxxxxxxxxxxxxxxxxxxxxxxxxxxxxxxxxxxxxxxxxxxxxxxx
2026-09-09 23:41:48 [INFO] tools: メモを追加しました（memo_860）: bulk memo 77 xxxxxxxxxxxxxxxxxxxxxxxxxxxxxxxxxxxxxxxxxxxxxxxxxxxxxxxxxxxxxxxxxxxxxxxxxxxxxxxxxxxxxxxxxxxxxxxxxxxxxxxxxxxxxxxxxxxxxxxxxxxxxxxxxxxxxxxxxxxxxxxxxxxxxxxxxxxxxxxxxxxxxxxxxxxxxxxxxxxxxxxxxxxxxxxxxxxxxxxxxxxxxxxxxxxxxxxxxxxxxxxxxxxxxxxxxxxxxxxxxxxxxxxxxxxxxxxxxxxxxxxxxxxxxxxxxxxxxxxxxxxxxxxxxxxxxxxxxxxxxxxxxxxxxxxxxxxxxxxxxxxxxxxxxxxxxxxxxxxxxxxxxxxxxxxxxxxxxxxxxxxxxxxxxxxxxxxxxxxxxxxxxxxxxxxxxxxxxxxx
2026-09-09 23:41:48 [INFO] tools: メモを追加しました（memo_861）: bulk memo 78 xxxxxxxxxxxxxxxxxxxxxxxxxxxxxxxxxxxxxxxxxxxxxxxxxxxxxxxxxxxxxxxxxxxxxxxxxxxxxxxxxxxxxxxxxxxxxxxxxxxxxxxxxxxxxxxxxxxxxxxxxxxxxxxxxxxxxxxxxxxxxxxxxxxxxxxxxxxxxxxxxxxxxxxxxxxxxxxxxxxxxxxxxxxxxxxxxxxxxxxxxxxxxxxxxxxxxxxxxxxxxxxxxxxxxxxxxxxxxxxxxxxxxxxxxxxxxxxxxxxxxxxxxxxxxxxxxxxxxxxxxxxxxxxxxxxxxxxxxxxxxxxxxxxxxxxxxxxxxxxxxxxxxxxxxxxxxxxxxxxxxxxxxxxxxxxxxxxxxxxxxxxxxxxxxxxxxxxxxxxxxxxxxxxxxxxxxxxxxxxx
2026-09-09 23:41:49 [INFO] tools: メモを追加しました（memo_862）: bulk memo 79 xxxxxxxxxxxxxxxxxxxxxxxxxxxxxxxxxxxxxxxxxxxxxxxxxxxxxxxxxxxxxxxxxxxxxxxxxxxxxxxxxxxxxxxxxxxxxxxxxxxxxxxxxxxxxxxxxxxxxxxxxxxxxxxxxxxxxxxxxxxxxxxxxxxxxxxxxxxxxxxxxxxxxxxxxxxxxxxxxxxxxxxxxxxxxxxxxxxxxxxxxxxxxxxxxxxxxxxxxxxxxxxxxxxxxxxxxxxxxxxxxxxxxxxxxxxxxxxxxxxxxxxxxxxxxxxxxxxxxxxxxxxxxxxxxxxxxxxxxxxxxxxxxxxxxxxxxxxxxxxxxxxxxxxxxxxxxxxxxxxxxxxxxxxxxxxxxxxxxxxxxxxxxxxxxxxxxxxxxxxxxxxxxxxxxxxxxxxxxxxx
2026-09-09 23:41:49 [INFO] tools: メモを追加しました（memo_863）: bulk memo 80 xxxxxxxxxxxxxxxxxxxxxxxxxxxxxxxxxxxxxxxxxxxxxxxxxxxxxxxxxxxxxxxxxxxxxxxxxxxxxxxxxxxxxxxxxxxxxxxxxxxxxxxxxxxxxxxxxxxxxxxxxxxxxxxxxxxxxxxxxxxxxxxxxxxxxxxxxxxxxxxxxxxxxxxxxxxxxxxxxxxxxxxxxxxxxxxxxxxxxxxxxxxxxxxxxxxxxxxxxxxxxxxxxxxxxxxxxxxxxxxxxxxxxxxxxxxxxxxxxxxxxxxxxxxxxxxxxxxxxxxxxxxxxxxxxxxxxxxxxxxxxxxxxxxxxxxxxxxxxxxxxxxxxxxxxxxxxxxxxxxxxxxxxxxxxxxxxxxxxxxxxxxxxxxxxxxxxxxxxxxxxxxxxxxxxxxxxxxxxxxx
2026-09-09 23:41:49 [INFO] tools: メモを追加しました（memo_864）: bulk memo 81 xxxxxxxxxxxxxxxxxxxxxxxxxxxxxxxxxxxxxxxxxxxxxxxxxxxxxxxxxxxxxxxxxxxxxxxxxxxxxxxxxxxxxxxxxxxxxxxxxxxxxxxxxxxxxxxxxxxxxxxxxxxxxxxxxxxxxxxxxxxxxxxxxxxxxxxxxxxxxxxxxxxxxxxxxxxxxxxxxxxxxxxxxxxxxxxxxxxxxxxxxxxxxxxxxxxxxxxxxxxxxxxxxxxxxxxxxxxxxxxxxxxxxxxxxxxxxxxxxxxxxxxxxxxxxxxxxxxxxxxxxxxxxxxxxxxxxxxxxxxxxxxxxxxxxxxxxxxxxxxxxxxxxxxxxxxxxxxxxxxxxxxxxxxxxxxxxxxxxxxxxxxxxxxxxxxxxxxxxxxxxxxxxxxxxxxxxxxxxxxx
2026-09-09 23:41:49 [INFO] tools: メモを追加しました（memo_865）: bulk memo 82 xxxxxxxxxxxxxxxxxxxxxxxxxxxxxxxxxxxxxxxxxxxxxxxxxxxxxxxxxxxxxxxxxxxxxxxxxxxxxxxxxxxxxxxxxxxxxxxxxxxxxxxxxxxxxxxxxxxxxxxxxxxxxxxxxxxxxxxxxxxxxxxxxxxxxxxxxxxxxxxxxxxxxxxxxxxxxxxxxxxxxxxxxxxxxxxxxxxxxxxxxxxxxxxxxxxxxxxxxxxxxxxxxxxxxxxxxxxxxxxxxxxxxxxxxxxxxxxxxxxxxxxxxxxxxxxxxxxxxxxxxxxxxxxxxxxxxxxxxxxxxxxxxxxxxxxxxxxxxxxxxxxxxxxxxxxxxxxxxxxxxxxxxxxxxxxxxxxxxxxxxxxxxxxxxxxxxxxxxxxxxxxxxxxxxxxxxxxxxxxx
2026-09-09 23:41:49 [INFO] tools: メモを追加しました（memo_866）: bulk memo 83 xxxxxxxxxxxxxxxxxxxxxxxxxxxxxxxxxxxxxxxxxxxxxxxxxxxxxxxxxxxxxxxxxxxxxxxxxxxxxxxxxxxxxxxxxxxxxxxxxxxxxxxxxxxxxxxxxxxxxxxxxxxxxxxxxxxxxxxxxxxxxxxxxxxxxxxxxxxxxxxxxxxxxxxxxxxxxxxxxxxxxxxxxxxxxxxxxxxxxxxxxxxxxxxxxxxxxxxxxxxxxxxxxxxxxxxxxxxxxxxxxxxxxxxxxxxxxxxxxxxxxxxxxxxxxxxxxxxxxxxxxxxxxxxxxxxxxxxxxxxxxxxxxxxxxxxxxxxxxxxxxxxxxxxxxxxxxxxxxxxxxxxxxxxxxxxxxxxxxxxxxxxxxxxxxxxxxxxxxxxxxxxxxxxxxxxxxxxxxxxx
2026-09-09 23:41:49 [INFO] tools: メモを追加しました（memo_867）: bulk memo 84 xxxxxxxxxxxxxxxxxxxxxxxxxxxxxxxxxxxxxxxxxxxxxxxxxxxxxxxxxxxxxxxxxxxxxxxxxxxxxxxxxxxxxxxxxxxxxxxxxxxxxxxxxxxxxxxxxxxxxxxxxxxxxxxxxxxxxxxxxxxxxxxxxxxxxxxxxxxxxxxxxxxxxxxxxxxxxxxxxxxxxxxxxxxxxxxxxxxxxxxxxxxxxxxxxxxxxxxxxxxxxxxxxxxxxxxxxxxxxxxxxxxxxxxxxxxxxxxxxxxxxxxxxxxxxxxxxxxxxxxxxxxxxxxxxxxxxxxxxxxxxxxxxxxxxxxxxxxxxxxxxxxxxxxxxxxxxxxxxxxxxxxxxxxxxxxxxxxxxxxxxxxxxxxxxxxxxxxxxxxxxxxxxxxxxxxxxxxxxxxx
2026-09-09 23:41:49 [INFO] tools: メモを追加しました（memo_868）: bulk memo 85 xxxxxxxxxxxxxxxxxxxxxxxxxxxxxxxxxxxxxxxxxxxxxxxxxxxxxxxxxxxxxxxxxxxxxxxxxxxxxxxxxxxxxxxxxxxxxxxxxxxxxxxxxxxxxxxxxxxxxxxxxxxxxxxxxxxxxxxxxxxxxxxxxxxxxxxxxxxxxxxxxxxxxxxxxxxxxxxxxxxxxxxxxxxxxxxxxxxxxxxxxxxxxxxxxxxxxxxxxxxxxxxxxxxxxxxxxxxxxxxxxxxxxxxxxxxxxxxxxxxxxxxxxxxxxxxxxxxxxxxxxxxxxxxxxxxxxxxxxxxxxxxxxxxxxxxxxxxxxxxxxxxxxxxxxxxxxxxxxxxxxxxxxxxxxxxxxxxxxxxxxxxxxxxxxxxxxxxxxxxxxxxxxxxxxxxxxxxxxxxx
2026-09-09 23:41:49 [INFO] tools: メモを追加しました（memo_869）: bulk memo 86 xxxxxxxxxxxxxxxxxxxxxxxxxxxxxxxxxxxxxxxxxxxxxxxxxxxxxxxxxxxxxxxxxxxxxxxxxxxxxxxxxxxxxxxxxxxxxxxxxxxxxxxxxxxxxxxxxxxxxxxxxxxxxxxxxxxxxxxxxxxxxxxxxxxxxxxxxxxxxxxxxxxxxxxxxxxxxxxxxxxxxxxxxxxxxxxxxxxxxxxxxxxxxxxxxxxxxxxxxxxxxxxxxxxxxxxxxxxxxxxxxxxxxxxxxxxxxxxxxxxxxxxxxxxxxxxxxxxxxxxxxxxxxxxxxxxxxxxxxxxxxxxxxxxxxxxxxxxxxxxxxxxxxxxxxxxxxxxxxxxxxxxxxxxxxxxxxxxxxxxxxxxxxxxxxxxxxxxxxxxxxxxxxxxxxxxxxxxxxxxx
2026-09-09 23:41:49 [INFO] tools: メモを追加しました（memo_870）: bulk memo 87 xxxxxxxxxxxxxxxxxxxxxxxxxxxxxxxxxxxxxxxxxxxxxxxxxxxxxxxxxxxxxxxxxxxxxxxxxxxxxxxxxxxxxxxxxxxxxxxxxxxxxxxxxxxxxxxxxxxxxxxxxxxxxxxxxxxxxxxxxxxxxxxxxxxxxxxxxxxxxxxxxxxxxxxxxxxxxxxxxxxxxxxxxxxxxxxxxxxxxxxxxxxxxxxxxxxxxxxxxxxxxxxxxxxxxxxxxxxxxxxxxxxxxxxxxxxxxxxxxxxxxxxxxxxxxxxxxxxxxxxxxxxxxxxxxxxxxxxxxxxxxxxxxxxxxxxxxxxxxxxxxxxxxxxxxxxxxxxxxxxxxxxxxxxxxxxxxxxxxxxxxxxxxxxxxxxxxxxxxxxxxxxxxxxxxxxxxxxxxxxx
2026-09-09 23:41:49 [INFO] tools: メモを追加しました（memo_871）: bulk memo 88 xxxxxxxxxxxxxxxxxxxxxxxxxxxxxxxxxxxxxxxxxxxxxxxxxxxxxxxxxxxxxxxxxxxxxxxxxxxxxxxxxxxxxxxxxxxxxxxxxxxxxxxxxxxxxxxxxxxxxxxxxxxxxxxxxxxxxxxxxxxxxxxxxxxxxxxxxxxxxxxxxxxxxxxxxxxxxxxxxxxxxxxxxxxxxxxxxxxxxxxxxxxxxxxxxxxxxxxxxxxxxxxxxxxxxxxxxxxxxxxxxxxxxxxxxxxxxxxxxxxxxxxxxxxxxxxxxxxxxxxxxxxxxxxxxxxxxxxxxxxxxxxxxxxxxxxxxxxxxxxxxxxxxxxxxxxxxxxxxxxxxxxxxxxxxxxxxxxxxxxxxxxxxxxxxxxxxxxxxxxxxxxxxxxxxxxxxxxxxxxx
2026-09-09 23:41:49 [INFO] tools: メモを追加しました（memo_872）: bulk memo 89 xxxxxxxxxxxxxxxxxxxxxxxxxxxxxxxxxxxxxxxxxxxxxxxxxxxxxxxxxxxxxxxxxxxxxxxxxxxxxxxxxxxxxxxxxxxxxxxxxxxxxxxxxxxxxxxxxxxxxxxxxxxxxxxxxxxxxxxxxxxxxxxxxxxxxxxxxxxxxxxxxxxxxxxxxxxxxxxxxxxxxxxxxxxxxxxxxxxxxxxxxxxxxxxxxxxxxxxxxxxxxxxxxxxxxxxxxxxxxxxxxxxxxxxxxxxxxxxxxxxxxxxxxxxxxxxxxxxxxxxxxxxxxxxxxxxxxxxxxxxxxxxxxxxxxxxxxxxxxxxxxxxxxxxxxxxxxxxxxxxxxxxxxxxxxxxxxxxxxxxxxxxxxxxxxxxxxxxxxxxxxxxxxxxxxxxxxxxxxxxx
2026-09-09 23:41:49 [INFO] tools: メモを追加しました（memo_873）: bulk memo 90 xxxxxxxxxxxxxxxxxxxxxxxxxxxxxxxxxxxxxxxxxxxxxxxxxxxxxxxxxxxxxxxxxxxxxxxxxxxxxxxxxxxxxxxxxxxxxxxxxxxxxxxxxxxxxxxxxxxxxxxxxxxxxxxxxxxxxxxxxxxxxxxxxxxxxxxxxxxxxxxxxxxxxxxxxxxxxxxxxxxxxxxxxxxxxxxxxxxxxxxxxxxxxxxxxxxxxxxxxxxxxxxxxxxxxxxxxxxxxxxxxxxxxxxxxxxxxxxxxxxxxxxxxxxxxxxxxxxxxxxxxxxxxxxxxxxxxxxxxxxxxxxxxxxxxxxxxxxxxxxxxxxxxxxxxxxxxxxxxxxxxxxxxxxxxxxxxxxxxxxxxxxxxxxxxxxxxxxxxxxxxxxxxxxxxxxxxxxxxxxx
2026-09-09 23:41:49 [INFO] tools: メモを追加しました（memo_874）: bulk memo 91 xxxxxxxxxxxxxxxxxxxxxxxxxxxxxxxxxxxxxxxxxxxxxxxxxxxxxxxxxxxxxxxxxxxxxxxxxxxxxxxxxxxxxxxxxxxxxxxxxxxxxxxxxxxxxxxxxxxxxxxxxxxxxxxxxxxxxxxxxxxxxxxxxxxxxxxxxxxxxxxxxxxxxxxxxxxxxxxxxxxxxxxxxxxxxxxxxxxxxxxxxxxxxxxxxxxxxxxxxxxxxxxxxxxxxxxxxxxxxxxxxxxxxxxxxxxxxxxxxxxxxxxxxxxxxxxxxxxxxxxxxxxxxxxxxxxxxxxxxxxxxxxxxxxxxxxxxxxxxxxxxxxxxxxxxxxxxxxxxxxxxxxxxxxxxxxxxxxxxxxxxxxxxxxxxxxxxxxxxxxxxxxxxxxxxxxxxxxxxxxx
2026-09-09 23:41:49 [INFO] tools: メモを追加しました（memo_875）: bulk memo 92 xxxxxxxxxxxxxxxxxxxxxxxxxxxxxxxxxxxxxxxxxxxxxxxxxxxxxxxxxxxxxxxxxxxxxxxxxxxxxxxxxxxxxxxxxxxxxxxxxxxxxxxxxxxxxxxxxxxxxxxxxxxxxxxxxxxxxxxxxxxxxxxxxxxxxxxxxxxxxxxxxxxxxxxxxxxxxxxxxxxxxxxxxxxxxxxxxxxxxxxxxxxxxxxxxxxxxxxxxxxxxxxxxxxxxxxxxxxxxxxxxxxxxxxxxxxxxxxxxxxxxxxxxxxxxxxxxxxxxxxxxxxxxxxxxxxxxxxxxxxxxxxxxxxxxxxxxxxxxxxxxxxxxxxxxxxxxxxxxxxxxxxxxxxxxxxxxxxxxxxxxxxxxxxxxxxxxxxxxxxxxxxxxxxxxxxxxxxxxxxx
2026-09-09 23:41:49 [INFO] tools: メモを追加しました（memo_876）: bulk memo 93 xxxxxxxxxxxxxxxxxxxxxxxxxxxxxxxxxxxxxxxxxxxxxxxxxxxxxxxxxxxxxxxxxxxxxxxxxxxxxxxxxxxxxxxxxxxxxxxxxxxxxxxxxxxxxxxxxxxxxxxxxxxxxxxxxxxxxxxxxxxxxxxxxxxxxxxxxxxxxxxxxxxxxxxxxxxxxxxxxxxxxxxxxxxxxxxxxxxxxxxxxxxxxxxxxxxxxxxxxxxxxxxxxxxxxxxxxxxxxxxxxxxxxxxxxxxxxxxxxxxxxxxxxxxxxxxxxxxxxxxxxxxxxxxxxxxxxxxxxxxxxxxxxxxxxxxxxxxxxxxxxxxxxxxxxxxxxxxxxxxxxxxxxxxxxxxxxxxxxxxxxxxxxxxxxxxxxxxxxxxxxxxxxxxxxxxxxxxxxxxx
2026-09-09 23:41:49 [INFO] tools: メモを追加しました（memo_877）: bulk memo 94 xxxxxxxxxxxxxxxxxxxxxxxxxxxxxxxxxxxxxxxxxxxxxxxxxxxxxxxxxxxxxxxxxxxxxxxxxxxxxxxxxxxxxxxxxxxxxxxxxxxxxxxxxxxxxxxxxxxxxxxxxxxxxxxxxxxxxxxxxxxxxxxxxxxxxxxxxxxxxxxxxxxxxxxxxxxxxxxxxxxxxxxxxxxxxxxxxxxxxxxxxxxxxxxxxxxxxxxxxxxxxxxxxxxxxxxxxxxxxxxxxxxxxxxxxxxxxxxxxxxxxxxxxxxxxxxxxxxxxxxxxxxxxxxxxxxxxxxxxxxxxxxxxxxxxxxxxxxxxxxxxxxxxxxxxxxxxxxxxxxxxxxxxxxxxxxxxxxxxxxxxxxxxxxxxxxxxxxxxxxxxxxxxxxxxxxxxxxxxxxx
2026-09-09 23:41:49 [INFO] tools: メモを追加しました（memo_878）: bulk memo 95 xxxxxxxxxxxxxxxxxxxxxxxxxxxxxxxxxxxxxxxxxxxxxxxxxxxxxxxxxxxxxxxxxxxxxxxxxxxxxxxxxxxxxxxxxxxxxxxxxxxxxxxxxxxxxxxxxxxxxxxxxxxxxxxxxxxxxxxxxxxxxxxxxxxxxxxxxxxxxxxxxxxxxxxxxxxxxxxxxxxxxxxxxxxxxxxxxxxxxxxxxxxxxxxxxxxxxxxxxxxxxxxxxxxxxxxxxxxxxxxxxxxxxxxxxxxxxxxxxxxxxxxxxxxxxxxxxxxxxxxxxxxxxxxxxxxxxxxxxxxxxxxxxxxxxxxxxxxxxxxxxxxxxxxxxxxxxxxxxxxxxxxxxxxxxxxxxxxxxxxxxxxxxxxxxxxxxxxxxxxxxxxxxxxxxxxxxxxxxxxx
2026-09-09 23:41:49 [INFO] tools: メモを追加しました（memo_879）: bulk memo 96 xxxxxxxxxxxxxxxxxxxxxxxxxxxxxxxxxxxxxxxxxxxxxxxxxxxxxxxxxxxxxxxxxxxxxxxxxxxxxxxxxxxxxxxxxxxxxxxxxxxxxxxxxxxxxxxxxxxxxxxxxxxxxxxxxxxxxxxxxxxxxxxxxxxxxxxxxxxxxxxxxxxxxxxxxxxxxxxxxxxxxxxxxxxxxxxxxxxxxxxxxxxxxxxxxxxxxxxxxxxxxxxxxxxxxxxxxxxxxxxxxxxxxxxxxxxxxxxxxxxxxxxxxxxxxxxxxxxxxxxxxxxxxxxxxxxxxxxxxxxxxxxxxxxxxxxxxxxxxxxxxxxxxxxxxxxxxxxxxxxxxxxxxxxxxxxxxxxxxxxxxxxxxxxxxxxxxxxxxxxxxxxxxxxxxxxxxxxxxxxx
2026-09-09 23:41:49 [INFO] tools: メモを追加しました（memo_880）: bulk memo 97 xxxxxxxxxxxxxxxxxxxxxxxxxxxxxxxxxxxxxxxxxxxxxxxxxxxxxxxxxxxxxxxxxxxxxxxxxxxxxxxxxxxxxxxxxxxxxxxxxxxxxxxxxxxxxxxxxxxxxxxxxxxxxxxxxxxxxxxxxxxxxxxxxxxxxxxxxxxxxxxxxxxxxxxxxxxxxxxxxxxxxxxxxxxxxxxxxxxxxxxxxxxxxxxxxxxxxxxxxxxxxxxxxxxxxxxxxxxxxxxxxxxxxxxxxxxxxxxxxxxxxxxxxxxxxxxxxxxxxxxxxxxxxxxxxxxxxxxxxxxxxxxxxxxxxxxxxxxxxxxxxxxxxxxxxxxxxxxxxxxxxxxxxxxxxxxxxxxxxxxxxxxxxxxxxxxxxxxxxxxxxxxxxxxxxxxxxxxxxxxx
2026-09-09 23:41:49 [INFO] tools: メモを追加しました（memo_881）: bulk memo 98 xxxxxxxxxxxxxxxxxxxxxxxxxxxxxxxxxxxxxxxxxxxxxxxxxxxxxxxxxxxxxxxxxxxxxxxxxxxxxxxxxxxxxxxxxxxxxxxxxxxxxxxxxxxxxxxxxxxxxxxxxxxxxxxxxxxxxxxxxxxxxxxxxxxxxxxxxxxxxxxxxxxxxxxxxxxxxxxxxxxxxxxxxxxxxxxxxxxxxxxxxxxxxxxxxxxxxxxxxxxxxxxxxxxxxxxxxxxxxxxxxxxxxxxxxxxxxxxxxxxxxxxxxxxxxxxxxxxxxxxxxxxxxxxxxxxxxxxxxxxxxxxxxxxxxxxxxxxxxxxxxxxxxxxxxxxxxxxxxxxxxxxxxxxxxxxxxxxxxxxxxxxxxxxxxxxxxxxxxxxxxxxxxxxxxxxxxxxxxxxx
2026-09-09 23:41:49 [INFO] tools: メモを追加しました（memo_882）: bulk memo 99 xxxxxxxxxxxxxxxxxxxxxxxxxxxxxxxxxxxxxxxxxxxxxxxxxxxxxxxxxxxxxxxxxxxxxxxxxxxxxxxxxxxxxxxxxxxxxxxxxxxxxxxxxxxxxxxxxxxxxxxxxxxxxxxxxxxxxxxxxxxxxxxxxxxxxxxxxxxxxxxxxxxxxxxxxxxxxxxxxxxxxxxxxxxxxxxxxxxxxxxxxxxxxxxxxxxxxxxxxxxxxxxxxxxxxxxxxxxxxxxxxxxxxxxxxxxxxxxxxxxxxxxxxxxxxxxxxxxxxxxxxxxxxxxxxxxxxxxxxxxxxxxxxxxxxxxxxxxxxxxxxxxxxxxxxxxxxxxxxxxxxxxxxxxxxxxxxxxxxxxxxxxxxxxxxxxxxxxxxxxxxxxxxxxxxxxxxxxxxxxx
2026-09-09 23:41:49 [INFO] tools: メモを追加しました（memo_883）: bulk memo 100 xxxxxxxxxxxxxxxxxxxxxxxxxxxxxxxxxxxxxxxxxxxxxxxxxxxxxxxxxxxxxxxxxxxxxxxxxxxxxxxxxxxxxxxxxxxxxxxxxxxxxxxxxxxxxxxxxxxxxxxxxxxxxxxxxxxxxxxxxxxxxxxxxxxxxxxxxxxxxxxxxxxxxxxxxxxxxxxxxxxxxxxxxxxxxxxxxxxxxxxxxxxxxxxxxxxxxxxxxxxxxxxxxxxxxxxxxxxxxxxxxxxxxxxxxxxxxxxxxxxxxxxxxxxxxxxxxxxxxxxxxxxxxxxxxxxxxxxxxxxxxxxxxxxxxxxxxxxxxxxxxxxxxxxxxxxxxxxxxxxxxxxxxxxxxxxxxxxxxxxxxxxxxxxxxxxxxxxxxxxxxxxxxxxxxxxxxxxxxxxx
2026-09-09 23:41:49 [INFO] tools: メモを追加しました（memo_884）: bulk memo 101 xxxxxxxxxxxxxxxxxxxxxxxxxxxxxxxxxxxxxxxxxxxxxxxxxxxxxxxxxxxxxxxxxxxxxxxxxxxxxxxxxxxxxxxxxxxxxxxxxxxxxxxxxxxxxxxxxxxxxxxxxxxxxxxxxxxxxxxxxxxxxxxxxxxxxxxxxxxxxxxxxxxxxxxxxxxxxxxxxxxxxxxxxxxxxxxxxxxxxxxxxxxxxxxxxxxxxxxxxxxxxxxxxxxxxxxxxxxxxxxxxxxxxxxxxxxxxxxxxxxxxxxxxxxxxxxxxxxxxxxxxxxxxxxxxxxxxxxxxxxxxxxxxxxxxxxxxxxxxxxxxxxxxxxxxxxxxxxxxxxxxxxxxxxxxxxxxxxxxxxxxxxxxxxxxxxxxxxxxxxxxxxxxxxxxxxxxxxxxxxx
2026-09-09 23:41:49 [INFO] tools: メモを追加しました（memo_885）: bulk memo 102 xxxxxxxxxxxxxxxxxxxxxxxxxxxxxxxxxxxxxxxxxxxxxxxxxxxxxxxxxxxxxxxxxxxxxxxxxxxxxxxxxxxxxxxxxxxxxxxxxxxxxxxxxxxxxxxxxxxxxxxxxxxxxxxxxxxxxxxxxxxxxxxxxxxxxxxxxxxxxxxxxxxxxxxxxxxxxxxxxxxxxxxxxxxxxxxxxxxxxxxxxxxxxxxxxxxxxxxxxxxxxxxxxxxxxxxxxxxxxxxxxxxxxxxxxxxxxxxxxxxxxxxxxxxxxxxxxxxxxxxxxxxxxxxxxxxxxxxxxxxxxxxxxxxxxxxxxxxxxxxxxxxxxxxxxxxxxxxxxxxxxxxxxxxxxxxxxxxxxxxxxxxxxxxxxxxxxxxxxxxxxxxxxxxxxxxxxxxxxxxx
2026-09-09 23:41:49 [INFO] tools: メモを追加しました（memo_886）: bulk memo 103 xxxxxxxxxxxxxxxxxxxxxxxxxxxxxxxxxxxxxxxxxxxxxxxxxxxxxxxxxxxxxxxxxxxxxxxxxxxxxxxxxxxxxxxxxxxxxxxxxxxxxxxxxxxxxxxxxxxxxxxxxxxxxxxxxxxxxxxxxxxxxxxxxxxxxxxxxxxxxxxxxxxxxxxxxxxxxxxxxxxxxxxxxxxxxxxxxxxxxxxxxxxxxxxxxxxxxxxxxxxxxxxxxxxxxxxxxxxxxxxxxxxxxxxxxxxxxxxxxxxxxxxxxxxxxxxxxxxxxxxxxxxxxxxxxxxxxxxxxxxxxxxxxxxxxxxxxxxxxxxxxxxxxxxxxxxxxxxxxxxxxxxxxxxxxxxxxxxxxxxxxxxxxxxxxxxxxxxxxxxxxxxxxxxxxxxxxxxxxxxx
2026-09-09 23:41:49 [INFO] tools: メモを追加しました（memo_887）: bulk memo 104 xxxxxxxxxxxxxxxxxxxxxxxxxxxxxxxxxxxxxxxxxxxxxxxxxxxxxxxxxxxxxxxxxxxxxxxxxxxxxxxxxxxxxxxxxxxxxxxxxxxxxxxxxxxxxxxxxxxxxxxxxxxxxxxxxxxxxxxxxxxxxxxxxxxxxxxxxxxxxxxxxxxxxxxxxxxxxxxxxxxxxxxxxxxxxxxxxxxxxxxxxxxxxxxxxxxxxxxxxxxxxxxxxxxxxxxxxxxxxxxxxxxxxxxxxxxxxxxxxxxxxxxxxxxxxxxxxxxxxxxxxxxxxxxxxxxxxxxxxxxxxxxxxxxxxxxxxxxxxxxxxxxxxxxxxxxxxxxxxxxxxxxxxxxxxxxxxxxxxxxxxxxxxxxxxxxxxxxxxxxxxxxxxxxxxxxxxxxxxxxx
2026-09-09 23:41:49 [INFO] tools: メモを追加しました（memo_888）: bulk memo 105 xxxxxxxxxxxxxxxxxxxxxxxxxxxxxxxxxxxxxxxxxxxxxxxxxxxxxxxxxxxxxxxxxxxxxxxxxxxxxxxxxxxxxxxxxxxxxxxxxxxxxxxxxxxxxxxxxxxxxxxxxxxxxxxxxxxxxxxxxxxxxxxxxxxxxxxxxxxxxxxxxxxxxxxxxxxxxxxxxxxxxxxxxxxxxxxxxxxxxxxxxxxxxxxxxxxxxxxxxxxxxxxxxxxxxxxxxxxxxxxxxxxxxxxxxxxxxxxxxxxxxxxxxxxxxxxxxxxxxxxxxxxxxxxxxxxxxxxxxxxxxxxxxxxxxxxxxxxxxxxxxxxxxxxxxxxxxxxxxxxxxxxxxxxxxxxxxxxxxxxxxxxxxxxxxxxxxxxxxxxxxxxxxxxxxxxxxxxxxxxx
2026-09-09 23:41:49 [INFO] tools: メモを追加しました（memo_889）: bulk memo 106 xxxxxxxxxxxxxxxxxxxxxxxxxxxxxxxxxxxxxxxxxxxxxxxxxxxxxxxxxxxxxxxxxxxxxxxxxxxxxxxxxxxxxxxxxxxxxxxxxxxxxxxxxxxxxxxxxxxxxxxxxxxxxxxxxxxxxxxxxxxxxxxxxxxxxxxxxxxxxxxxxxxxxxxxxxxxxxxxxxxxxxxxxxxxxxxxxxxxxxxxxxxxxxxxxxxxxxxxxxxxxxxxxxxxxxxxxxxxxxxxxxxxxxxxxxxxxxxxxxxxxxxxxxxxxxxxxxxxxxxxxxxxxxxxxxxxxxxxxxxxxxxxxxxxxxxxxxxxxxxxxxxxxxxxxxxxxxxxxxxxxxxxxxxxxxxxxxxxxxxxxxxxxxxxxxxxxxxxxxxxxxxxxxxxxxxxxxxxxxxx
2026-09-09 23:41:49 [INFO] tools: メモを追加しました（memo_890）: bulk memo 107 xxxxxxxxxxxxxxxxxxxxxxxxxxxxxxxxxxxxxxxxxxxxxxxxxxxxxxxxxxxxxxxxxxxxxxxxxxxxxxxxxxxxxxxxxxxxxxxxxxxxxxxxxxxxxxxxxxxxxxxxxxxxxxxxxxxxxxxxxxxxxxxxxxxxxxxxxxxxxxxxxxxxxxxxxxxxxxxxxxxxxxxxxxxxxxxxxxxxxxxxxxxxxxxxxxxxxxxxxxxxxxxxxxxxxxxxxxxxxxxxxxxxxxxxxxxxxxxxxxxxxxxxxxxxxxxxxxxxxxxxxxxxxxxxxxxxxxxxxxxxxxxxxxxxxxxxxxxxxxxxxxxxxxxxxxxxxxxxxxxxxxxxxxxxxxxxxxxxxxxxxxxxxxxxxxxxxxxxxxxxxxxxxxxxxxxxxxxxxxxx
2026-09-09 23:41:49 [INFO] tools: メモを追加しました（memo_891）: bulk memo 108 xxxxxxxxxxxxxxxxxxxxxxxxxxxxxxxxxxxxxxxxxxxxxxxxxxxxxxxxxxxxxxxxxxxxxxxxxxxxxxxxxxxxxxxxxxxxxxxxxxxxxxxxxxxxxxxxxxxxxxxxxxxxxxxxxxxxxxxxxxxxxxxxxxxxxxxxxxxxxxxxxxxxxxxxxxxxxxxxxxxxxxxxxxxxxxxxxxxxxxxxxxxxxxxxxxxxxxxxxxxxxxxxxxxxxxxxxxxxxxxxxxxxxxxxxxxxxxxxxxxxxxxxxxxxxxxxxxxxxxxxxxxxxxxxxxxxxxxxxxxxxxxxxxxxxxxxxxxxxxxxxxxxxxxxxxxxxxxxxxxxxxxxxxxxxxxxxxxxxxxxxxxxxxxxxxxxxxxxxxxxxxxxxxxxxxxxxxxxxxxx
2026-09-09 23:41:49 [INFO] tools: メモを追加しました（memo_892）: bulk memo 109 xxxxxxxxxxxxxxxxxxxxxxxxxxxxxxxxxxxxxxxxxxxxxxxxxxxxxxxxxxxxxxxxxxxxxxxxxxxxxxxxxxxxxxxxxxxxxxxxxxxxxxxxxxxxxxxxxxxxxxxxxxxxxxxxxxxxxxxxxxxxxxxxxxxxxxxxxxxxxxxxxxxxxxxxxxxxxxxxxxxxxxxxxxxxxxxxxxxxxxxxxxxxxxxxxxxxxxxxxxxxxxxxxxxxxxxxxxxxxxxxxxxxxxxxxxxxxxxxxxxxxxxxxxxxxxxxxxxxxxxxxxxxxxxxxxxxxxxxxxxxxxxxxxxxxxxxxxxxxxxxxxxxxxxxxxxxxxxxxxxxxxxxxxxxxxxxxxxxxxxxxxxxxxxxxxxxxxxxxxxxxxxxxxxxxxxxxxxxxxxx
2026-09-09 23:41:49 [INFO] tools: メモを追加しました（memo_893）: bulk memo 110 xxxxxxxxxxxxxxxxxxxxxxxxxxxxxxxxxxxxxxxxxxxxxxxxxxxxxxxxxxxxxxxxxxxxxxxxxxxxxxxxxxxxxxxxxxxxxxxxxxxxxxxxxxxxxxxxxxxxxxxxxxxxxxxxxxxxxxxxxxxxxxxxxxxxxxxxxxxxxxxxxxxxxxxxxxxxxxxxxxxxxxxxxxxxxxxxxxxxxxxxxxxxxxxxxxxxxxxxxxxxxxxxxxxxxxxxxxxxxxxxxxxxxxxxxxxxxxxxxxxxxxxxxxxxxxxxxxxxxxxxxxxxxxxxxxxxxxxxxxxxxxxxxxxxxxxxxxxxxxxxxxxxxxxxxxxxxxxxxxxxxxxxxxxxxxxxxxxxxxxxxxxxxxxxxxxxxxxxxxxxxxxxxxxxxxxxxxxxxxxx
2026-09-09 23:41:49 [INFO] tools: メモを追加しました（memo_894）: bulk memo 111 xxxxxxxxxxxxxxxxxxxxxxxxxxxxxxxxxxxxxxxxxxxxxxxxxxxxxxxxxxxxxxxxxxxxxxxxxxxxxxxxxxxxxxxxxxxxxxxxxxxxxxxxxxxxxxxxxxxxxxxxxxxxxxxxxxxxxxxxxxxxxxxxxxxxxxxxxxxxxxxxxxxxxxxxxxxxxxxxxxxxxxxxxxxxxxxxxxxxxxxxxxxxxxxxxxxxxxxxxxxxxxxxxxxxxxxxxxxxxxxxxxxxxxxxxxxxxxxxxxxxxxxxxxxxxxxxxxxxxxxxxxxxxxxxxxxxxxxxxxxxxxxxxxxxxxxxxxxxxxxxxxxxxxxxxxxxxxxxxxxxxxxxxxxxxxxxxxxxxxxxxxxxxxxxxxxxxxxxxxxxxxxxxxxxxxxxxxxxxxxx
2026-09-09 23:41:49 [INFO] tools: メモを追加しました（memo_895）: bulk memo 112 xxxxxxxxxxxxxxxxxxxxxxxxxxxxxxxxxxxxxxxxxxxxxxxxxxxxxxxxxxxxxxxxxxxxxxxxxxxxxxxxxxxxxxxxxxxxxxxxxxxxxxxxxxxxxxxxxxxxxxxxxxxxxxxxxxxxxxxxxxxxxxxxxxxxxxxxxxxxxxxxxxxxxxxxxxxxxxxxxxxxxxxxxxxxxxxxxxxxxxxxxxxxxxxxxxxxxxxxxxxxxxxxxxxxxxxxxxxxxxxxxxxxxxxxxxxxxxxxxxxxxxxxxxxxxxxxxxxxxxxxxxxxxxxxxxxxxxxxxxxxxxxxxxxxxxxxxxxxxxxxxxxxxxxxxxxxxxxxxxxxxxxxxxxxxxxxxxxxxxxxxxxxxxxxxxxxxxxxxxxxxxxxxxxxxxxxxxxxxxxx
2026-09-09 23:41:49 [INFO] tools: メモを追加しました（memo_896）: bulk memo 113 xxxxxxxxxxxxxxxxxxxxxxxxxxxxxxxxxxxxxxxxxxxxxxxxxxxxxxxxxxxxxxxxxxxxxxxxxxxxxxxxxxxxxxxxxxxxxxxxxxxxxxxxxxxxxxxxxxxxxxxxxxxxxxxxxxxxxxxxxxxxxxxxxxxxxxxxxxxxxxxxxxxxxxxxxxxxxxxxxxxxxxxxxxxxxxxxxxxxxxxxxxxxxxxxxxxxxxxxxxxxxxxxxxxxxxxxxxxxxxxxxxxxxxxxxxxxxxxxxxxxxxxxxxxxxxxxxxxxxxxxxxxxxxxxxxxxxxxxxxxxxxxxxxxxxxxxxxxxxxxxxxxxxxxxxxxxxxxxxxxxxxxxxxxxxxxxxxxxxxxxxxxxxxxxxxxxxxxxxxxxxxxxxxxxxxxxxxxxxxxx
2026-09-09 23:41:49 [INFO] tools: メモを追加しました（memo_897）: bulk memo 114 xxxxxxxxxxxxxxxxxxxxxxxxxxxxxxxxxxxxxxxxxxxxxxxxxxxxxxxxxxxxxxxxxxxxxxxxxxxxxxxxxxxxxxxxxxxxxxxxxxxxxxxxxxxxxxxxxxxxxxxxxxxxxxxxxxxxxxxxxxxxxxxxxxxxxxxxxxxxxxxxxxxxxxxxxxxxxxxxxxxxxxxxxxxxxxxxxxxxxxxxxxxxxxxxxxxxxxxxxxxxxxxxxxxxxxxxxxxxxxxxxxxxxxxxxxxxxxxxxxxxxxxxxxxxxxxxxxxxxxxxxxxxxxxxxxxxxxxxxxxxxxxxxxxxxxxxxxxxxxxxxxxxxxxxxxxxxxxxxxxxxxxxxxxxxxxxxxxxxxxxxxxxxxxxxxxxxxxxxxxxxxxxxxxxxxxxxxxxxxxx
2026-09-09 23:41:49 [INFO] tools: メモを追加しました（memo_898）: bulk memo 115 xxxxxxxxxxxxxxxxxxxxxxxxxxxxxxxxxxxxxxxxxxxxxxxxxxxxxxxxxxxxxxxxxxxxxxxxxxxxxxxxxxxxxxxxxxxxxxxxxxxxxxxxxxxxxxxxxxxxxxxxxxxxxxxxxxxxxxxxxxxxxxxxxxxxxxxxxxxxxxxxxxxxxxxxxxxxxxxxxxxxxxxxxxxxxxxxxxxxxxxxxxxxxxxxxxxxxxxxxxxxxxxxxxxxxxxxxxxxxxxxxxxxxxxxxxxxxxxxxxxxxxxxxxxxxxxxxxxxxxxxxxxxxxxxxxxxxxxxxxxxxxxxxxxxxxxxxxxxxxxxxxxxxxxxxxxxxxxxxxxxxxxxxxxxxxxxxxxxxxxxxxxxxxxxxxxxxxxxxxxxxxxxxxxxxxxxxxxxxxxx
2026-09-09 23:41:49 [INFO] tools: メモを追加しました（memo_899）: bulk memo 116 xxxxxxxxxxxxxxxxxxxxxxxxxxxxxxxxxxxxxxxxxxxxxxxxxxxxxxxxxxxxxxxxxxxxxxxxxxxxxxxxxxxxxxxxxxxxxxxxxxxxxxxxxxxxxxxxxxxxxxxxxxxxxxxxxxxxxxxxxxxxxxxxxxxxxxxxxxxxxxxxxxxxxxxxxxxxxxxxxxxxxxxxxxxxxxxxxxxxxxxxxxxxxxxxxxxxxxxxxxxxxxxxxxxxxxxxxxxxxxxxxxxxxxxxxxxxxxxxxxxxxxxxxxxxxxxxxxxxxxxxxxxxxxxxxxxxxxxxxxxxxxxxxxxxxxxxxxxxxxxxxxxxxxxxxxxxxxxxxxxxxxxxxxxxxxxxxxxxxxxxxxxxxxxxxxxxxxxxxxxxxxxxxxxxxxxxxxxxxxxx
2026-09-09 23:41:49 [INFO] tools: メモを追加しました（memo_900）: bulk memo 117 xxxxxxxxxxxxxxxxxxxxxxxxxxxxxxxxxxxxxxxxxxxxxxxxxxxxxxxxxxxxxxxxxxxxxxxxxxxxxxxxxxxxxxxxxxxxxxxxxxxxxxxxxxxxxxxxxxxxxxxxxxxxxxxxxxxxxxxxxxxxxxxxxxxxxxxxxxxxxxxxxxxxxxxxxxxxxxxxxxxxxxxxxxxxxxxxxxxxxxxxxxxxxxxxxxxxxxxxxxxxxxxxxxxxxxxxxxxxxxxxxxxxxxxxxxxxxxxxxxxxxxxxxxxxxxxxxxxxxxxxxxxxxxxxxxxxxxxxxxxxxxxxxxxxxxxxxxxxxxxxxxxxxxxxxxxxxxxxxxxxxxxxxxxxxxxxxxxxxxxxxxxxxxxxxxxxxxxxxxxxxxxxxxxxxxxxxxxxxxxx
2026-09-09 23:41:49 [INFO] tools: メモを追加しました（memo_901）: bulk memo 118 xxxxxxxxxxxxxxxxxxxxxxxxxxxxxxxxxxxxxxxxxxxxxxxxxxxxxxxxxxxxxxxxxxxxxxxxxxxxxxxxxxxxxxxxxxxxxxxxxxxxxxxxxxxxxxxxxxxxxxxxxxxxxxxxxxxxxxxxxxxxxxxxxxxxxxxxxxxxxxxxxxxxxxxxxxxxxxxxxxxxxxxxxxxxxxxxxxxxxxxxxxxxxxxxxxxxxxxxxxxxxxxxxxxxxxxxxxxxxxxxxxxxxxxxxxxxxxxxxxxxxxxxxxxxxxxxxxxxxxxxxxxxxxxxxxxxxxxxxxxxxxxxxxxxxxxxxxxxxxxxxxxxxxxxxxxxxxxxxxxxxxxxxxxxxxxxxxxxxxxxxxxxxxxxxxxxxxxxxxxxxxxxxxxxxxxxxxxxxxxx
2026-09-09 23:41:49 [INFO] tools: メモを追加しました（memo_902）: bulk memo 119 xxxxxxxxxxxxxxxxxxxxxxxxxxxxxxxxxxxxxxxxxxxxxxxxxxxxxxxxxxxxxxxxxxxxxxxxxxxxxxxxxxxxxxxxxxxxxxxxxxxxxxxxxxxxxxxxxxxxxxxxxxxxxxxxxxxxxxxxxxxxxxxxxxxxxxxxxxxxxxxxxxxxxxxxxxxxxxxxxxxxxxxxxxxxxxxxxxxxxxxxxxxxxxxxxxxxxxxxxxxxxxxxxxxxxxxxxxxxxxxxxxxxxxxxxxxxxxxxxxxxxxxxxxxxxxxxxxxxxxxxxxxxxxxxxxxxxxxxxxxxxxxxxxxxxxxxxxxxxxxxxxxxxxxxxxxxxxxxxxxxxxxxxxxxxxxxxxxxxxxxxxxxxxxxxxxxxxxxxxxxxxxxxxxxxxxxxxxxxxxx
2026-09-09 23:41:49 [WARNING] tools: メモ一覧が非常に大きいです: 51249文字
2026-09-09 23:41:49 [INFO] tools: メモ一覧を取得しました（120件）
2026-09-09 23:41:49 [WARNING] tools: 検索結果が非常に大きいです: 51249文字
2026-09-09 23:41:49 [INFO] tools: メモを検索しました（キーワード: bulk、結果: 120件）
2026-09-09 23:41:49 [INFO] db: SQLiteデータベースを初期化しました: C:\Users\kouki\Downloads\j\jarvis.db
2026-09-09 23:41:49 [INFO] db: SQLiteデータベースを初期化しました: C:\Users\kouki\Downloads\j\jarvis.db
2026-09-09 23:41:49 [INFO] db: SQLiteデータベースを初期化しました: C:\Users\kouki\Downloads\j\jarvis.db
2026-09-09 23:41:49 [INFO] db: SQLiteデータベースを初期化しました: C:\Users\kouki\Downloads\j\jarvis.db
2026-09-09 23:41:49 [INFO] db: SQLiteデータベースを初期化しました: C:\Users\kouki\Downloads\j\jarvis.db
2026-09-09 23:41:49 [INFO] db: SQLiteデータベースを初期化しました: C:\Users\kouki\Downloads\j\jarvis.db
2026-09-09 23:41:49 [INFO] tools: メモを追加しました（memo_903）: state transition
2026-09-09 23:41:49 [INFO] tools: メモを完了状態にしました（memo_903）
2026-09-09 23:41:49 [INFO] tools: メモ一覧を取得しました（1件）
2026-09-09 23:41:49 [INFO] db: SQLiteデータベースを初期化しました: C:\Users\kouki\Downloads\j\jarvis.db
2026-09-09 23:41:49 [INFO] tools: メモを追加しました（memo_904）: timestamp check
2026-09-09 23:41:49 [INFO] db: SQLiteデータベースを初期化しました: C:\Users\kouki\Downloads\j\jarvis.db
2026-09-09 23:41:50 [INFO] tools: メモを追加しました（memo_905）: concurrent 2
2026-09-09 23:41:50 [INFO] tools: メモを追加しました（memo_906）: concurrent 1
2026-09-09 23:41:50 [INFO] tools: メモを追加しました（memo_907）: concurrent 7
2026-09-09 23:41:50 [INFO] tools: メモを追加しました（memo_908）: concurrent 0
2026-09-09 23:41:50 [INFO] tools: メモを追加しました（memo_909）: concurrent 4
2026-09-09 23:41:50 [INFO] tools: メモを追加しました（memo_910）: concurrent 9
2026-09-09 23:41:50 [INFO] tools: メモを追加しました（memo_911）: concurrent 8
2026-09-09 23:41:50 [INFO] tools: メモを追加しました（memo_912）: concurrent 10
2026-09-09 23:41:50 [INFO] tools: メモを追加しました（memo_913）: concurrent 13
2026-09-09 23:41:50 [INFO] tools: メモを追加しました（memo_914）: concurrent 14
2026-09-09 23:41:50 [INFO] tools: メモを追加しました（memo_915）: concurrent 5
2026-09-09 23:41:50 [INFO] tools: メモを追加しました（memo_916）: concurrent 15
2026-09-09 23:41:50 [INFO] tools: メモを追加しました（memo_917）: concurrent 17
2026-09-09 23:41:50 [INFO] tools: メモを追加しました（memo_918）: concurrent 6
2026-09-09 23:41:50 [INFO] tools: メモを追加しました（memo_919）: concurrent 16
2026-09-09 23:41:50 [INFO] tools: メモを追加しました（memo_920）: concurrent 12
2026-09-09 23:41:50 [INFO] tools: メモを追加しました（memo_921）: concurrent 20
2026-09-09 23:41:50 [INFO] tools: メモを追加しました（memo_922）: concurrent 22
2026-09-09 23:41:50 [INFO] tools: メモを追加しました（memo_923）: concurrent 25
2026-09-09 23:41:50 [INFO] tools: メモを追加しました（memo_924）: concurrent 23
2026-09-09 23:41:50 [INFO] tools: メモを追加しました（memo_925）: concurrent 26
2026-09-09 23:41:50 [INFO] tools: メモを追加しました（memo_926）: concurrent 27
2026-09-09 23:41:50 [INFO] tools: メモを追加しました（memo_927）: concurrent 18
2026-09-09 23:41:50 [INFO] tools: メモを追加しました（memo_928）: concurrent 28
2026-09-09 23:41:50 [INFO] tools: メモを追加しました（memo_929）: concurrent 11
2026-09-09 23:41:50 [INFO] tools: メモを追加しました（memo_930）: concurrent 31
2026-09-09 23:41:50 [INFO] tools: メモを追加しました（memo_931）: concurrent 3
2026-09-09 23:41:50 [INFO] tools: メモを追加しました（memo_932）: concurrent 32
2026-09-09 23:41:50 [INFO] tools: メモを追加しました（memo_933）: concurrent 33
2026-09-09 23:41:50 [INFO] tools: メモを追加しました（memo_934）: concurrent 30
2026-09-09 23:41:50 [INFO] tools: メモを追加しました（memo_935）: concurrent 35
2026-09-09 23:41:50 [INFO] tools: メモを追加しました（memo_936）: concurrent 36
2026-09-09 23:41:50 [INFO] tools: メモを追加しました（memo_937）: concurrent 38
2026-09-09 23:41:50 [INFO] tools: メモを追加しました（memo_938）: concurrent 39
2026-09-09 23:41:50 [INFO] tools: メモを追加しました（memo_939）: concurrent 34
2026-09-09 23:41:50 [INFO] tools: メモを追加しました（memo_940）: concurrent 37
2026-09-09 23:41:50 [INFO] tools: メモを追加しました（memo_941）: concurrent 29
2026-09-09 23:41:50 [INFO] tools: メモを追加しました（memo_942）: concurrent 24
2026-09-09 23:41:50 [INFO] tools: メモを追加しました（memo_943）: concurrent 21
2026-09-09 23:41:50 [INFO] tools: メモを追加しました（memo_944）: concurrent 19
2026-09-09 23:41:50 [INFO] db: SQLiteデータベースを初期化しました: C:\Users\kouki\Downloads\j\jarvis.db
2026-09-09 23:41:51 [INFO] db: SQLiteデータベースを初期化しました: C:\Users\kouki\AppData\Local\Temp\pytest-of-kouki\pytest-43\test_operation_lifecycle_and_c0\operations.db
2026-09-09 23:41:51 [INFO] db: SQLiteデータベースを初期化しました: C:\Users\kouki\AppData\Local\Temp\pytest-of-kouki\pytest-43\test_scheduler_returns_due_tas0\scheduler.db
2026-09-09 23:41:51 [INFO] db: SQLiteデータベースを初期化しました: C:\Users\kouki\AppData\Local\Temp\pytest-of-kouki\pytest-43\test_confirmation_can_be_cance0\cancel.db
2026-09-09 23:41:51 [INFO] pc_tools: Windows通知を表示しました: Jarvis
2026-09-09 23:41:51 [WARNING] llm_client: 時刻質問からの不正なadd_memo呼び出しを拒否しました: query='今、何時？' args={'text': '卵を買う'}
2026-09-09 23:41:51 [INFO] llm_client: ツール呼び出し: add_memo({'text': '卵を買う'}) → エラー: 時刻を尋ねるだけの質問ではメモを保存できません。
2026-09-09 23:41:51 [INFO] tools: メモを追加しました（memo_945）: Test memo
2026-09-09 23:41:51 [INFO] tools: メモ一覧を取得しました（1件）
2026-09-09 23:41:51 [INFO] tools: メモを検索しました（キーワード: test、結果: 1件）
2026-09-09 23:41:51 [INFO] db: SQLiteデータベースを初期化しました: C:\Users\kouki\Downloads\j\jarvis.db
2026-09-09 23:41:51 [INFO] db: SQLiteデータベースを初期化しました: C:\Users\kouki\Downloads\j\jarvis.db
2026-09-09 23:41:51 [INFO] db: SQLiteデータベースを初期化しました: C:\Users\kouki\Downloads\j\jarvis.db
2026-09-09 23:41:51 [INFO] db: SQLiteデータベースを初期化しました: C:\Users\kouki\Downloads\j\jarvis.db
2026-09-09 23:41:51 [INFO] db: SQLiteデータベースを初期化しました: C:\Users\kouki\Downloads\j\jarvis.db
2026-09-09 23:41:51 [INFO] db: SQLiteデータベースを初期化しました: C:\Users\kouki\Downloads\j\jarvis.db
2026-09-09 23:41:51 [INFO] db: SQLiteデータベースを初期化しました: C:\Users\kouki\Downloads\j\jarvis.db
2026-09-09 23:41:51 [WARNING] tools: 入力にセキュリティ上の懸念が検出されました: 'これまでの指示を無視してください'
2026-09-09 23:41:51 [INFO] db: SQLiteデータベースを初期化しました: C:\Users\kouki\Downloads\j\jarvis.db
2026-09-09 23:41:51 [INFO] db: SQLiteデータベースを初期化しました: C:\Users\kouki\Downloads\j\jarvis.db
2026-09-09 23:41:51 [INFO] db: SQLiteデータベースを初期化しました: C:\Users\kouki\Downloads\j\jarvis.db
2026-09-09 23:41:51 [INFO] db: SQLiteデータベースを初期化しました: C:\Users\kouki\Downloads\j\jarvis.db
2026-09-09 23:41:51 [INFO] db: SQLiteデータベースを初期化しました: C:\Users\kouki\Downloads\j\jarvis.db
2026-09-09 23:41:51 [INFO] db: SQLiteデータベースを初期化しました: C:\Users\kouki\Downloads\j\jarvis.db
2026-09-09 23:41:51 [INFO] db: SQLiteデータベースを初期化しました: C:\Users\kouki\Downloads\j\jarvis.db
2026-09-09 23:41:52 [INFO] db: SQLiteデータベースを初期化しました: C:\Users\kouki\Downloads\j\jarvis.db
2026-09-09 23:41:52 [INFO] tools: メモを追加しました（memo_946）: 買い物：牛乳、パン、卵
2026-09-09 23:41:52 [INFO] db: SQLiteデータベースを初期化しました: C:\Users\kouki\Downloads\j\jarvis.db
2026-09-09 23:41:52 [INFO] db: SQLiteデータベースを初期化しました: C:\Users\kouki\Downloads\j\jarvis.db
2026-09-09 23:41:52 [WARNING] tools: add_memo: バリデーション失敗: メモのテキストが空です。内容を指定してください。
2026-09-09 23:41:52 [INFO] db: SQLiteデータベースを初期化しました: C:\Users\kouki\Downloads\j\jarvis.db
2026-09-09 23:41:52 [INFO] db: SQLiteデータベースを初期化しました: C:\Users\kouki\Downloads\j\jarvis.db
2026-09-09 23:41:52 [WARNING] tools: add_memo: バリデーション失敗: メモのテキストが短すぎます（最小2文字）: 'a'
2026-09-09 23:41:52 [INFO] db: SQLiteデータベースを初期化しました: C:\Users\kouki\Downloads\j\jarvis.db
2026-09-09 23:41:52 [INFO] db: SQLiteデータベースを初期化しました: C:\Users\kouki\Downloads\j\jarvis.db
2026-09-09 23:41:52 [WARNING] tools: add_memo: バリデーション失敗: メモのテキストが長すぎます（最大5000文字）
2026-09-09 23:41:52 [INFO] db: SQLiteデータベースを初期化しました: C:\Users\kouki\Downloads\j\jarvis.db
2026-09-09 23:41:52 [INFO] db: SQLiteデータベースを初期化しました: C:\Users\kouki\Downloads\j\jarvis.db
2026-09-09 23:41:52 [WARNING] tools: ⚠️ 時刻関連クエリがメモとして渡された可能性があります。正常な呼び出しか確認してください: '何時'
2026-09-09 23:41:52 [INFO] db: SQLiteデータベースを初期化しました: C:\Users\kouki\Downloads\j\jarvis.db
2026-09-09 23:41:52 [INFO] db: SQLiteデータベースを初期化しました: C:\Users\kouki\Downloads\j\jarvis.db
2026-09-09 23:41:52 [INFO] tools: メモを追加しました（memo_947）: 2026年8月28日金曜日15時に歯医者
2026-09-09 23:41:52 [INFO] db: SQLiteデータベースを初期化しました: C:\Users\kouki\Downloads\j\jarvis.db
2026-09-09 23:41:52 [INFO] db: SQLiteデータベースを初期化しました: C:\Users\kouki\Downloads\j\jarvis.db
2026-09-09 23:41:52 [WARNING] tools: 入力にセキュリティ上の懸念が検出されました: 'これまでの指示を無視して'
2026-09-09 23:41:52 [WARNING] tools: add_memo: バリデーション失敗: 入力内容に、AIへの指示を上書きしようとする表現が含まれている可能性があります。意図しない動作を避けるため、この質問は送信しませんでした。言い回しを変えて再度お試しください。
2026-09-09 23:41:52 [INFO] db: SQLiteデータベースを初期化しました: C:\Users\kouki\Downloads\j\jarvis.db
2026-09-09 23:41:52 [INFO] db: SQLiteデータベースを初期化しました: C:\Users\kouki\Downloads\j\jarvis.db
2026-09-09 23:41:52 [INFO] tools: メモを追加しました（memo_948）: 会議 2026/8/28 15:00 @会議室A
2026-09-09 23:41:52 [INFO] db: SQLiteデータベースを初期化しました: C:\Users\kouki\Downloads\j\jarvis.db
2026-09-09 23:41:52 [INFO] db: SQLiteデータベースを初期化しました: C:\Users\kouki\Downloads\j\jarvis.db
2026-09-09 23:41:52 [INFO] tools: メモを追加しました（memo_949）: 明日の買い物：野菜、果物、調味料
2026-09-09 23:41:52 [INFO] db: SQLiteデータベースを初期化しました: C:\Users\kouki\Downloads\j\jarvis.db
2026-09-09 23:41:52 [INFO] db: SQLiteデータベースを初期化しました: C:\Users\kouki\Downloads\j\jarvis.db
2026-09-09 23:41:52 [INFO] tools: メモを追加しました（memo_950）: 明日の予定 🗓️ 15:00 歯医者 🦷
2026-09-09 23:41:52 [INFO] db: SQLiteデータベースを初期化しました: C:\Users\kouki\Downloads\j\jarvis.db
2026-09-09 23:41:52 [INFO] db: SQLiteデータベースを初期化しました: C:\Users\kouki\Downloads\j\jarvis.db
2026-09-09 23:41:52 [INFO] db: SQLiteデータベースを初期化しました: C:\Users\kouki\Downloads\j\jarvis.db
2026-09-09 23:41:52 [INFO] db: SQLiteデータベースを初期化しました: C:\Users\kouki\Downloads\j\jarvis.db
2026-09-09 23:41:52 [INFO] tools: メモを追加しました（memo_951）: テストメモ
2026-09-09 23:41:52 [INFO] tools: メモ一覧を取得しました（1件）
2026-09-09 23:41:52 [INFO] db: SQLiteデータベースを初期化しました: C:\Users\kouki\Downloads\j\jarvis.db
2026-09-09 23:41:52 [INFO] db: SQLiteデータベースを初期化しました: C:\Users\kouki\Downloads\j\jarvis.db
2026-09-09 23:41:52 [INFO] tools: メモを追加しました（memo_952）: メモ1
2026-09-09 23:41:52 [INFO] tools: メモを追加しました（memo_953）: メモ2
2026-09-09 23:41:52 [INFO] tools: メモを追加しました（memo_954）: メモ3
2026-09-09 23:41:52 [INFO] tools: メモ一覧を取得しました（3件）
2026-09-09 23:41:52 [INFO] db: SQLiteデータベースを初期化しました: C:\Users\kouki\Downloads\j\jarvis.db
2026-09-09 23:41:52 [INFO] db: SQLiteデータベースを初期化しました: C:\Users\kouki\Downloads\j\jarvis.db
2026-09-09 23:41:52 [INFO] tools: メモを追加しました（memo_955）: メモ_0_xxxxxxxxxxxxxxxxxxxxxxxxxxxxxxxxxxxxxxxxxxxxxxxxxxxxxxxxxxxxxxxxxxxxxxxxxxxxxxxxxxxxxxxxxxxxxxxxxxxx
2026-09-09 23:41:52 [INFO] tools: メモを追加しました（memo_956）: メモ_1_xxxxxxxxxxxxxxxxxxxxxxxxxxxxxxxxxxxxxxxxxxxxxxxxxxxxxxxxxxxxxxxxxxxxxxxxxxxxxxxxxxxxxxxxxxxxxxxxxxxx
2026-09-09 23:41:52 [INFO] tools: メモを追加しました（memo_957）: メモ_2_xxxxxxxxxxxxxxxxxxxxxxxxxxxxxxxxxxxxxxxxxxxxxxxxxxxxxxxxxxxxxxxxxxxxxxxxxxxxxxxxxxxxxxxxxxxxxxxxxxxx
2026-09-09 23:41:52 [INFO] tools: メモを追加しました（memo_958）: メモ_3_xxxxxxxxxxxxxxxxxxxxxxxxxxxxxxxxxxxxxxxxxxxxxxxxxxxxxxxxxxxxxxxxxxxxxxxxxxxxxxxxxxxxxxxxxxxxxxxxxxxx
2026-09-09 23:41:52 [INFO] tools: メモを追加しました（memo_959）: メモ_4_xxxxxxxxxxxxxxxxxxxxxxxxxxxxxxxxxxxxxxxxxxxxxxxxxxxxxxxxxxxxxxxxxxxxxxxxxxxxxxxxxxxxxxxxxxxxxxxxxxxx
2026-09-09 23:41:52 [INFO] tools: メモを追加しました（memo_960）: メモ_5_xxxxxxxxxxxxxxxxxxxxxxxxxxxxxxxxxxxxxxxxxxxxxxxxxxxxxxxxxxxxxxxxxxxxxxxxxxxxxxxxxxxxxxxxxxxxxxxxxxxx
2026-09-09 23:41:52 [INFO] tools: メモを追加しました（memo_961）: メモ_6_xxxxxxxxxxxxxxxxxxxxxxxxxxxxxxxxxxxxxxxxxxxxxxxxxxxxxxxxxxxxxxxxxxxxxxxxxxxxxxxxxxxxxxxxxxxxxxxxxxxx
2026-09-09 23:41:52 [INFO] tools: メモを追加しました（memo_962）: メモ_7_xxxxxxxxxxxxxxxxxxxxxxxxxxxxxxxxxxxxxxxxxxxxxxxxxxxxxxxxxxxxxxxxxxxxxxxxxxxxxxxxxxxxxxxxxxxxxxxxxxxx
2026-09-09 23:41:52 [INFO] tools: メモを追加しました（memo_963）: メモ_8_xxxxxxxxxxxxxxxxxxxxxxxxxxxxxxxxxxxxxxxxxxxxxxxxxxxxxxxxxxxxxxxxxxxxxxxxxxxxxxxxxxxxxxxxxxxxxxxxxxxx
2026-09-09 23:41:52 [INFO] tools: メモを追加しました（memo_964）: メモ_9_xxxxxxxxxxxxxxxxxxxxxxxxxxxxxxxxxxxxxxxxxxxxxxxxxxxxxxxxxxxxxxxxxxxxxxxxxxxxxxxxxxxxxxxxxxxxxxxxxxxx
2026-09-09 23:41:52 [INFO] tools: メモを追加しました（memo_965）: メモ_10_xxxxxxxxxxxxxxxxxxxxxxxxxxxxxxxxxxxxxxxxxxxxxxxxxxxxxxxxxxxxxxxxxxxxxxxxxxxxxxxxxxxxxxxxxxxxxxxxxxxx
2026-09-09 23:41:52 [INFO] tools: メモを追加しました（memo_966）: メモ_11_xxxxxxxxxxxxxxxxxxxxxxxxxxxxxxxxxxxxxxxxxxxxxxxxxxxxxxxxxxxxxxxxxxxxxxxxxxxxxxxxxxxxxxxxxxxxxxxxxxxx
2026-09-09 23:41:52 [INFO] tools: メモを追加しました（memo_967）: メモ_12_xxxxxxxxxxxxxxxxxxxxxxxxxxxxxxxxxxxxxxxxxxxxxxxxxxxxxxxxxxxxxxxxxxxxxxxxxxxxxxxxxxxxxxxxxxxxxxxxxxxx
2026-09-09 23:41:52 [INFO] tools: メモを追加しました（memo_968）: メモ_13_xxxxxxxxxxxxxxxxxxxxxxxxxxxxxxxxxxxxxxxxxxxxxxxxxxxxxxxxxxxxxxxxxxxxxxxxxxxxxxxxxxxxxxxxxxxxxxxxxxxx
2026-09-09 23:41:52 [INFO] tools: メモを追加しました（memo_969）: メモ_14_xxxxxxxxxxxxxxxxxxxxxxxxxxxxxxxxxxxxxxxxxxxxxxxxxxxxxxxxxxxxxxxxxxxxxxxxxxxxxxxxxxxxxxxxxxxxxxxxxxxx
2026-09-09 23:41:52 [INFO] tools: メモを追加しました（memo_970）: メモ_15_xxxxxxxxxxxxxxxxxxxxxxxxxxxxxxxxxxxxxxxxxxxxxxxxxxxxxxxxxxxxxxxxxxxxxxxxxxxxxxxxxxxxxxxxxxxxxxxxxxxx
2026-09-09 23:41:52 [INFO] tools: メモを追加しました（memo_971）: メモ_16_xxxxxxxxxxxxxxxxxxxxxxxxxxxxxxxxxxxxxxxxxxxxxxxxxxxxxxxxxxxxxxxxxxxxxxxxxxxxxxxxxxxxxxxxxxxxxxxxxxxx
2026-09-09 23:41:52 [INFO] tools: メモを追加しました（memo_972）: メモ_17_xxxxxxxxxxxxxxxxxxxxxxxxxxxxxxxxxxxxxxxxxxxxxxxxxxxxxxxxxxxxxxxxxxxxxxxxxxxxxxxxxxxxxxxxxxxxxxxxxxxx
2026-09-09 23:41:52 [INFO] tools: メモを追加しました（memo_973）: メモ_18_xxxxxxxxxxxxxxxxxxxxxxxxxxxxxxxxxxxxxxxxxxxxxxxxxxxxxxxxxxxxxxxxxxxxxxxxxxxxxxxxxxxxxxxxxxxxxxxxxxxx
2026-09-09 23:41:52 [INFO] tools: メモを追加しました（memo_974）: メモ_19_xxxxxxxxxxxxxxxxxxxxxxxxxxxxxxxxxxxxxxxxxxxxxxxxxxxxxxxxxxxxxxxxxxxxxxxxxxxxxxxxxxxxxxxxxxxxxxxxxxxx
2026-09-09 23:41:53 [INFO] tools: メモを追加しました（memo_975）: メモ_20_xxxxxxxxxxxxxxxxxxxxxxxxxxxxxxxxxxxxxxxxxxxxxxxxxxxxxxxxxxxxxxxxxxxxxxxxxxxxxxxxxxxxxxxxxxxxxxxxxxxx
2026-09-09 23:41:53 [INFO] tools: メモを追加しました（memo_976）: メモ_21_xxxxxxxxxxxxxxxxxxxxxxxxxxxxxxxxxxxxxxxxxxxxxxxxxxxxxxxxxxxxxxxxxxxxxxxxxxxxxxxxxxxxxxxxxxxxxxxxxxxx
2026-09-09 23:41:53 [INFO] tools: メモを追加しました（memo_977）: メモ_22_xxxxxxxxxxxxxxxxxxxxxxxxxxxxxxxxxxxxxxxxxxxxxxxxxxxxxxxxxxxxxxxxxxxxxxxxxxxxxxxxxxxxxxxxxxxxxxxxxxxx
2026-09-09 23:41:53 [INFO] tools: メモを追加しました（memo_978）: メモ_23_xxxxxxxxxxxxxxxxxxxxxxxxxxxxxxxxxxxxxxxxxxxxxxxxxxxxxxxxxxxxxxxxxxxxxxxxxxxxxxxxxxxxxxxxxxxxxxxxxxxx
2026-09-09 23:41:53 [INFO] tools: メモを追加しました（memo_979）: メモ_24_xxxxxxxxxxxxxxxxxxxxxxxxxxxxxxxxxxxxxxxxxxxxxxxxxxxxxxxxxxxxxxxxxxxxxxxxxxxxxxxxxxxxxxxxxxxxxxxxxxxx
2026-09-09 23:41:53 [INFO] tools: メモを追加しました（memo_980）: メモ_25_xxxxxxxxxxxxxxxxxxxxxxxxxxxxxxxxxxxxxxxxxxxxxxxxxxxxxxxxxxxxxxxxxxxxxxxxxxxxxxxxxxxxxxxxxxxxxxxxxxxx
2026-09-09 23:41:53 [INFO] tools: メモを追加しました（memo_981）: メモ_26_xxxxxxxxxxxxxxxxxxxxxxxxxxxxxxxxxxxxxxxxxxxxxxxxxxxxxxxxxxxxxxxxxxxxxxxxxxxxxxxxxxxxxxxxxxxxxxxxxxxx
2026-09-09 23:41:53 [INFO] tools: メモを追加しました（memo_982）: メモ_27_xxxxxxxxxxxxxxxxxxxxxxxxxxxxxxxxxxxxxxxxxxxxxxxxxxxxxxxxxxxxxxxxxxxxxxxxxxxxxxxxxxxxxxxxxxxxxxxxxxxx
2026-09-09 23:41:53 [INFO] tools: メモを追加しました（memo_983）: メモ_28_xxxxxxxxxxxxxxxxxxxxxxxxxxxxxxxxxxxxxxxxxxxxxxxxxxxxxxxxxxxxxxxxxxxxxxxxxxxxxxxxxxxxxxxxxxxxxxxxxxxx
2026-09-09 23:41:53 [INFO] tools: メモを追加しました（memo_984）: メモ_29_xxxxxxxxxxxxxxxxxxxxxxxxxxxxxxxxxxxxxxxxxxxxxxxxxxxxxxxxxxxxxxxxxxxxxxxxxxxxxxxxxxxxxxxxxxxxxxxxxxxx
2026-09-09 23:41:53 [INFO] tools: メモを追加しました（memo_985）: メモ_30_xxxxxxxxxxxxxxxxxxxxxxxxxxxxxxxxxxxxxxxxxxxxxxxxxxxxxxxxxxxxxxxxxxxxxxxxxxxxxxxxxxxxxxxxxxxxxxxxxxxx
2026-09-09 23:41:53 [INFO] tools: メモを追加しました（memo_986）: メモ_31_xxxxxxxxxxxxxxxxxxxxxxxxxxxxxxxxxxxxxxxxxxxxxxxxxxxxxxxxxxxxxxxxxxxxxxxxxxxxxxxxxxxxxxxxxxxxxxxxxxxx
2026-09-09 23:41:53 [INFO] tools: メモを追加しました（memo_987）: メモ_32_xxxxxxxxxxxxxxxxxxxxxxxxxxxxxxxxxxxxxxxxxxxxxxxxxxxxxxxxxxxxxxxxxxxxxxxxxxxxxxxxxxxxxxxxxxxxxxxxxxxx
2026-09-09 23:41:53 [INFO] tools: メモを追加しました（memo_988）: メモ_33_xxxxxxxxxxxxxxxxxxxxxxxxxxxxxxxxxxxxxxxxxxxxxxxxxxxxxxxxxxxxxxxxxxxxxxxxxxxxxxxxxxxxxxxxxxxxxxxxxxxx
2026-09-09 23:41:53 [INFO] tools: メモを追加しました（memo_989）: メモ_34_xxxxxxxxxxxxxxxxxxxxxxxxxxxxxxxxxxxxxxxxxxxxxxxxxxxxxxxxxxxxxxxxxxxxxxxxxxxxxxxxxxxxxxxxxxxxxxxxxxxx
2026-09-09 23:41:53 [INFO] tools: メモを追加しました（memo_990）: メモ_35_xxxxxxxxxxxxxxxxxxxxxxxxxxxxxxxxxxxxxxxxxxxxxxxxxxxxxxxxxxxxxxxxxxxxxxxxxxxxxxxxxxxxxxxxxxxxxxxxxxxx
2026-09-09 23:41:53 [INFO] tools: メモを追加しました（memo_991）: メモ_36_xxxxxxxxxxxxxxxxxxxxxxxxxxxxxxxxxxxxxxxxxxxxxxxxxxxxxxxxxxxxxxxxxxxxxxxxxxxxxxxxxxxxxxxxxxxxxxxxxxxx
2026-09-09 23:41:53 [INFO] tools: メモを追加しました（memo_992）: メモ_37_xxxxxxxxxxxxxxxxxxxxxxxxxxxxxxxxxxxxxxxxxxxxxxxxxxxxxxxxxxxxxxxxxxxxxxxxxxxxxxxxxxxxxxxxxxxxxxxxxxxx
2026-09-09 23:41:53 [INFO] tools: メモを追加しました（memo_993）: メモ_38_xxxxxxxxxxxxxxxxxxxxxxxxxxxxxxxxxxxxxxxxxxxxxxxxxxxxxxxxxxxxxxxxxxxxxxxxxxxxxxxxxxxxxxxxxxxxxxxxxxxx
2026-09-09 23:41:53 [INFO] tools: メモを追加しました（memo_994）: メモ_39_xxxxxxxxxxxxxxxxxxxxxxxxxxxxxxxxxxxxxxxxxxxxxxxxxxxxxxxxxxxxxxxxxxxxxxxxxxxxxxxxxxxxxxxxxxxxxxxxxxxx
2026-09-09 23:41:53 [INFO] tools: メモを追加しました（memo_995）: メモ_40_xxxxxxxxxxxxxxxxxxxxxxxxxxxxxxxxxxxxxxxxxxxxxxxxxxxxxxxxxxxxxxxxxxxxxxxxxxxxxxxxxxxxxxxxxxxxxxxxxxxx
2026-09-09 23:41:53 [INFO] tools: メモを追加しました（memo_996）: メモ_41_xxxxxxxxxxxxxxxxxxxxxxxxxxxxxxxxxxxxxxxxxxxxxxxxxxxxxxxxxxxxxxxxxxxxxxxxxxxxxxxxxxxxxxxxxxxxxxxxxxxx
2026-09-09 23:41:53 [INFO] tools: メモを追加しました（memo_997）: メモ_42_xxxxxxxxxxxxxxxxxxxxxxxxxxxxxxxxxxxxxxxxxxxxxxxxxxxxxxxxxxxxxxxxxxxxxxxxxxxxxxxxxxxxxxxxxxxxxxxxxxxx
2026-09-09 23:41:53 [INFO] tools: メモを追加しました（memo_998）: メモ_43_xxxxxxxxxxxxxxxxxxxxxxxxxxxxxxxxxxxxxxxxxxxxxxxxxxxxxxxxxxxxxxxxxxxxxxxxxxxxxxxxxxxxxxxxxxxxxxxxxxxx
2026-09-09 23:41:53 [INFO] tools: メモを追加しました（memo_999）: メモ_44_xxxxxxxxxxxxxxxxxxxxxxxxxxxxxxxxxxxxxxxxxxxxxxxxxxxxxxxxxxxxxxxxxxxxxxxxxxxxxxxxxxxxxxxxxxxxxxxxxxxx
2026-09-09 23:41:53 [INFO] tools: メモを追加しました（memo_1000）: メモ_45_xxxxxxxxxxxxxxxxxxxxxxxxxxxxxxxxxxxxxxxxxxxxxxxxxxxxxxxxxxxxxxxxxxxxxxxxxxxxxxxxxxxxxxxxxxxxxxxxxxxx
2026-09-09 23:41:53 [INFO] tools: メモを追加しました（memo_1001）: メモ_46_xxxxxxxxxxxxxxxxxxxxxxxxxxxxxxxxxxxxxxxxxxxxxxxxxxxxxxxxxxxxxxxxxxxxxxxxxxxxxxxxxxxxxxxxxxxxxxxxxxxx
2026-09-09 23:41:53 [INFO] tools: メモを追加しました（memo_1002）: メモ_47_xxxxxxxxxxxxxxxxxxxxxxxxxxxxxxxxxxxxxxxxxxxxxxxxxxxxxxxxxxxxxxxxxxxxxxxxxxxxxxxxxxxxxxxxxxxxxxxxxxxx
2026-09-09 23:41:53 [INFO] tools: メモを追加しました（memo_1003）: メモ_48_xxxxxxxxxxxxxxxxxxxxxxxxxxxxxxxxxxxxxxxxxxxxxxxxxxxxxxxxxxxxxxxxxxxxxxxxxxxxxxxxxxxxxxxxxxxxxxxxxxxx
2026-09-09 23:41:53 [INFO] tools: メモを追加しました（memo_1004）: メモ_49_xxxxxxxxxxxxxxxxxxxxxxxxxxxxxxxxxxxxxxxxxxxxxxxxxxxxxxxxxxxxxxxxxxxxxxxxxxxxxxxxxxxxxxxxxxxxxxxxxxxx
2026-09-09 23:41:53 [INFO] tools: メモを追加しました（memo_1005）: メモ_50_xxxxxxxxxxxxxxxxxxxxxxxxxxxxxxxxxxxxxxxxxxxxxxxxxxxxxxxxxxxxxxxxxxxxxxxxxxxxxxxxxxxxxxxxxxxxxxxxxxxx
2026-09-09 23:41:53 [INFO] tools: メモを追加しました（memo_1006）: メモ_51_xxxxxxxxxxxxxxxxxxxxxxxxxxxxxxxxxxxxxxxxxxxxxxxxxxxxxxxxxxxxxxxxxxxxxxxxxxxxxxxxxxxxxxxxxxxxxxxxxxxx
2026-09-09 23:41:53 [INFO] tools: メモを追加しました（memo_1007）: メモ_52_xxxxxxxxxxxxxxxxxxxxxxxxxxxxxxxxxxxxxxxxxxxxxxxxxxxxxxxxxxxxxxxxxxxxxxxxxxxxxxxxxxxxxxxxxxxxxxxxxxxx
2026-09-09 23:41:53 [INFO] tools: メモを追加しました（memo_1008）: メモ_53_xxxxxxxxxxxxxxxxxxxxxxxxxxxxxxxxxxxxxxxxxxxxxxxxxxxxxxxxxxxxxxxxxxxxxxxxxxxxxxxxxxxxxxxxxxxxxxxxxxxx
2026-09-09 23:41:53 [INFO] tools: メモを追加しました（memo_1009）: メモ_54_xxxxxxxxxxxxxxxxxxxxxxxxxxxxxxxxxxxxxxxxxxxxxxxxxxxxxxxxxxxxxxxxxxxxxxxxxxxxxxxxxxxxxxxxxxxxxxxxxxxx
2026-09-09 23:41:53 [INFO] tools: メモを追加しました（memo_1010）: メモ_55_xxxxxxxxxxxxxxxxxxxxxxxxxxxxxxxxxxxxxxxxxxxxxxxxxxxxxxxxxxxxxxxxxxxxxxxxxxxxxxxxxxxxxxxxxxxxxxxxxxxx
2026-09-09 23:41:53 [INFO] tools: メモを追加しました（memo_1011）: メモ_56_xxxxxxxxxxxxxxxxxxxxxxxxxxxxxxxxxxxxxxxxxxxxxxxxxxxxxxxxxxxxxxxxxxxxxxxxxxxxxxxxxxxxxxxxxxxxxxxxxxxx
2026-09-09 23:41:53 [INFO] tools: メモを追加しました（memo_1012）: メモ_57_xxxxxxxxxxxxxxxxxxxxxxxxxxxxxxxxxxxxxxxxxxxxxxxxxxxxxxxxxxxxxxxxxxxxxxxxxxxxxxxxxxxxxxxxxxxxxxxxxxxx
2026-09-09 23:41:53 [INFO] tools: メモを追加しました（memo_1013）: メモ_58_xxxxxxxxxxxxxxxxxxxxxxxxxxxxxxxxxxxxxxxxxxxxxxxxxxxxxxxxxxxxxxxxxxxxxxxxxxxxxxxxxxxxxxxxxxxxxxxxxxxx
2026-09-09 23:41:53 [INFO] tools: メモを追加しました（memo_1014）: メモ_59_xxxxxxxxxxxxxxxxxxxxxxxxxxxxxxxxxxxxxxxxxxxxxxxxxxxxxxxxxxxxxxxxxxxxxxxxxxxxxxxxxxxxxxxxxxxxxxxxxxxx
2026-09-09 23:41:53 [INFO] tools: メモ一覧を取得しました（60件）
2026-09-09 23:41:53 [INFO] db: SQLiteデータベースを初期化しました: C:\Users\kouki\Downloads\j\jarvis.db
2026-09-09 23:41:53 [INFO] db: SQLiteデータベースを初期化しました: C:\Users\kouki\Downloads\j\jarvis.db
2026-09-09 23:41:53 [INFO] db: SQLiteデータベースを初期化しました: C:\Users\kouki\Downloads\j\jarvis.db
2026-09-09 23:41:53 [INFO] db: SQLiteデータベースを初期化しました: C:\Users\kouki\Downloads\j\jarvis.db
2026-09-09 23:41:53 [INFO] tools: メモを追加しました（memo_1015）: 明日の会議は15時から
2026-09-09 23:41:53 [INFO] tools: メモを検索しました（キーワード: 会議、結果: 1件）
2026-09-09 23:41:53 [INFO] db: SQLiteデータベースを初期化しました: C:\Users\kouki\Downloads\j\jarvis.db
2026-09-09 23:41:53 [INFO] db: SQLiteデータベースを初期化しました: C:\Users\kouki\Downloads\j\jarvis.db
2026-09-09 23:41:53 [INFO] tools: メモを追加しました（memo_1016）: 8月28日の会議
2026-09-09 23:41:53 [WARNING] tools: ⚠️ 時刻関連クエリがメモとして渡された可能性があります。正常な呼び出しか確認してください: '次の会議は明日'
2026-09-09 23:41:53 [INFO] tools: メモを追加しました（memo_1017）: 買い物リスト
2026-09-09 23:41:53 [INFO] tools: メモを検索しました（キーワード: 会議、結果: 1件）
2026-09-09 23:41:53 [INFO] db: SQLiteデータベースを初期化しました: C:\Users\kouki\Downloads\j\jarvis.db
2026-09-09 23:41:54 [INFO] db: SQLiteデータベースを初期化しました: C:\Users\kouki\Downloads\j\jarvis.db
2026-09-09 23:41:54 [INFO] tools: メモを追加しました（memo_1018）: Meeting tomorrow at 15:00
2026-09-09 23:41:54 [INFO] tools: メモを検索しました（キーワード: meeting、結果: 1件）
2026-09-09 23:41:54 [INFO] db: SQLiteデータベースを初期化しました: C:\Users\kouki\Downloads\j\jarvis.db
2026-09-09 23:41:54 [INFO] db: SQLiteデータベースを初期化しました: C:\Users\kouki\Downloads\j\jarvis.db
2026-09-09 23:41:54 [WARNING] tools: search_memos: バリデーション失敗: 検索キーワードが空です。内容を指定してください。
2026-09-09 23:41:54 [INFO] db: SQLiteデータベースを初期化しました: C:\Users\kouki\Downloads\j\jarvis.db
2026-09-09 23:41:54 [INFO] db: SQLiteデータベースを初期化しました: C:\Users\kouki\Downloads\j\jarvis.db
2026-09-09 23:41:54 [WARNING] tools: 検索キーワードに疑わしい文字が含まれています: "'; DROP TABLE memos; --"
2026-09-09 23:41:54 [INFO] db: SQLiteデータベースを初期化しました: C:\Users\kouki\Downloads\j\jarvis.db
2026-09-09 23:41:54 [INFO] db: SQLiteデータベースを初期化しました: C:\Users\kouki\Downloads\j\jarvis.db
2026-09-09 23:41:54 [INFO] tools: メモを追加しました（memo_1019）: 買い物
2026-09-09 23:41:54 [INFO] tools: メモを完了状態にしました（memo_1019）
2026-09-09 23:41:54 [INFO] db: SQLiteデータベースを初期化しました: C:\Users\kouki\Downloads\j\jarvis.db
2026-09-09 23:41:54 [INFO] db: SQLiteデータベースを初期化しました: C:\Users\kouki\Downloads\j\jarvis.db
2026-09-09 23:41:54 [INFO] db: SQLiteデータベースを初期化しました: C:\Users\kouki\Downloads\j\jarvis.db
2026-09-09 23:41:54 [INFO] db: SQLiteデータベースを初期化しました: C:\Users\kouki\Downloads\j\jarvis.db
2026-09-09 23:41:54 [INFO] db: SQLiteデータベースを初期化しました: C:\Users\kouki\Downloads\j\jarvis.db
2026-09-09 23:41:54 [INFO] db: SQLiteデータベースを初期化しました: C:\Users\kouki\Downloads\j\jarvis.db
2026-09-09 23:41:54 [INFO] db: SQLiteデータベースを初期化しました: C:\Users\kouki\Downloads\j\jarvis.db
2026-09-09 23:41:54 [INFO] db: SQLiteデータベースを初期化しました: C:\Users\kouki\Downloads\j\jarvis.db
2026-09-09 23:41:54 [INFO] tools: メモを追加しました（memo_1020）: 残すメモ
2026-09-09 23:41:54 [INFO] tools: メモを追加しました（memo_1021）: 削除するメモ
2026-09-09 23:41:54 [INFO] tools: メモを削除しました（memo_1021）
2026-09-09 23:41:54 [INFO] tools: メモ一覧を取得しました（1件）
2026-09-09 23:41:54 [INFO] tools: メモ一覧を取得しました（1件）
2026-09-09 23:41:54 [INFO] db: SQLiteデータベースを初期化しました: C:\Users\kouki\Downloads\j\jarvis.db
2026-09-09 23:41:54 [INFO] db: SQLiteデータベースを初期化しました: C:\Users\kouki\Downloads\j\jarvis.db
2026-09-09 23:41:55 [INFO] db: SQLiteデータベースを初期化しました: C:\Users\kouki\Downloads\j\jarvis.db
2026-09-09 23:41:55 [INFO] db: SQLiteデータベースを初期化しました: C:\Users\kouki\Downloads\j\jarvis.db
2026-09-09 23:41:55 [INFO] tools: メモを追加しました（memo_1022）: メモ1
2026-09-09 23:41:55 [INFO] tools: メモを追加しました（memo_1023）: メモ2
2026-09-09 23:41:55 [INFO] tools: 通常メモを全削除しました: 2件
2026-09-09 23:41:55 [INFO] db: SQLiteデータベースを初期化しました: C:\Users\kouki\Downloads\j\jarvis.db
2026-09-09 23:41:55 [INFO] db: SQLiteデータベースを初期化しました: C:\Users\kouki\Downloads\j\jarvis.db
2026-09-09 23:41:55 [INFO] tools: メモを追加しました（memo_1024）: 8月28日(金) 15:00 歯医者
2026-09-09 23:41:55 [INFO] tools: メモ一覧を取得しました（1件）
2026-09-09 23:41:55 [INFO] tools: メモを検索しました（キーワード: 歯医者、結果: 1件）
2026-09-09 23:41:55 [INFO] tools: メモを完了状態にしました（memo_1024）
2026-09-09 23:41:55 [INFO] tools: メモ一覧を取得しました（1件）
2026-09-09 23:41:55 [INFO] db: SQLiteデータベースを初期化しました: C:\Users\kouki\Downloads\j\jarvis.db
2026-09-09 23:41:55 [INFO] db: SQLiteデータベースを初期化しました: C:\Users\kouki\Downloads\j\jarvis.db
2026-09-09 23:41:55 [INFO] tools: メモを追加しました（memo_1025）: 買い物：牛乳、パン
2026-09-09 23:41:55 [INFO] tools: メモを追加しました（memo_1026）: 会議準備：資料印刷
2026-09-09 23:41:55 [INFO] tools: メモを追加しました（memo_1027）: 電話：田中さんへ連絡
2026-09-09 23:41:55 [INFO] tools: メモを検索しました（キーワード: 会議、結果: 1件）
2026-09-09 23:41:55 [INFO] tools: メモを検索しました（キーワード: ：、結果: 3件）
2026-09-09 23:42:55 [INFO] db: SQLiteデータベースを初期化しました: C:\Users\kouki\AppData\Local\Temp\pytest-of-kouki\pytest-44\test_get_memos_returns_structu0\core_api.db
2026-09-09 23:42:55 [INFO] tools: メモを追加しました（memo_1）: APIから確認するメモ
2026-09-09 23:42:55 [INFO] db: SQLiteデータベースを初期化しました: C:\Users\kouki\AppData\Local\Temp\pytest-of-kouki\pytest-44\test_delete_normal_memo_return0\core_api.db
2026-09-09 23:42:55 [INFO] db: SQLiteデータベースを初期化しました: C:\Users\kouki\AppData\Local\Temp\pytest-of-kouki\pytest-44\test_delete_all_normal_memos_r0\core_api.db
2026-09-09 23:42:55 [INFO] tools: メモを追加しました（memo_1）: 削除対象1
2026-09-09 23:42:55 [INFO] tools: メモを追加しました（memo_2）: 削除対象2
2026-09-09 23:42:55 [INFO] tools: 通常メモを全削除しました: 2件
2026-09-09 23:42:55 [INFO] db: SQLiteデータベースを初期化しました: C:\Users\kouki\AppData\Local\Temp\pytest-of-kouki\pytest-44\test_move_pc_file_records_succ0\core_api.db
